full_name,specialty,city,district,address,phone_fixe,phone_mobile,whatsapp,lat,lng,license_no,consultation_fee,languages,insurances,hours,source_name,source
Dr Nabila Aadil,generalist,Casablanca,,"☆ ☆ ☆ ☆ ☆ (0 avis) <div class=""result-search-item-n",,,,,,,,,,,Aadil Nabila,telecontact.ma
Dr Mohammed Aatik,generalist,Casablanca,,"☆ ☆ ☆ ☆ ☆ (0 avis) <div class=""result-search",,,,,,,,,,,Aatik Mohammed,telecontact.ma
Dr Mohamed Abbour,generalist,Casablanca,,"☆ ☆ ☆ ☆ ☆ (0 avis) <div class=""result-search",,,,,,,,,,,Abbour Mohamed,telecontact.ma
Dr Naïma Abdalass,generalist,Casablanca,,"☆ ☆ ☆ ☆ ☆ (0 avis) <div class=""result-search",,,,,,,,,,,Abdalass Naïma,telecontact.ma
Dr Mostafa Abdelaoui,generalist,Casablanca,,"☆ ☆ ☆ ☆ ☆ (0 avis) <div class=""resul",,,,,,,,,,,Abdelaoui Mostafa,telecontact.ma
Dr Moutabarik Abdelatif,generalist,Casablanca,,☆ ☆ ☆ ☆ ☆ (0 avis) <div cla,,,,,,,,,,,Abdelatif Moutabarik,telecontact.ma
Dr Imane Abdellah Zabin,generalist,Casablanca,,☆ ☆ ☆ ☆ ☆ (0 avis) <div cla,,,,,,,,,,,Abdellah Zabin Imane,telecontact.ma
Dr Iman Abdeâal Mohamed,generalist,Casablanca,,☆ ☆ ☆ ☆ ☆ (0 avis) <div cla,,,,,,,,,,,Abdeâal Mohamed Iman,telecontact.ma
Dr Abdelfettah Abdou,generalist,Casablanca,,"☆ ☆ ☆ ☆ ☆ (0 avis) <div class=""resul",,,,,,,,,,,Abdou Abdelfettah,telecontact.ma
Dr Elhassane Abouakil,generalist,Casablanca,,"☆ ☆ ☆ ☆ ☆ (0 avis) <div class=""re",,,,,,,,,,,Abouakil Elhassane,telecontact.ma
Dr Fadwa Abouchamala,generalist,Casablanca,,"☆ ☆ ☆ ☆ ☆ (0 avis) <div class=""resul",,,,,,,,,,,Abouchamala Fadwa,telecontact.ma
Dr Latifa Aboujida,generalist,Casablanca,,"☆ ☆ ☆ ☆ ☆ (0 avis) <div class=""result-sear",,,,,,,,,,,Aboujida Latifa,telecontact.ma
Dr Fatima Aboulahjoul Idrissi,generalist,Casablanca,,☆ ☆ ☆ ☆ ☆ (0 avis) <,,,,,,,,,,,Aboulahjoul Idrissi Fatima,telecontact.ma
Dr Nissrine Affane,generalist,Dar Bouazza,Dar Bouazza,"☆ ☆ ☆ ☆ ☆ (0 avis) <div class=""result-se",,,,,,,,,,,Affane Nissrine,telecontact.ma
Dr Abdelkrim Ansar,generalist,Dar Bouazza,Dar Bouazza,"☆ ☆ ☆ ☆ ☆ (0 avis) <div class=""result-se",,,,,,,,,,,Ansar Abdelkrim,telecontact.ma
Dr Hamza Benjabbour,generalist,Dar Bouazza,Dar Bouazza,"☆ ☆ ☆ ☆ ☆ (0 avis) <div class=""result",,,,,,,,,,,Benjabbour Hamza,telecontact.ma
Dr Abdelaziz Dehbi,generalist,Dar Bouazza,Dar Bouazza,"☆ ☆ ☆ ☆ ☆ (0 avis) <div class=""result-se",,,,,,,,,,,Dehbi Abdelaziz,telecontact.ma
Dr Nora Elbali,generalist,Dar Bouazza,Dar Bouazza,"☆ ☆ ☆ ☆ ☆ (0 avis) <div class=""result-search-item-no",,,,,,,,,,,Elbali Nora,telecontact.ma
Dr Houda Essarraj,generalist,Dar Bouazza,Dar Bouazza,"☆ ☆ ☆ ☆ ☆ (0 avis) <div class=""result-searc",,,,,,,,,,,Essarraj Houda,telecontact.ma
Dr Sanaa Lamrani,generalist,Dar Bouazza,Dar Bouazza,"☆ ☆ ☆ ☆ ☆ (0 avis) <div class=""result-search-i",,,,,,,,,,,Lamrani Sanaa,telecontact.ma
Dr Abdeladim M'haidra,generalist,Dar Bouazza,Dar Bouazza,"☆ ☆ ☆ ☆ ☆ (0 avis) <div class=""",,,,,,,,,,,M'haidra Abdeladim,telecontact.ma
Dr Sofia Merzaq,generalist,Dar Bouazza,Dar Bouazza,"☆ ☆ ☆ ☆ ☆ (0 avis) <div class=""result-search-item",,,,,,,,,,,Merzaq Sofia,telecontact.ma
Dr Rabia Mosseddaq,generalist,Dar Bouazza,Dar Bouazza,"☆ ☆ ☆ ☆ ☆ (0 avis) <div class=""result-se",,,,,,,,,,,Mosseddaq Rabia,telecontact.ma
Dr Houda Mzaalak Tazi,generalist,Dar Bouazza,Dar Bouazza,"☆ ☆ ☆ ☆ ☆ (0 avis) <div class=""",,,,,,,,,,,Mzaalak Tazi Houda,telecontact.ma
Dr Abderrazak Saoui,generalist,Dar Bouazza,Dar Bouazza,"☆ ☆ ☆ ☆ ☆ (0 avis) <div class=""result",,,,,,,,,,,Saoui Abderrazak,telecontact.ma
Dr Mohammed Zouhair,generalist,Dar Bouazza,Dar Bouazza,"☆ ☆ ☆ ☆ ☆ (0 avis) <div class=""result",,,,,,,,,,,Zouhair Mohammed,telecontact.ma
Dr Hafsa Ahoujil,generalist,Bouskoura,Bouskoura,"☆ ☆ ☆ ☆ ☆ (0 avis) <div class=""result-search-i",,,,,,,,,,,Ahoujil Hafsa,telecontact.ma
Dr Mehdi Berrada,generalist,Bouskoura,Bouskoura,"☆ ☆ ☆ ☆ ☆ (0 avis) <div class=""result-search-item",,,,,,,,,,,Berrada Mehdi,telecontact.ma
Dr Adil Houari,generalist,Bouskoura,Bouskoura,"☆ ☆ ☆ ☆ ☆ (0 avis) <div class=""result-search-item-non-an",,,,,,,,,,,Houari Adil,telecontact.ma
Dr Houda Houssam,generalist,Bouskoura,Bouskoura,"★ ★ ★ ★ ★ (1 avis) <div class=""result-se",,,,,,,,,,,Houssam Houda,telecontact.ma
Dr Siham Martajne,generalist,Bouskoura,Bouskoura,"☆ ☆ ☆ ☆ ☆ (0 avis) <div class=""result-search-it",,,,,,,,,,,Martajne Siham,telecontact.ma
Dr Btissam Rachidi,generalist,Bouskoura,Bouskoura,"☆ ☆ ☆ ☆ ☆ (0 avis) <div class=""result-search",,,,,,,,,,,Rachidi Btissam,telecontact.ma
Dr Safaa Salmi,generalist,Bouskoura,Bouskoura,"☆ ☆ ☆ ☆ ☆ (0 avis) <div class=""result-search-item-non-an",,,,,,,,,,,Salmi Safaa,telecontact.ma
Dr Tarik Zaidi,generalist,Bouskoura,Bouskoura,"☆ ☆ ☆ ☆ ☆ (0 avis) <div class=""result-search-item-non-an",,,,,,,,,,,Zaidi Tarik,telecontact.ma
Dr Abdeladim Zouhair,generalist,Bouskoura,Bouskoura,"☆ ☆ ☆ ☆ ☆ (0 avis) <div class=""result",,,,,,,,,,,Zouhair Abdeladim,telecontact.ma
Dr Touria Abbari,generalist,Mohammedia,Mohammedia,"☆ ☆ ☆ ☆ ☆ (0 avis) <div class=""result-search-ite",,,,,,,,,,,Abbari Touria,telecontact.ma
Dr Ibrahim Abdelhalim,generalist,Mohammedia,Mohammedia,"☆ ☆ ☆ ☆ ☆ (0 avis) <div class=""re",,,,,,,,,,,Abdelhalim Ibrahim,telecontact.ma
Dr Rajae Abdellaoui Maane,generalist,Mohammedia,Mohammedia,☆ ☆ ☆ ☆ ☆ (0 avis) <d,,,,,,,,,,,Abdellaoui Maane Rajae,telecontact.ma
Dr Ghizlane Achehboune,generalist,Mohammedia,Mohammedia,☆ ☆ ☆ ☆ ☆ (0 avis) <div class=,,,,,,,,,,,Achehboune Ghizlane,telecontact.ma
Dr Naïma Aguenaou,generalist,Mohammedia,Mohammedia,"☆ ☆ ☆ ☆ ☆ (0 avis) <div class=""result-search",,,,,,,,,,,Aguenaou Naïma,telecontact.ma
Dr Lahoucine Ahnennai,generalist,Mohammedia,Mohammedia,"☆ ☆ ☆ ☆ ☆ (0 avis) <div class=""re",,,,,,,,,,,Ahnennai Lahoucine,telecontact.ma
Dr Soaad Ait Seddik,generalist,Mohammedia,Mohammedia,"☆ ☆ ☆ ☆ ☆ (0 avis) <div class=""result-s",,,,,,,,,,,Ait Seddik Soaad,telecontact.ma
Dr Ali Arrad,generalist,Mohammedia,Mohammedia,"☆ ☆ ☆ ☆ ☆ (0 avis) <div class=""result-search-item-non-annonc",,,,,,,,,,,Arrad Ali,telecontact.ma
Dr Salah Arrif,generalist,Mohammedia,Mohammedia,"☆ ☆ ☆ ☆ ☆ (0 avis) <div class=""result-search-item-non",,,,,,,,,,,Arrif Salah,telecontact.ma
Dr Naima Bakry Mellouk,generalist,Mohammedia,Mohammedia,☆ ☆ ☆ ☆ ☆ (0 avis) <div class=,,,,,,,,,,,Bakry Mellouk Naima,telecontact.ma
Dr Anna Balayan,generalist,Mohammedia,Mohammedia,"☆ ☆ ☆ ☆ ☆ (0 avis) <div class=""result-search-item-n",,,,,,,,,,,Balayan Anna,telecontact.ma
Dr Brigitte Barere,generalist,Mohammedia,Mohammedia,"☆ ☆ ☆ ☆ ☆ (0 avis) <div class=""result-sear",,,,,,,,,,,Barere Brigitte,telecontact.ma
Dr Saida Belhamid,generalist,Mohammedia,Mohammedia,"☆ ☆ ☆ ☆ ☆ (0 avis) <div class=""result-search",,,,,,,,,,,Belhamid Saida,telecontact.ma
Dr Amal Bennani Doss,generalist,Mohammedia,Mohammedia,"☆ ☆ ☆ ☆ ☆ (0 avis) <div class=""resul",,,,,,,,,,,Bennani Doss Amal,telecontact.ma
Dr Hidaya Benzian,generalist,Mohammedia,Mohammedia,"☆ ☆ ☆ ☆ ☆ (0 avis) <div class=""result-search",,,,,,,,,,,Benzian Hidaya,telecontact.ma
Dr Rachid Berkane,generalist,Mohammedia,Mohammedia,"☆ ☆ ☆ ☆ ☆ (0 avis) <div class=""result-search",,,,,,,,,,,Berkane Rachid,telecontact.ma
Dr Abdelhafid Bitar,generalist,Mohammedia,Mohammedia,"☆ ☆ ☆ ☆ ☆ (0 avis) <div class=""result-s",,,,,,,,,,,Bitar Abdelhafid,telecontact.ma
Dr Omar Bjanid,generalist,Mohammedia,Mohammedia,"☆ ☆ ☆ ☆ ☆ (0 avis) <div class=""result-search-item-non",,,,,,,,,,,Bjanid Omar,telecontact.ma
Dr Hassan Boutaib,generalist,Mohammedia,Mohammedia,"☆ ☆ ☆ ☆ ☆ (0 avis) <div class=""result-searc",,,,,,,,,,,Boutaib Hassan,telecontact.ma
Dr Abdellah Assif,generalist,Mediouna,Mediouna,"☆ ☆ ☆ ☆ ☆ (0 avis) <div class=""result-search-item",,,,,,,,,,,Assif Abdellah,telecontact.ma
Dr Houria Ben Aatar,generalist,Mediouna,Mediouna,"☆ ☆ ☆ ☆ ☆ (0 avis) <div class=""result-searc",,,,,,,,,,,Ben Aatar Houria,telecontact.ma
Dr Mehdi Benaddou Idrissi Mly El,generalist,Mediouna,Mediouna,☆ ☆ ☆ ☆ ☆ (0 avis),,,,,,,,,,,Benaddou Idrissi Mly El Mehdi,telecontact.ma
Dr Saloua Boukhlifi Motamid,generalist,Mediouna,Mediouna,☆ ☆ ☆ ☆ ☆ (0 avis),,,,,,,,,,,Boukhlifi Motamid Saloua,telecontact.ma
Dr Meriem Damou,generalist,Mediouna,Mediouna,"☆ ☆ ☆ ☆ ☆ (0 avis) <div class=""result-search-item-non-a",,,,,,,,,,,Damou Meriem,telecontact.ma
Dr Amal Elbari,generalist,Mediouna,Mediouna,"☆ ☆ ☆ ☆ ☆ (0 avis) <div class=""result-search-item-non-anno",,,,,,,,,,,Elbari Amal,telecontact.ma
Dr Ahmed Khalfi,generalist,Mediouna,Mediouna,"☆ ☆ ☆ ☆ ☆ (0 avis) <div class=""result-search-item-non-a",,,,,,,,,,,Khalfi Ahmed,telecontact.ma
Dr Asma Salahiddin,generalist,Mediouna,Mediouna,"☆ ☆ ☆ ☆ ☆ (0 avis) <div class=""result-search-i",,,,,,,,,,,Salahiddin Asma,telecontact.ma
Dr Amar Badia Ait,generalist,Tit Mellil,Tit Mellil,"☆ ☆ ☆ ☆ ☆ (0 avis) <div class=""result-search",,,,,,,,,,,Badia Ait Amar,telecontact.ma
Dr Samira Bartal,generalist,Tit Mellil,Tit Mellil,"☆ ☆ ☆ ☆ ☆ (0 avis) <div class=""result-search-ite",,,,,,,,,,,Bartal Samira,telecontact.ma
Dr Abdelaziz Dilaj,generalist,Tit Mellil,Tit Mellil,"☆ ☆ ☆ ☆ ☆ (0 avis) <div class=""result-sear",,,,,,,,,,,Dilaj Abdelaziz,telecontact.ma
Dr Kawtar Faraj,generalist,Tit Mellil,Tit Mellil,"☆ ☆ ☆ ☆ ☆ (0 avis) <div class=""result-search-item-n",,,,,,,,,,,Faraj Kawtar,telecontact.ma
Dr Fatima Fath,generalist,Tit Mellil,Tit Mellil,"☆ ☆ ☆ ☆ ☆ (0 avis) <div class=""result-search-item-non",,,,,,,,,,,Fath Fatima,telecontact.ma
Dr Hicham Houmani,generalist,Tit Mellil,Tit Mellil,"☆ ☆ ☆ ☆ ☆ (0 avis) <div class=""result-search",,,,,,,,,,,Houmani Hicham,telecontact.ma
Dr Meriem Loucif,generalist,Tit Mellil,Tit Mellil,"☆ ☆ ☆ ☆ ☆ (0 avis) <div class=""result-search-ite",,,,,,,,,,,Loucif Meriem,telecontact.ma
Dr Saida Mekrouti,generalist,Tit Mellil,Tit Mellil,"☆ ☆ ☆ ☆ ☆ (0 avis) <div class=""result-search",,,,,,,,,,,Mekrouti Saida,telecontact.ma
Dr Siham Richa,generalist,Tit Mellil,Tit Mellil,"☆ ☆ ☆ ☆ ☆ (0 avis) <div class=""result-search-item-non",,,,,,,,,,,Richa Siham,telecontact.ma
Dr Mohamed Zouhair,generalist,Tit Mellil,Tit Mellil,"☆ ☆ ☆ ☆ ☆ (0 avis) <div class=""result-sear",,,,,,,,,,,Zouhair Mohamed,telecontact.ma
Dr Latifa Chatraoui,generalist,Ain Harrouda,Ain Harrouda,"☆ ☆ ☆ ☆ ☆ (0 avis) <div class=""resu",,,,,,,,,,,Chatraoui Latifa,telecontact.ma
Dr Aziz Elfares,generalist,Ain Harrouda,Ain Harrouda,"☆ ☆ ☆ ☆ ☆ (0 avis) <div class=""result-search-it",,,,,,,,,,,Elfares Aziz,telecontact.ma
Dr Khalid Guessous,generalist,Ain Harrouda,Ain Harrouda,"☆ ☆ ☆ ☆ ☆ (0 avis) <div class=""result",,,,,,,,,,,Guessous Khalid,telecontact.ma
Dr Jamil Houry Mohammed,generalist,Ain Harrouda,Ain Harrouda,☆ ☆ ☆ ☆ ☆ (0 avis) <div,,,,,,,,,,,Houry Mohammed Jamil,telecontact.ma
Dr Abdelmajid Hilmy,generalist,Casablanca,,158 avenue du Cimetière 1°ét. Hassan,,,,,,,,,,,Hilmy Abdelmajid,e-rdv.ma
Dr Kenza Berrissoul,generalist,Casablanca,Sidi Maarouf,6 bd Abou Bakr El Kadiri 1°ét. n°2 lot Naïm Sidi Maarouf,,,,,,,,,,,Berrissoul Kenza,e-rdv.ma
Dr Imane Kessou,generalist,Casablanca,,lotiss. Al Moustakbal - Casablanca L32 GH 14 rdc. n°1,,,,,,,,,,,Kessou Imane,e-rdv.ma
Dr Anass Arabi,generalist,Casablanca,Bouskoura,6 rue El Jihani - Casablanca 1°ét. bouskoura,,,,,,,,,,,Arabi Anass,e-rdv.ma
Dr Rajae Guessous,generalist,Casablanca,,234 bd Nil Hay Essalama I 1°ét.,,,,,,,,,,,Guessous Rajae,e-rdv.ma
Dr Hasnaâ Faradi,generalist,Casablanca,Hay Hassani,bd d' Afghanistan (hay Hassani) résid.El Baraka n°2 Lot 64 - GH5A Farah 1,,,,,,,,,,,Faradi Hasnaâ,e-rdv.ma
Dr Amina Arroubi,generalist,Casablanca,,avenue Oued Dahab (cité Jemâa) Jamila 5 rue 181 n°55,,,,,,,,,,,Arroubi Amina,e-rdv.ma
Dr Mohamed Zarrouk,generalist,Casablanca,Mers Sultan,29 rue Habacha -ex Briey q. Liberté Quartier mers sultan 1,,,,,,,,,,,Zarrouk Mohamed,e-rdv.ma
Dr Fatima-zahra Alami Idrissi,generalist,Casablanca,,43 avenue du Deux Mars imm. Office center 2°et. appt 5.,,,,,,,,,,,Alami Idrissi Fatima-zahra,e-rdv.ma
Dr Najia Cherqaoui,generalist,Casablanca,,bloc Saada 2 rue 30 n°24,,,,,,,,,,,Cherqaoui Najia,e-rdv.ma
Dr Narjisse Chraïbi,generalist,Casablanca,,rte 1100 résid. Al Adarissa bloc G1 Imm. A appt.1.,,,,,,,,,,,Chraïbi Narjisse,e-rdv.ma
Dr Souad Alioui,generalist,Casablanca,,lotiss. Alhouda bd. Mohamed Balafrij résid. Nadia II 1°ét. n°28,,,,,,,,,,,Alioui Souad,e-rdv.ma
Dr Ali Berrada,generalist,Casablanca,,332 bd Brahim Roudani 1°ét.,,,,,,,,,,,Berrada Ali,e-rdv.ma
Dr Lamia ElYazghi,generalist,Casablanca,Sidi Maârouf,268 lotiss. ElKheir 1°ét. Sidi Maârouf,,,,,,,,,,,ElYazghi Lamia,e-rdv.ma
Dr Asmaâ Debbagh,generalist,Casablanca,Anfa,235 bd Yacoub El Mansour (Beauséjour) imm. B 9 résid. AlAnfal n°6,,,,,,,,,,,Debbagh Asmaâ,e-rdv.ma
Dr Echaymae Ouenza,generalist,Casablanca,,251 bd El Mahata -ex La Croix 2°é.,,,,,,,,,,,Ouenza Echaymae,e-rdv.ma
Dr Karim Lahlou,generalist,Casablanca,,353 avenue Reda Guédira -ex Nil 1°ét.,,,,,,,,,,,Lahlou Karim,e-rdv.ma
Dr Oumayma Berrada,generalist,Casablanca,,hay Jamila IV (cité Djemaa) - Casablanca rue 80 n°247 1°ét.,,,,,,,,,,,Berrada Oumayma,e-rdv.ma
Dr Saïda Baali,generalist,Casablanca,,522 bd Aba Chouaïb Doukali 1°ét,,,,,,,,,,,Baali Saïda,e-rdv.ma
Dr Mohamed Guessous,generalist,Casablanca,,64 allée des Sophoras 1°ét. El Gantour,,,,,,,,,,,Guessous Mohamed,e-rdv.ma
Dr Loubna Benkiran,generalist,Casablanca,,445 bd Abdelmoumen résid. Riad Abdelmoumen 2°ét. appt. n°7,,,,,,,,,,,Benkiran Loubna,e-rdv.ma
Dr Redouane Mseffer,generalist,Casablanca,,38 avenue Akid Allam,,,,,,,,,,,Mseffer Redouane,e-rdv.ma
Dr Almira Kazakbaeva,generalist,Casablanca,,17 av Mohamed Zefzaf -ex A bur 3 1°ét. hay El Walae,,,,,,,,,,,Kazakbaeva Almira,e-rdv.ma
Dr Najat Alibou,generalist,Casablanca,Mers Sultan,22 rue de Constantinople Clinique Eléctricien Quartier mers sultan 1,,,,,,,,,,,Alibou Najat,e-rdv.ma
Dr Hassan Cheffi,generalist,Casablanca,Sidi Bernoussi,hay El Qods (Sidi Bernoussi) rue 23 n°69,,,,,,,,,,,Cheffi Hassan,e-rdv.ma
Dr Saadia Chakib,generalist,Casablanca,,rue de la Sécurité sociale -ex Jules Grévy polycl.cnss,,,,,,,,,,,Chakib Saadia,e-rdv.ma
Dr Imane Kamil,generalist,Casablanca,,607 bd Aba Chouaïb Doukali 1°ét. Idrissia 2,,,,,,,,,,,Kamil Imane,e-rdv.ma
Dr Abdellatif Moutabarik,generalist,Casablanca,,lotiss. AlKheir II imm. 4,,,,,,,,,,,Moutabarik Abdellatif,e-rdv.ma
Dr Malak Bennis,generalist,Casablanca,,11 rue Allal Ben Abdallah esc. D appt. n°4 Aïn Chok,,,,,,,,,,,Bennis Malak,e-rdv.ma
Dr Jamila Assou,generalist,Casablanca,,lot. Anassi grp. 17 entrée 7 n°86,,,,,,,,,,,Assou Jamila,e-rdv.ma
Dr Mohamed Nawri,generalist,Casablanca,,144 bd Abou Dar Ghafari-ex E Amal III,,,,,,,,,,,Nawri Mohamed,e-rdv.ma
Dr Saâd Bennis,generalist,Casablanca,,22 bd Nil bloc 33 1°ét.,,,,,,,,,,,Bennis Saâd,e-rdv.ma
Dr Mostafa Sandaoui,generalist,Casablanca,Hay Mohammadi,356 bd. Chouhada (hay Mohammadi),,,,,,,,,,,Sandaoui Mostafa,e-rdv.ma
Dr Amram Ruimy,generalist,Casablanca,,rue Mohamed Sedki ang. rue du gabon résid. Oumaima 2°ét. appt. n°7 Hassan,,,,,,,,,,,Ruimy Amram,e-rdv.ma
Dr Abdallah Sabir,generalist,Casablanca,,773 avenue du Deux Mars hadaouia 3,,,,,,,,,,,Sabir Abdallah,e-rdv.ma
Dr Elaidi Amini,generalist,Casablanca,,494 avenue Bouchaïb Makdad Lahrizi derb Khalid,,,,,,,,,,,Amini Elaidi,e-rdv.ma
Dr Ali Bennani,generalist,Casablanca,,244 bd Elmoutanna Benharita ex D Amal I,,,,,,,,,,,Bennani Ali,e-rdv.ma
Dr Najia Rochd,generalist,Casablanca,,avenue du Dix Mars 1982 (Sidi Othman) bloc 12 n°21 1°ét.,,,,,,,,,,,Rochd Najia,e-rdv.ma
Dr Farida Dkhissy,generalist,Casablanca,,hay Alwalaa cité Attacharouk Tranche 5 sect. 1 Imm 2 1°ét.,,,,,,,,,,,Dkhissy Farida,e-rdv.ma
Dr Elena Kolotova,generalist,Casablanca,,286 avenue du Nil - ex E/M,,,,,,,,,,,Kolotova Elena,e-rdv.ma
Dr Sabrine Chtioui,generalist,Casablanca,,866 bd El Qods 1°ét. Mandarona,,,,,,,,,,,Chtioui Sabrine,e-rdv.ma
Dr Jamila Rachidi Lafnoune,generalist,Casablanca,,derb Bouchentouf rue 19 n°5 1°ét.,,,,,,,,,,,Rachidi Lafnoune Jamila,e-rdv.ma
Dr Jamal Mikou,generalist,Casablanca,,24 avenue Souhaib Erroumi exH (s.Bernoussi bloc 39,,,,,,,,,,,Mikou Jamal,e-rdv.ma
Dr Mohamed Taoufiki,generalist,Casablanca,Anfa,89 bd d' Anfa résid. Ibn Zaidoun tour A 2°ét. appt.5,,,,,,,,,,,Taoufiki Mohamed,e-rdv.ma
Dr Rabha Kadiri,generalist,Casablanca,,55 avenue Souhaib Erroumi -ex H Mansour 3 bloc 60,,,,,,,,,,,Kadiri Rabha,e-rdv.ma
Dr Abdelmoumen Samir,generalist,Casablanca,,122 bd de Dakhla Jamila 5 Cité Djemâa,,,,,,,,,,,Samir Abdelmoumen,e-rdv.ma
Dr Imane Benchekroune,generalist,Casablanca,,quartier Beausite lotiss. Addoha 1 imm. B 93 rdc n°1 El Gantour,,,,,,,,,,,Benchekroune Imane,e-rdv.ma
Dr Elmostafa Bahlioui,generalist,Casablanca,,avenue du Dix Mars 1982 (Sidi Othman) bloc 58 n°120 1°ét.,,,,,,,,,,,Bahlioui Elmostafa,e-rdv.ma
Dr Hassan Atlagh,generalist,Casablanca,,1007 avenue du Deux Mars hay My Abdellah,,,,,,,,,,,Atlagh Hassan,e-rdv.ma
Dr Rakia Ghouati,generalist,Casablanca,,bd Attah lotiss. bilad elkheir imm. E n°1,,,,,,,,,,,Ghouati Rakia,e-rdv.ma
Dr Salaheddine Lakhssassi Mohamed,generalist,Casablanca,,7 rue Ibn Khatima - ex Bournazel,,,,,,,,,,,Lakhssassi Mohamed Salaheddine,e-rdv.ma
Dr Brigitte Blaquier Sedrati,generalist,Casablanca,,21 rue de Péronne 1°ét.,,,,,,,,,,,Blaquier Sedrati Brigitte,e-rdv.ma
Dr Kamal Boutaleb Mohamed,generalist,Casablanca,,bd Bir Anzarane - ex Danton ang. rue Ibnou Chahid 2°ét.,,,,,,,,,,,Boutaleb Mohamed Kamal,e-rdv.ma
Dr Asmae Azef,generalist,Casablanca,,route Moulay Thami (hay Saada) résid. Dar Essalam gr. 9 n°73 appt. n°2 Farah 1,,,,,,,,,,,Azef Asmae,e-rdv.ma
Dr Nargiss Bourouah,generalist,Casablanca,Oulfa,lot Riad El Oulfa grp. 2 E5 n°72 Farah 1,,,,,,,,,,,Bourouah Nargiss,e-rdv.ma
Dr Halima Raqui,generalist,Casablanca,,hay Sadri (Bournazel) grp. 5 n°83 1°ét.,,,,,,,,,,,Raqui Halima,e-rdv.ma
Dr Mohamed Berrada,generalist,Casablanca,,9 av. Ibn Zaier Abdeslam-ex E El Koudia,,,,,,,,,,,Berrada Mohamed,e-rdv.ma
Dr Nawal Barbari,generalist,Casablanca,,85 rue Moussa Ibn Noussair 1°ét.,,,,,,,,,,,Barbari Nawal,e-rdv.ma
Dr Salem Lakhloufi,generalist,Casablanca,,lot. Salmia II rue 18 n°24 bloc 6 1°ét.,,,,,,,,,,,Lakhloufi Salem,e-rdv.ma
Dr Hasna Chadli,generalist,Casablanca,,52 rue 71 1 er ét derb El Menjra,,,,,,,,,,,Chadli  Hasna,e-rdv.ma
Dr Elhassan Mahdaoui,generalist,Casablanca,Moulay Rachid,hay Moulay Rachid (Ben M'Sik) av. Driss Harti n°45 grp.4,,,,,,,,,,,Mahdaoui Elhassan,e-rdv.ma
Dr Malika Mabrouk Elhayani,generalist,Casablanca,,105 avenue Akid Allam,,,,,,,,,,,Mabrouk Elhayani Malika,e-rdv.ma
Dr Fouad Rais,generalist,Casablanca,,41 bd Ahmed Benbassou-ex K-s.Bernoussi Amal 2,,,,,,,,,,,Rais Fouad,e-rdv.ma
Dr Najia Sobhi,generalist,Casablanca,,hay El Farah rue 59 n°1,,,,,,,,,,,Sobhi Najia,e-rdv.ma
Dr Mohamed Eldorr,generalist,Casablanca,,261 bd de la Grande Ceinture (h.Mohammadi) 1°ét.,,,,,,,,,,,Eldorr Mohamed,e-rdv.ma
Dr Solange Lahlou Bouflet,generalist,Casablanca,,14 rue Saad Ibn Abi Ouakas -ex Longwy Ville Nouvelle,,,,,,,,,,,Lahlou Bouflet Solange,e-rdv.ma
Dr Mohamed Behate,generalist,Casablanca,,73 lotiss. Haj Fateh lotiss. Al Farah Addoha imm.19 appt.2,,,,,,,,,,,Behate Mohamed,e-rdv.ma
Dr Nadia Quassid,generalist,Casablanca,Sidi Maârouf,lotiss. Soufiane imm. C2 1°ét appt. n°3 Sidi Maârouf,,,,,,,,,,,Quassid Nadia,e-rdv.ma
Dr Adil Sentissi,generalist,Casablanca,,lot. Anassi 9 Entrée 16 Ahl Loghlam,,,,,,,,,,,Sentissi Adil,e-rdv.ma
Dr Abderrahman Zguendi,generalist,Casablanca,,rue de la Sécurité sociale -ex Jules Grévy polyc. Cnss,,,,,,,,,,,Zguendi Abderrahman,e-rdv.ma
Dr Mustapha Khalil,generalist,Casablanca,,14 bd Nil,,,,,,,,,,,Khalil Mustapha,e-rdv.ma
Dr Nadia El Harim,generalist,Casablanca,,41 rue Abou Zaid Dadoussi - ex Canigou,,,,,,,,,,,El Harim Nadia,e-rdv.ma
Dr Othmane Khatib,generalist,Casablanca,Oulfa,hay El Oulfa rue 78 n°75,,,,,,,,,,,Khatib Othmane,e-rdv.ma
Dr Abdellatif Koukab,generalist,Casablanca,,cité Jemaa bloc 2 n°77 1°ét.,,,,,,,,,,,Koukab Abdellatif,e-rdv.ma
Dr Loubna Abourahim,generalist,Casablanca,,quartier Ahl Loghlam Salam 2 grp. Bayti Sakane imm. GH 1 n°79,,,,,,,,,,,Abourahim Loubna,e-rdv.ma
Dr Thami Souihel,generalist,Casablanca,,bd Oued Oum Rabie résid. AlFirdaous GH2 imm. 56,,,,,,,,,,,Souihel Thami,e-rdv.ma
Dr Mohamed Guennoun,generalist,Casablanca,,96 rue Walili-ex Andrinople (n.médina) hay Lâayoune,,,,,,,,,,,Guennoun Mohamed,e-rdv.ma
Dr Aicha Hajji,generalist,Casablanca,,quartier Beausite lot. Al Wifaq imm. 39 1°ét. n°3 El Gantour,,,,,,,,,,,Hajji Aicha,e-rdv.ma
Dr Sanae Karram,generalist,Casablanca,Sidi Moumen,hay Sidi Moumen lot. Madinati tranche7 imm.4 n°2,,,,,,,,,,,Karram Sanae,e-rdv.ma
Dr Wafaa Beniich,generalist,Casablanca,,30 avenue Souhaib Erroumi -ex H - Casablanca . Bloc 46,,,,,,,,,,,Beniich Wafaa,e-rdv.ma
Dr Aïcha Jamil,generalist,Casablanca,,68 rue Ahmed Sebbagh 1°ét.,,,,,,,,,,,Jamil Aïcha,e-rdv.ma
Dr Fatiha Elkaichi,generalist,Casablanca,,bd El Qods résid. Addamane imm.A28 appt.1,,,,,,,,,,,Elkaichi Fatiha,e-rdv.ma
Dr Hanaa ElHaous,generalist,Casablanca,Oulfa,72 lotiss. Riad El Oulfa grp. 19 rue 8 1°ét.,,,,,,,,,,,ElHaous Hanaa,e-rdv.ma
Dr Mohamed Boutadghart,generalist,Casablanca,,hay El Falah av.O n°132,,,,,,,,,,,Boutadghart Mohamed,e-rdv.ma
Dr Laila Lahlou Sebti,generalist,Casablanca,,bd Oued Sebou rue 66 n°72,,,,,,,,,,,Lahlou Sebti Laila,e-rdv.ma
Dr Cheri Benyoucef,generalist,Casablanca,,104 rue du Capitaine Loubet 2°ét.,,,,,,,,,,,Benyoucef Cheri,e-rdv.ma
Dr Mossadek Mourabit,generalist,Casablanca,,bd de la Croix rue 3 n°2 Derb ElManjra,,,,,,,,,,,Mourabit Mossadek,e-rdv.ma
Dr Abdelkebir Bachar,generalist,Casablanca,Sidi Moumen,123 bd Lalla Asmaa - ex G (Sidi Moumen) bloc 8,,,,,,,,,,,Bachar Abdelkebir,e-rdv.ma
Dr Rachid Sair,generalist,Casablanca,,73 avenue Akid Allam 1°ét.,,,,,,,,,,,Sair Rachid,e-rdv.ma
Dr Amine Biadillah Ahmed,generalist,Casablanca,,73 rue Abou Abdellah Nafii -ex Bourbon,,,,,,,,,,,Biadillah Ahmed Amine,e-rdv.ma
Dr Jamal Jouichate,generalist,Casablanca,,hay Alwalaa Tranche 7 imm. 6 n°2,,,,,,,,,,,Jouichate Jamal,e-rdv.ma
Dr Abdelilah Basri,generalist,Casablanca,Oulfa,hay Al Azhar GH16 imm 199 Oulfa Appt 4,,,,,,,,,,,Basri Abdelilah,e-rdv.ma
Dr Meryem ElMhef,generalist,Casablanca,,113 bd Bir Anzarane - Casablanca résid. Ramzi 4°ét.,,,,,,,,,,,ElMhef Meryem,e-rdv.ma
Dr Aziza Dari,generalist,Casablanca,,30 avenue Akid Allam hay My Rachid II 1°ét.,,,,,,,,,,,Dari Aziza,e-rdv.ma
Dr Laïla Berrada,generalist,Casablanca,,hay Nassim bloc 4 imm. 76 n°31 1°ét.,,,,,,,,,,,Berrada Laïla,e-rdv.ma
Dr Abdelhamid Bennouna,generalist,Casablanca,,253 bd Aba Chouaïb Doukali hay Elfarah,,,,,,,,,,,Bennouna Abdelhamid,e-rdv.ma
Dr Souâd Magouh,generalist,Casablanca,Hay Mohammadi,102 av. E (hay Mohammadi) bloc Il Koudya. rue E. N°5 1°ét.,,,,,,,,,,,Magouh Souâd,e-rdv.ma
Dr Bouchaïb ElFaique,generalist,Casablanca,,572 avenue Joulan - ex D,,,,,,,,,,,ElFaique Bouchaïb,e-rdv.ma
Dr Youssef Alalaoui Mhamdy,generalist,Casablanca,,16 rue de Salé (anc. médina) 1°ét. Benjdia,,,,,,,,,,,Alalaoui Mhamdy Youssef,e-rdv.ma
Dr Abdeslam Benjelloun,generalist,Casablanca,,10 rue El Kouidmi Mahjoub -ex A. Lévy rue des Anglais Benjdia,,,,,,,,,,,Benjelloun Abdeslam,e-rdv.ma
Dr Saïd Rizk,generalist,Casablanca,Sidi Maârouf,derb Fokara Sidi Maârouf I rue 82 n°6 1°ét.,,,,,,,,,,,Rizk Saïd,e-rdv.ma
Dr Meriame Belhaj,generalist,Casablanca,,304 bd Brahim Roudani résid. Chifaa 2°ét. n°4,,,,,,,,,,,Belhaj Meriame,e-rdv.ma
Dr Abdel-Ali Berrada,generalist,Casablanca,,hay Najah Ouled haddou,,,,,,,,,,,Berrada Abdel-Ali,e-rdv.ma
Dr Abdellatif R'Biaa,generalist,Casablanca,,lot. Al Azhar Gh 1 imm. 10 n° 11,,,,,,,,,,,R'Biaa Abdellatif,e-rdv.ma
Dr Imane Fadloullah,generalist,Casablanca,,hay El Wifak II rue 40 n°97,,,,,,,,,,,Fadloullah Imane,e-rdv.ma
Dr Houriya Omari Tadlaoui,generalist,Casablanca,,hay Anigrit (h. Rmila) rue 10 n°3 1°ét. bd. Panoramique,,,,,,,,,,,Omari Tadlaoui Houriya,e-rdv.ma
Dr Mohammed Hamoumi,generalist,Casablanca,,hay Jamila II (cité Djemaa) rue 19 n°19,,,,,,,,,,,Hamoumi Mohammed,e-rdv.ma
Dr Rachida Houmid Bennani,generalist,Casablanca,,cité El Houria bloc 208 n°85 Farah 1,,,,,,,,,,,Houmid Bennani Rachida,e-rdv.ma
Dr Jamal-Eddine Mouatassim,generalist,Casablanca,Lissasfa,quartier Lissasfa III (route d'El Jadida) bloc E n°7,,,,,,,,,,,Mouatassim Jamal-Eddine,e-rdv.ma
Dr Atika Machrouhi,generalist,Casablanca,,hay Jamila II (cité Djemaa) rue 1 n°5 1°ét.,,,,,,,,,,,Machrouhi Atika,e-rdv.ma
Dr Loubna Rachoui,generalist,Casablanca,,lotiss. Moulay Thami n°6 1°ét.,,,,,,,,,,,Rachoui Loubna,e-rdv.ma
Dr Abdelhakim Jarmoune My,generalist,Casablanca,,404 bd El Qods résid. Assakane Al Anik 1°ét. appt. 3,,,,,,,,,,,Jarmoune My Abdelhakim,e-rdv.ma
Dr Rachid Guessous Mohamed,generalist,Casablanca,,derb El Miter I rue 1 n°40,,,,,,,,,,,Guessous Mohamed Rachid,e-rdv.ma
Dr Hynd El Anaya,generalist,Casablanca,Sidi Bernoussi,hay Amal IV (Sidi Bernoussi) rue 25 n°82 1° ét,,,,,,,,,,,El Anaya Hynd,e-rdv.ma
Dr Habiba Chihab,generalist,Casablanca,,derb El Kheir (Aïn Chok) rue 23 n°44 1°ét.,,,,,,,,,,,Chihab Habiba,e-rdv.ma
Dr Adila Laalou,generalist,Casablanca,,hay Saada rue 26 n°5 appt. n°1,,,,,,,,,,,Laalou Adila,e-rdv.ma
Dr Soumia Lahmidi Akil,generalist,Casablanca,Sidi Moumen,rue Lhoussine Assoussi (Sidi Moumen) résid. Charaf GH 1 1°ét. n°4,,,,,,,,,,,Lahmidi Akil Soumia,e-rdv.ma
Dr Rachida Dequiuec,generalist,Casablanca,Hay Hassani,bd Oued Oum Rabie polycl. cnss hay Hassani,,,,,,,,,,,Dequiuec Rachida,e-rdv.ma
Dr Ahmed Assou,generalist,Casablanca,,1430 avenue du Cdt Driss Lharti - ex A,,,,,,,,,,,Assou Ahmed,e-rdv.ma
Dr Abdellah Chraibi,generalist,Casablanca,,134 bd de la Grande Ceinture (h.Mohammadi),,,,,,,,,,,Chraibi Abdellah,e-rdv.ma
Dr Asmaa Ziat Yasmine,generalist,Casablanca,,61 bd Aba Chouaïb Doukali,,,,,,,,,,,Ziat Yasmine Asmaa,e-rdv.ma
Dr Alami Mamoune Mechiche,generalist,Casablanca,Sidi Maârouf,17 lotiss. Sacem Ouled Haddou Sidi Maârouf,,,,,,,,,,,Mamoune Mechiche Alami,e-rdv.ma
Dr Loubna Kabbaj,generalist,Casablanca,,bd Abdelmoumen ang. bd Anoual Abdelmoumen center 1°ét. bur. 109,,,,,,,,,,,Kabbaj Loubna,e-rdv.ma
Dr Houda Bittaf,generalist,Casablanca,,375 bd Aba Chouaïb Doukali rdc,,,,,,,,,,,Bittaf Houda,e-rdv.ma
Dr Abdellah Fakir,generalist,Casablanca,,bd Oued Oum Rabie résid. Abouab Oum Rabie porte D 1°ét. n°5,,,,,,,,,,,Fakir Abdellah,e-rdv.ma
Dr Joseph Ouanounou,generalist,Casablanca,Anfa,131 bd d' Anfa 3°ét.,,,,,,,,,,,Ouanounou Joseph,e-rdv.ma
Dr Nisrine Ziani,generalist,Casablanca,,28 avenue Joulan - ex D Cité D'jamaâ,,,,,,,,,,,Ziani Nisrine,e-rdv.ma
Dr Mohamed Bensouda,generalist,Casablanca,,124 bd Rahal El Meskini,,,,,,,,,,,Bensouda Mohamed,e-rdv.ma
Dr Ahmed Amhal,generalist,Casablanca,,3 rue Jabal Oukaimeden,,,,,,,,,,,Amhal Ahmed,e-rdv.ma
Dr Saâd Bellamine,generalist,Casablanca,El Fida,969 bd El Fida Prolongé 2°ét. hay Tissir,,,,,,,,,,,Bellamine Saâd,e-rdv.ma
Dr Zahra Azreg,generalist,Casablanca,,avenue Abdelkader Essahraoui loiss. Jawhara II grp. 22 imm. 5 1° ét. appt. n°4,,,,,,,,,,,Azreg Zahra,e-rdv.ma
Dr Nadia Kamal,generalist,Casablanca,Sidi Moumen,hay Sidi Moumen lot. Annahda GH2 imm. 9 n°4 rdc,,,,,,,,,,,Kamal Nadia,e-rdv.ma
Dr Faïçel Chraibi,generalist,Casablanca,,hay Jamila VII (cité Djemaa) rue 14 n°82,,,,,,,,,,,Chraibi Faïçel,e-rdv.ma
Dr Saïda Zouine,generalist,Casablanca,,8 bd Taza (Aïn Chok) 1°ét.,,,,,,,,,,,Zouine Saïda,e-rdv.ma
Dr Abdelilah Chadli,generalist,Casablanca,Sidi Moumen,hay Sidi Moumen lotiss. Assabah rue 11 n°7,,,,,,,,,,,Chadli Abdelilah,e-rdv.ma
Dr Bouchra Achrak,generalist,Casablanca,,lot. Anassi - Casablanca Essalam 2 GH E2 appt. 37. rdc.,,,,,,,,,,,Achrak Bouchra,e-rdv.ma
Dr Nassim Bennani,generalist,Casablanca,Mers Sultan,26 rue Omar Slaoui ang. rue d'Agadir Quartier mers sultan 1,,,,,,,,,,,Bennani Nassim,e-rdv.ma
Dr Rihab Rhattas,generalist,Casablanca,,189 avenue Sakia El Hamra Jamila 5 1°ét.,,,,,,,,,,,Rhattas Rihab,e-rdv.ma
Dr Abdellatif Mourtada,generalist,Casablanca,,quartier Beausite résid. Addoha I A 48 n°4 El Gantour,,,,,,,,,,,Mourtada Abdellatif,e-rdv.ma
Dr Hamid ElBoussairi,generalist,Casablanca,,31 bd Ain Taoujtate -ex Jouffroy 1°ét.,,,,,,,,,,,ElBoussairi Hamid,e-rdv.ma
Dr Abdelaziz Elbaya,generalist,Casablanca,,quartier Beausite résid. Al Fadl imm. 1 n°23 El Gantour,,,,,,,,,,,Elbaya Abdelaziz,e-rdv.ma
Dr Abdelouhab Sebti,generalist,Casablanca,,338 av du Six Novembre 1975 - ex B,,,,,,,,,,,Sebti Abdelouhab,e-rdv.ma
Dr Ali Tahri Joutei,generalist,Casablanca,Sidi Maarouf,102 rue El Farouki Errahali Sidi Maarouf IV,,,,,,,,,,,Tahri Joutei Ali,e-rdv.ma
Dr Sanaa Filali,generalist,Casablanca,,43 avenue Akid Allam 2°ét.,,,,,,,,,,,Filali Sanaa,e-rdv.ma
Dr Nadia Adli,generalist,Casablanca,Oulfa,hay El Oulfa Lotiss.Essalam GH3 Imm.21Appt 4,,,,,,,,,,,Adli Nadia,e-rdv.ma
Dr Mohamed Chahir,generalist,Casablanca,,74 rue Mohamed El Hansali-exCdt Provost Benjdia,,,,,,,,,,,Chahir Mohamed,e-rdv.ma
Dr Nadia Ajdi,generalist,Casablanca,,hay Massira III rue 63 n°19,,,,,,,,,,,Ajdi Nadia,e-rdv.ma
Dr Abdellah Ammouri,generalist,Casablanca,Sidi Moumen,hay Sidi Moumen Jdid les Annexes de la Mosquée de Sidi Moumen Jdid n°11,,,,,,,,,,,Ammouri Abdellah,e-rdv.ma
Dr Soumya Saati,generalist,Casablanca,,355 bd Mohamed Zerktouni ang. rue Ibnou Ayoub résid. Bouarfa 2°ét. Hassan,,,,,,,,,,,Saati Soumya,e-rdv.ma
Dr Malika Darroussi,generalist,Casablanca,,344 avenue Oued Daoura lotiss. Chahdia,,,,,,,,,,,Darroussi Malika,e-rdv.ma
Dr Fatima Zourganne,generalist,Casablanca,,345 bd Abdellah Senhaji - ex C hay Elfarah 1°ét.,,,,,,,,,,,Zourganne Fatima,e-rdv.ma
Dr Zohra Najah Fatima,generalist,Casablanca,,cité Lalla Mériem bloc 133 n°13,,,,,,,,,,,Najah Fatima Zohra,e-rdv.ma
Dr Samira Moundiri,generalist,Casablanca,,586 avenue du Cdt Driss Lharti - ex A 1°ét.,,,,,,,,,,,Moundiri Samira,e-rdv.ma
Dr Mohammed Toulal,generalist,Casablanca,,lotiss. Al Moustakbal GH39 imm L 349 Appt. n°4,,,,,,,,,,,Toulal Mohammed,e-rdv.ma
Dr Mekki Lahlou Amine,generalist,Casablanca,,30 bd Anoual -ex Felix Faure résid. Nassima 2°ét. appt. 16,,,,,,,,,,,Lahlou Amine Mekki,e-rdv.ma
Dr Rachid Benchoukroun,generalist,Casablanca,,335 avenue du Cdt Driss Lharti - ex A cité Djemaâ,,,,,,,,,,,Benchoukroun Rachid,e-rdv.ma
Dr Firouza Fakhroutdinova,generalist,Casablanca,,lot. Anassi 28 Entrée 1 1°ét. appt. n°5,,,,,,,,,,,Fakhroutdinova Firouza,e-rdv.ma
Dr Soufiane Bentalha,generalist,Casablanca,Hay Hassani,bd Ibn Sina - ex Avicenne résid. AlBaraka Gh9 imm.C104 appt. 1 hay Hassani Farah 1,,,,,,,,,,,Bentalha Soufiane,e-rdv.ma
Dr Ahmed Bakri,generalist,Casablanca,,avenue Chaouki Jilali Meskini ex Lhoucin B.A Toto projet Hassan II imm. 29 appt. 14,,,,,,,,,,,Bakri Ahmed,e-rdv.ma
Dr Siham Sedki,generalist,Casablanca,,quartier Beausite 210 lotiss. Al Amane Gh 27A 1°étg. appt. 4 El Gantour,,,,,,,,,,,Sedki Siham,e-rdv.ma
Dr Achraf Bettache,generalist,Casablanca,,rue Oued Tassaout grp. E rue 80 n°36 1°ét. Bir Rami Est,,,,,,,,,,,Bettache Achraf,e-rdv.ma
Dr Eva Bengio Mergui,generalist,Casablanca,,cité El Houria bloc 211 n°124 Farah 1,,,,,,,,,,,Bengio Mergui Eva,e-rdv.ma
Dr Hassan Lahrech,generalist,Casablanca,,avenue Chaouki Jilali Meskini ex Lhoucin B.A Toto projet Hassan II imm.13 2°ét. appt 11,,,,,,,,,,,Lahrech Hassan,e-rdv.ma
Dr Hounayda Ammor,generalist,Casablanca,,8 rue Ain Yefren -ex Thimonier 1°ét.,,,,,,,,,,,Ammor Hounayda,e-rdv.ma
Dr Najia Elkimya Boukarai,generalist,Casablanca,,hay Salama I grp.5 rue 12 n°127 1°ét.,,,,,,,,,,,Elkimya Boukarai Najia,e-rdv.ma
Dr Abdelouahed Ambari,generalist,Casablanca,,14 bd Ain Taoujtate -ex Jouffroy imm. le Riad 2°ét. n°17,,,,,,,,,,,Ambari Abdelouahed,e-rdv.ma
Dr Fatiha Yousfi,generalist,Casablanca,,393 avenue du Cdt Driss Lharti - ex A,,,,,,,,,,,Yousfi Fatiha,e-rdv.ma
Dr Zahra Louafy,generalist,Casablanca,,hay Mabrouka sidi Othman II rue 6 n°28,,,,,,,,,,,Louafy Zahra,e-rdv.ma
Dr Fouad Boujdi,generalist,Casablanca,El Fida,151 bd El Fida - ex Suez,,,,,,,,,,,Boujdi Fouad,e-rdv.ma
Dr Jalal Salmi ElKhazraji,generalist,Casablanca,,derb Sidi El Khadir rue 23 n°48 Farah 1,,,,,,,,,,,Salmi ElKhazraji Jalal,e-rdv.ma
Dr Mohamed Khalil,generalist,Casablanca,,rue Caïd El Achtar - ex Girondins ang. bd Bir Anzarane résid. Ribh A 3°ét.,,,,,,,,,,,Khalil Mohamed,e-rdv.ma
Dr Hanane Iourdane,generalist,Casablanca,,46 avenue Ali Yata -ex Foum Lahsan lotiss. Smara 2°ét.,,,,,,,,,,,Iourdane Hanane,e-rdv.ma
Dr Abdelwahed Lahrech,generalist,Casablanca,Sidi Moumen,rue Lhoussine Soussi (Sidi Moumen) résid. Ochor n°6 1°ét.,,,,,,,,,,,Lahrech Abdelwahed,e-rdv.ma
Dr Yassine Mahboub,generalist,Casablanca,,86 rue de l' Imam El Castalani - Casablanca hay Dakhla,,,,,,,,,,,Mahboub Yassine,e-rdv.ma
Dr Hasnâa El Youssefi,generalist,Casablanca,Moulay Rachid,hay Moulay Rachid I - ex Bournazel résid. Diar Wafâa imm. 36 appt. 3,,,,,,,,,,,El Youssefi Hasnâa,e-rdv.ma
Dr Zoubir El Ghezouani,generalist,Casablanca,Bourgogne,hay Tassahoul - Casablanca 5 rue 4 ang. bd Mehdi Benbarka Bourgogne Hassan,,,,,,,,,,,El Ghezouani Zoubir,e-rdv.ma
Dr Zineb Charani,generalist,Casablanca,Sidi Moumen,hay Sidi Moumen Salam 2A/L Gh A n°49 Bayti Sakane,,,,,,,,,,,Charani Zineb,e-rdv.ma
Dr Ahmed Laklalech,generalist,Casablanca,,lot. Lamia (bd Fouarat) bloc 6 n°2 bis,,,,,,,,,,,Laklalech Ahmed,e-rdv.ma
Dr Anne Lacroix Bensaid,generalist,Casablanca,,645 bd de Goulmima 1°ét. Hassan,,,,,,,,,,,Lacroix Bensaid Anne,e-rdv.ma
Dr Lahoussine Tazi Othman,generalist,Casablanca,,rue Ibn Katir résid. ElBeida imm. A appt.2,,,,,,,,,,,Tazi Othman Lahoussine,e-rdv.ma
Dr Mohamed Chawqui,generalist,Casablanca,,hay Jamila V (cité Djemaa) rue 120 n°5,,,,,,,,,,,Chawqui Mohamed,e-rdv.ma
Dr Hadi Belghiti Mohamed,generalist,Casablanca,,40 rue Abou Al Waqt Khalaf -ex Forest appt.n°19 Hassan,,,,,,,,,,,Belghiti Mohamed Hadi,e-rdv.ma
Dr Naima Oudghiri Slaoui,generalist,Casablanca,,lot. Inani rue 29 n°3,,,,,,,,,,,Oudghiri Slaoui Naima,e-rdv.ma
Dr Raouda Cheikh,generalist,Casablanca,,hay Nassim imm. 165 appt. n°5,,,,,,,,,,,Cheikh Raouda,e-rdv.ma
Dr Habiba Alaoui Abdalaoui,generalist,Casablanca,,95 rue de la Moulouya,,,,,,,,,,,Alaoui Abdalaoui Habiba,e-rdv.ma
Dr Jamal-Eddine Laroui,generalist,Casablanca,,bd Oqba Ben Nafia grp.6 appt.2,,,,,,,,,,,Laroui Jamal-Eddine,e-rdv.ma
Dr Noureddine Guessous,generalist,Casablanca,,derb Bouchentouf rue 29 imm.44,,,,,,,,,,,Guessous Noureddine,e-rdv.ma
Dr Mohamed Kettani,generalist,Casablanca,Sidi Moumen,lot. Douma (Sidi Moumen) grp. 4 n°47,,,,,,,,,,,Kettani Mohamed,e-rdv.ma
Dr Ahmed Ezzaam,generalist,Casablanca,,1007 avenue du Cdt Driss Lharti - ex A Salama III 1°ét.,,,,,,,,,,,Ezzaam Ahmed,e-rdv.ma
Dr Houda Mahfoud,generalist,Casablanca,Sidi Bernoussi,hay El Qods (Sidi Bernoussi) résid. Takaddoum rue 1 imm. GH 10,,,,,,,,,,,Mahfoud Houda,e-rdv.ma
Dr Rkia Mabrouk,generalist,Casablanca,,108 rue Zoubeir Bnou El Aouam 1°ét.,,,,,,,,,,,Mabrouk Rkia,e-rdv.ma
Dr Nezha Skalli Houssayni,generalist,Casablanca,Sidi Maârouf,hay Najah 77 bloc B Oulad Haddou Sidi Maârouf,,,,,,,,,,,Skalli Houssayni Nezha,e-rdv.ma
Dr Bouchta Bouderbala ElIdrissi Moulay,generalist,Casablanca,,bd K (hay M. Rachid) grp. 1 1°ét. n°13,,,,,,,,,,,Bouderbala ElIdrissi Moulay Bouchta,e-rdv.ma
Dr Saïd Chabbak,generalist,Casablanca,,27 bd Abdellah Ben Yacine résid. Abdellah Ben Yacine 1°ét. imm. n°27 bur. n°12,,,,,,,,,,,Chabbak Saïd,e-rdv.ma
Dr Hicham Badaoui,generalist,Casablanca,,cité Lalla Mériem bloc 40 n°61,,,,,,,,,,,Badaoui Hicham,e-rdv.ma
Dr Majda Benboujida,generalist,Casablanca,Lissasfa,318 quartier Lissasfa (route d'El Jadida) rue Jabal Michlifen,,,,,,,,,,,Benboujida Majda,e-rdv.ma
Dr Sarah Tahiri Alaoui,generalist,Casablanca,Mers Sultan,173 avenue Mers Sultan - Casablanca rés. le Cap 1°ét. n°30,,,,,,,,,,,Tahiri Alaoui Sarah,e-rdv.ma
Dr Mina Idoudaoud,generalist,Casablanca,,lot. Anassi grp. 2 Entrée 3 n°2,,,,,,,,,,,Idoudaoud Mina,e-rdv.ma
Dr Fayçal Sebti,generalist,Casablanca,,2 rue des Alpes,,,,,,,,,,,Sebti Fayçal,e-rdv.ma
Dr Fatima Belamine,generalist,Casablanca,,55 avenue Joulan - ex D lotiss. Salmia II 1°ét.,,,,,,,,,,,Belamine Fatima,e-rdv.ma
Dr Maha Belmokhtar,generalist,Casablanca,,lotiss. Zoubeir n°83 2°ét. appt. 3,,,,,,,,,,,Belmokhtar Maha,e-rdv.ma
Dr Ihssane Elghouat,generalist,Casablanca,,bd de Dakhla rue 6 n°61 Jamila III,,,,,,,,,,,Elghouat Ihssane,e-rdv.ma
Dr Wafâa Abourizk,generalist,Casablanca,,120 bd du Fouarat 1°ét. Hay Jamal,,,,,,,,,,,Abourizk Wafâa,e-rdv.ma
Dr Rachid Mikou,generalist,Casablanca,,228 avenue Joulan - ex D Salmia II,,,,,,,,,,,Mikou Rachid,e-rdv.ma
Dr Fadila Fajr ElIdrissi,generalist,Casablanca,,av du Six Novembre 1975 - ex B rue 13 n°52 1er ét. Derb Douam Cité Djemâa,,,,,,,,,,,Fajr ElIdrissi Fadila,e-rdv.ma
Dr Zahra Moussaoui Haj Hamou Fatima,generalist,Casablanca,Oulfa,hay El Oulfa lotiss. Zoubir imm.I n°112,,,,,,,,,,,Moussaoui Haj Hamou Fatima Zahra,e-rdv.ma
Dr Elaziz Lahlou Amine Med.,generalist,Casablanca,Sidi Maârouf,45 lotiss Soufiane résid Nour Sidi Maârouf,,,,,,,,,,,Lahlou Amine Med. Elaziz,e-rdv.ma
Dr Myriam Nciri,generalist,Casablanca,,178 bd Ambassadeur Ben Aïcha appt. 23 4°ét.,,,,,,,,,,,Nciri Myriam,e-rdv.ma
Dr Ilhame Chah,generalist,Casablanca,Mers Sultan,3 rue Abdeslam Khattabi -ex Lisbonne 1°ét. Quartier mers sultan 1,,,,,,,,,,,Chah Ilhame,e-rdv.ma
Dr Amine Chiadmi Mohamed,generalist,Casablanca,,bd du Nil bloc 22 n°40,,,,,,,,,,,Chiadmi Mohamed Amine,e-rdv.ma
Dr Marouane Benchekroun,generalist,Casablanca,El Fida,76 bd El Fida 1°ét. Derb ElFokara,,,,,,,,,,,Benchekroun Marouane,e-rdv.ma
Dr Youssef Chorfi,generalist,Casablanca,,4 avenue Joulan - ex D - Casablanca résid. Zahrat Al Yassmine 1°ét. appt. 2,,,,,,,,,,,Chorfi Youssef,e-rdv.ma
Dr Malika Ennabil,generalist,Casablanca,,203 bd Anoual -ex Felix Faure Capital Center imm. B 1er ét. n°1,,,,,,,,,,,Ennabil Malika,e-rdv.ma
Dr Rabab Benhssine,generalist,Casablanca,,cité Essalam GH 74 imm. 130 1er ét. appt. 12,,,,,,,,,,,Benhssine Rabab,e-rdv.ma
Dr Samira Zidani,generalist,Casablanca,Sidi Bernoussi,cité Sidi Bernoussi Hay Sakani bloc G imm.9 n°905,,,,,,,,,,,Zidani Samira,e-rdv.ma
Dr Brahim Amzil,generalist,Casablanca,,173 rue de Saint Laurent 1°ét.,,,,,,,,,,,Amzil Brahim,e-rdv.ma
Dr Fatiha Touabi Dakch,generalist,Casablanca,,405 avenue Souhaib Erroumi exH (s.Bernoussi,,,,,,,,,,,Touabi Dakch Fatiha,e-rdv.ma
Dr Latifa Lomri Elhafa,generalist,Casablanca,Hay Mohammadi,hay Mohammadi résid. Al Mouahidine rue 8 n°49,,,,,,,,,,,Lomri Elhafa Latifa,e-rdv.ma
Dr Jaouad Benjelloun,generalist,Casablanca,Oulfa,304 bd Oued Sebou (hay El Oulfa),,,,,,,,,,,Benjelloun Jaouad,e-rdv.ma
Dr Rhita Benzekri,generalist,Casablanca,,hay Jamila VII (cité Djemaa) rue 14 n°88,,,,,,,,,,,Benzekri Rhita,e-rdv.ma
Dr Yahya Lemseffer,generalist,Casablanca,,8 rue Oussama Ibn Zaid - ex Jura,,,,,,,,,,,Lemseffer Yahya,e-rdv.ma
Dr Mohamed Yazami Idrissi,generalist,Casablanca,Sidi Moumen,hay Sidi Moumen Lot. Walili imm. 4 hay Attacharouk,,,,,,,,,,,Yazami Idrissi Mohamed,e-rdv.ma
Dr Mouna Semmami,generalist,Casablanca,Sidi Maârouf,300 bd El Qods (Sidi Maârouf) résid. Al Mostakbal Gh34,,,,,,,,,,,Semmami Mouna,e-rdv.ma
Dr Mouna Cherkaoui Saouri,generalist,Casablanca,,hay Alwalaa Tranche 3 imm. 10 sect. II 1°ét.,,,,,,,,,,,Cherkaoui Saouri Mouna,e-rdv.ma
Dr Ahmed Benboujida,generalist,Casablanca,Sidi Maârouf,139 bd Aba Chouaïb Doukali derb Sidi Maârouf V,,,,,,,,,,,Benboujida Ahmed,e-rdv.ma
Dr Hala Sibai,generalist,Casablanca,Sidi Maârouf,186 lotiss. Lina Sidi Maârouf,,,,,,,,,,,Sibai Hala,e-rdv.ma
Dr Fatima Chokayri Zaouak,generalist,Casablanca,,102 bd Abdellah Senhaji - ex C hay Elamal,,,,,,,,,,,Chokayri Zaouak Fatima,e-rdv.ma
Dr Asmaa Kada,generalist,Casablanca,Sidi Moumen,lotiss. Alhouda (Sidi Moumen) av A imm. Alkima n°11,,,,,,,,,,,Kada Asmaa,e-rdv.ma
Dr Hanaa El Fathi,generalist,Casablanca,Oulfa,hay El Oulfa lotiss. Saâd El Kheir lot 49 imm.1 1°ét.,,,,,,,,,,,El Fathi Hanaa,e-rdv.ma
Dr Saloua Kabbaj,generalist,Casablanca,,bd El Qods résid. Addamane grp. H1 n°1,,,,,,,,,,,Kabbaj Saloua,e-rdv.ma
Dr Miloud Badre,generalist,Casablanca,,137 rue Jabir Ansari - ex Corot,,,,,,,,,,,Badre Miloud,e-rdv.ma
Dr Fouad Chafik,generalist,Casablanca,Oulfa,hay El Oulfa rue 69 n°4 bd Oued Oum Errabii,,,,,,,,,,,Chafik Fouad,e-rdv.ma
Dr Naïma Jouihri Mounadif,generalist,Casablanca,,av Abou Houraïra (Sidi Othman) bloc 3 n°96 1°ét.,,,,,,,,,,,Jouihri Mounadif Naïma,e-rdv.ma
Dr Abdelillah Najmouddine,generalist,Casablanca,Sidi Maârouf,rte 1029 résid. Mawlid XI imm. A1 appt. 12 Sidi Maârouf,,,,,,,,,,,Najmouddine Abdelillah,e-rdv.ma
Dr Malika Lahdab,generalist,Casablanca,,avenue Mohamed Bouziane lot. AlHouda imm. L2 Gh1 1°ét. appt.3,,,,,,,,,,,Lahdab Malika,e-rdv.ma
Dr Mohammed Lahbabi,generalist,Casablanca,,135 bd du Fouarat,,,,,,,,,,,Lahbabi Mohammed,e-rdv.ma
Dr Zineb Mikkioui,generalist,Casablanca,,lot. Anassi grp. 9 entrée n°7 1°ét.,,,,,,,,,,,Mikkioui Zineb,e-rdv.ma
Dr Mohamed Elmountassir Billah,generalist,Casablanca,,942 bd El Qods hay Mandarona,,,,,,,,,,,Elmountassir Billah Mohamed,e-rdv.ma
Dr Asmaa Essakali Bennouna,generalist,Casablanca,,bd Abdelmoumen ang. bd Anoual Abdelmomen Center 4°ét. n°409,,,,,,,,,,,Essakali Bennouna Asmaa,e-rdv.ma
Dr Youssef Soussane Yaqoubi,generalist,Casablanca,,73 bd Abdellah Senhaji - ex C 1°ét. appt. 1,,,,,,,,,,,Soussane Yaqoubi Youssef,e-rdv.ma
Dr Hind Mahzouli,generalist,Casablanca,Madinat Arrahma,hay Madinat Arrahma bd Oued Melouya n°34,,,,,,,,,,,Mahzouli Hind,e-rdv.ma
Dr Abdesslam Benkirane,generalist,Casablanca,,146 rue Oued Ziz (nouv. médina),,,,,,,,,,,Benkirane Abdesslam,e-rdv.ma
Dr Hind El Atouani,generalist,Casablanca,Sidi Maarouf,lotiss. Hamza Sidi Maarouf,,,,,,,,,,,El Atouani Hind,e-rdv.ma
Dr Alain Guidon,generalist,Casablanca,,6 rue Jean Jaurès,,,,,,,,,,,Guidon Alain,e-rdv.ma
Dr Fatima Nibani Khayat,generalist,Casablanca,Hay Mohammadi,dar Lamane (hay Mohammadi) lot G imm.237 n°2,,,,,,,,,,,Nibani Khayat Fatima,e-rdv.ma
Dr Saida Znagui,generalist,Casablanca,,bd Nil bloc 18 n°44 2°ét.,,,,,,,,,,,Znagui Saida,e-rdv.ma
Dr Abderrahmane El Yacoubi El Idrissi,generalist,Casablanca,,5 rue Othmania 1°ét.,,,,,,,,,,,El Yacoubi El Idrissi Abderrahmane,e-rdv.ma
Dr Fatima Mardi,generalist,Casablanca,Sidi Moumen,103 rue Bilal (Sidi Moumen) grp. 3,,,,,,,,,,,Mardi Fatima,e-rdv.ma
Dr Lessia Movtchan,generalist,Casablanca,,472 avenue du Cdt Driss Lharti - ex A 2°ét.,,,,,,,,,,,Movtchan Lessia,e-rdv.ma
Dr Imane Mouallif,generalist,Casablanca,Lissasfa,quartier Lissasfa (route d'El Jadida) Kasbat Al Amine 2 grp. 13 imm. 2 appt. n°1,,,,,,,,,,,Mouallif Imane,e-rdv.ma
Dr Mohamed Moussali,generalist,Casablanca,,144 boulevard Panoramique 1°ét.,,,,,,,,,,,Moussali Mohamed,e-rdv.ma
Dr Nissrine Sijam,generalist,Casablanca,,hay Laayoune (nouv.Médina) rue 16 n°4 1°ét.,,,,,,,,,,,Sijam Nissrine,e-rdv.ma
Dr Oxana Dahani,generalist,Casablanca,,lot. Jouhara Ilot.D imm. B 1°ét. appt. 3,,,,,,,,,,,Dahani Oxana,e-rdv.ma
Dr Naïma Anous Alaoui Lahbabi,generalist,Casablanca,,88 avenue des Forces Auxiliaires (Mly Rchid) 1°ét.,,,,,,,,,,,Anous Alaoui Lahbabi Naïma,e-rdv.ma
Dr Mouna Bennani Refass,generalist,Casablanca,,23 bd Tifelt 1°ét.,,,,,,,,,,,Bennani Refass Mouna,e-rdv.ma
Dr Fatima Tejjini,generalist,Casablanca,Sidi Maârouf,lotiss. Al Moustakbal Gh20 A 163 appt.1 Sidi Maârouf,,,,,,,,,,,Tejjini Fatima,e-rdv.ma
Dr Henri Quazza,generalist,Casablanca,,93 rue d' Agadir 1°ét. Bettania,,,,,,,,,,,Quazza Henri,e-rdv.ma
Dr Abderrahim Lachhab,generalist,Casablanca,Sidi Bernoussi,lot. Al Azhar tranche 3 imm. 11n°22 Sidi Bernoussi,,,,,,,,,,,Lachhab Abderrahim,e-rdv.ma
Dr Abdelouali Khedhri Ahmed,generalist,Casablanca,Sidi Bernoussi,hay Amal I (Sidi Bernoussi) rue 38 n°25 1°ét.,,,,,,,,,,,Khedhri Ahmed Abdelouali,e-rdv.ma
Dr Najoua Ben Aissa,generalist,Casablanca,,26 bd du Nil bloc 32 1°ét.,,,,,,,,,,,Ben Aissa Najoua,e-rdv.ma
Dr Assia Benjelloun,generalist,Casablanca,Bourgogne,bd de Bourgogne ang. rue Abou Waqt Khalaf résid. Anakhil II 1° ét.,,,,,,,,,,,Benjelloun Assia,e-rdv.ma
Dr Mustapha Aouzal,generalist,Casablanca,,11 avenue Lagouira - ex F (cité Jemaa) hay Ittisal 3,,,,,,,,,,,Aouzal Mustapha,e-rdv.ma
Dr Zakia Belmouden,generalist,Casablanca,,349 X avenue du Cdt Driss Lharti - ex A,,,,,,,,,,,Belmouden Zakia,e-rdv.ma
Dr Abdelhak Mekouar,generalist,Casablanca,,rue des Beni M'Guild rue 13 n°31 hay Laayoune,,,,,,,,,,,Mekouar Abdelhak,e-rdv.ma
Dr Driss Amrani,generalist,Casablanca,,246 bd Aba Chouaïb Doukali hay Chifa II,,,,,,,,,,,Amrani Driss,e-rdv.ma
Dr Nadia Garmouma,generalist,Casablanca,Derb Sultan,Centre de santé Korea Fida derb sultane,,,,,,,,,,,Garmouma Nadia,e-rdv.ma
Dr Ahmed Allami,generalist,Casablanca,Sidi Moumen,hay Sidi Moumen rue 22 carrière rhamna av Lhoussine Assousi,,,,,,,,,,,Allami Ahmed,e-rdv.ma
Dr Nadejda Laurenties Boutomo,generalist,Casablanca,,144 avenue Moulay Hassan 1er 2°ét. Branes,,,,,,,,,,,Laurenties Boutomo Nadejda,e-rdv.ma
Dr Mohamed Benslimane Andaloussi,generalist,Casablanca,,bd Abou Bakr El Kadiri résid. Ahfad imm. E 1°ét. n°4,,,,,,,,,,,Benslimane Andaloussi Mohamed,e-rdv.ma
Dr Sara Hajouli,generalist,Casablanca,,lotiss. Al Badr GH 5 imm. A 40 1°ét. appt. 6 El Gantour,,,,,,,,,,,Hajouli Sara,e-rdv.ma
Dr Wafae ElHaloui,generalist,Casablanca,,23 rue Abdelkrim Diouri Massira 1B,,,,,,,,,,,ElHaloui Wafae,e-rdv.ma
Dr Karim Ouali,generalist,Casablanca,,133 bd Moulay Youssef appt. n°2 Hassan,,,,,,,,,,,Ouali Karim,e-rdv.ma
Dr Issam Atif,generalist,Casablanca,,121 av Mohamed Zefzaf -ex A appt. n°5 lot. Talbi,,,,,,,,,,,Atif Issam,e-rdv.ma
Dr Nadia Filahi,generalist,Casablanca,,bloc Artisanat rue 5 n°27 bd. Lahraouiyine,,,,,,,,,,,Filahi Nadia,e-rdv.ma
Dr Abdellatif Mseffer,generalist,Casablanca,,8 bd Abdellah Senhaji - ex C lotiss. Amal 1°ét.,,,,,,,,,,,Mseffer Abdellatif,e-rdv.ma
Dr Sarra Belghazal,generalist,Casablanca,,lot. Omariya rue 49 n°6 appt.8,,,,,,,,,,,Belghazal Sarra,e-rdv.ma
Dr Nazha Rhnimi Mhadi,generalist,Casablanca,,253 avenue du Cdt Driss Lharti - ex A lot. El Baraka 1°ét.,,,,,,,,,,,Rhnimi Mhadi Nazha,e-rdv.ma
Dr Fatima Aouab Belouas,generalist,Casablanca,,derb Haj Omar Mazzoughi -ex ElHouria rue 11 n° 26,,,,,,,,,,,Aouab Belouas Fatima,e-rdv.ma
Dr Mina EL Jabiri,generalist,Casablanca,Sidi Maârouf,119 lotiss. Al Adarissa Sidi Maârouf,,,,,,,,,,,EL Jabiri Mina,e-rdv.ma
Dr Atika Aissouni,generalist,Casablanca,,bd Nil bloc 22 n°46 1°ét.,,,,,,,,,,,Aissouni Atika,e-rdv.ma
Dr Mohamed Idouk,generalist,Casablanca,,437 avenue du Cdt Driss Lharti - ex A cité Djemaâ,,,,,,,,,,,Idouk Mohamed,e-rdv.ma
Dr Yassine Adili,generalist,Casablanca,,hay Nassim résid. Jardins Nassim 342 appt.n°3,,,,,,,,,,,Adili Yassine,e-rdv.ma
Dr Jamila Kouar Bennani,generalist,Casablanca,,lot Al Baraka lot Hadj Elfateh 2°ét. n 275 Farah 1,,,,,,,,,,,Kouar Bennani Jamila,e-rdv.ma
Dr Youssef Hanane,generalist,Casablanca,,762 av du Six Novembre 1975 - ex B 1°ét.,,,,,,,,,,,Hanane Youssef,e-rdv.ma
Dr Latifa Boudad,generalist,Casablanca,Oulfa,hay El Oulfa lotiss. Annaïm imm. A20 appt. 3,,,,,,,,,,,Boudad Latifa,e-rdv.ma
Dr Aïcha ElOuizi,generalist,Casablanca,,bd Oued Oum Rabie résid. AlFirdaous imm. T12 appt. n°1 GH 1B,,,,,,,,,,,ElOuizi Aïcha,e-rdv.ma
Dr Fatima Araour ElFajri,generalist,Casablanca,,99 av Abou Hanifa Noaman ex A,,,,,,,,,,,Araour ElFajri Fatima,e-rdv.ma
Dr Friederike Lebbe Sekkat,generalist,Casablanca,Oulfa,av Oued Tensift ang. rue 88 n°2 hay El Oulfa Farah 1,,,,,,,,,,,Lebbe Sekkat Friederike,e-rdv.ma
Dr Abderrazak Serghini,generalist,Casablanca,,132 bd Ibn Tachfine 1°ét.,,,,,,,,,,,Serghini Abderrazak,e-rdv.ma
Dr Hakim Najioullah,generalist,Casablanca,,67 av des Forces Armées Royales,,,,,,,,,,,Najioullah Hakim,e-rdv.ma
Dr Mustapha Merssitti,generalist,Casablanca,,17 bd. E grp.3,,,,,,,,,,,Merssitti Mustapha,e-rdv.ma
Dr Rachida Benqadi Benwahoud,generalist,Casablanca,Bourgogne,152 bd de Bourgogne 3°ét. appt. 5 Hassan,,,,,,,,,,,Benqadi Benwahoud Rachida,e-rdv.ma
Dr Karima Ougoujil,generalist,Casablanca,,70 av. Mokhtar B.Ahmed Guernaoui lot.Saâda,,,,,,,,,,,Ougoujil Karima,e-rdv.ma
Dr Farouk Raoud,generalist,Casablanca,,30 rue Faidi Khalifa -ex Lafayette 2°ét. appt. n°15,,,,,,,,,,,Raoud Farouk,e-rdv.ma
Dr Abdelkrim Azize,generalist,Casablanca,Moulay Rachid,hay Moulay Rachid (Ben M'Sik) grp. 3 1°ét. n°2,,,,,,,,,,,Azize Abdelkrim,e-rdv.ma
Dr Aïcha Allali Benlhabib,generalist,Casablanca,,106 avenue Joulan - ex D Hay Manssour 1°ét.,,,,,,,,,,,Allali Benlhabib Aïcha,e-rdv.ma
Dr Fouad Bennani,generalist,Casablanca,Sidi Bernoussi,cité Sidi Bernoussi bloc 7 n°35,,,,,,,,,,,Bennani Fouad,e-rdv.ma
Dr Jouhara Benjelloun Benkiran,generalist,Casablanca,,282 bd Ibn Tachfine 1°ét. Hakam II,,,,,,,,,,,Benjelloun Benkiran Jouhara,e-rdv.ma
Dr Saida Moutazakki Abbour,generalist,Casablanca,,295 bd de Sefrou 1°ét.,,,,,,,,,,,Moutazakki Abbour Saida,e-rdv.ma
Dr Hadia Mounsif,generalist,Casablanca,,lotiss. Farah Essalam lot. Azhar GH 26 n°311,,,,,,,,,,,Mounsif Hadia,e-rdv.ma
Dr Elhassan Adnane,generalist,Casablanca,,hay Omar Ibn Khattab rue 7 n°4,,,,,,,,,,,Adnane Elhassan,e-rdv.ma
Dr Najat Draya Aichor,generalist,Casablanca,,43 avenue Khaidar Ben Abdellah - ex C hay My Rachid 1°ét.,,,,,,,,,,,Draya Aichor Najat,e-rdv.ma
Dr ElHoussine Khouira,generalist,Casablanca,,67 rue Ibn Nafiss - ex Faucilles 1°ét.,,,,,,,,,,,Khouira ElHoussine,e-rdv.ma
Dr Hajar Amraine,generalist,Casablanca,,lot. Anassi riad Bernoussi 1 GH 5 IMM. 4 n°3,,,,,,,,,,,Amraine Hajar,e-rdv.ma
Dr Lamiaa Kabbaj,generalist,Casablanca,Sidi Maârouf,lotiss. Al Moustakbal Gh.30 imm. L 265 n°1 Sidi Maârouf,,,,,,,,,,,Kabbaj Lamiaa,e-rdv.ma
Dr Fatima Zoheir,generalist,Casablanca,,rue de la Sécurité sociale -ex Jules Grévy polycl. Cnss,,,,,,,,,,,Zoheir Fatima,e-rdv.ma
Dr Fatima Housni,generalist,Casablanca,El Fida,385 bd El Fida,,,,,,,,,,,Housni Fatima,e-rdv.ma
Dr Kenza Saâd,generalist,Casablanca,,lot. Al Azhar Tranche 1 résid. Madinati imm. 12 n° 3,,,,,,,,,,,Saâd Kenza,e-rdv.ma
Dr Najia Naciri Bennani,generalist,Casablanca,Sidi Bernoussi,hay Mansour I (Sidi Bernoussi) bloc 52 n°53,,,,,,,,,,,Naciri Bennani Najia,e-rdv.ma
Dr Kenza Bekkali,generalist,Casablanca,,lotiss. Al Moustakbal Gh2 imm. C92 rte 1029,,,,,,,,,,,Bekkali Kenza,e-rdv.ma
Dr Zahra Lamhaouar Fatima,generalist,Casablanca,,68 avenue des Forces Auxiliaires (Mly Rchid) rue 11 1°ét. appt. n°1 Bournazil,,,,,,,,,,,Lamhaouar Fatima Zahra,e-rdv.ma
Dr Rabia Squalli Majbar,generalist,Casablanca,,252 avenue du Deux Mars 1°ét.,,,,,,,,,,,Squalli Majbar Rabia,e-rdv.ma
Dr Fouad Benjelloun Abidi Mohamed,generalist,Casablanca,,bd El Qods résid. Addamane grp. GH06 imm.35 n°1,,,,,,,,,,,Benjelloun Abidi Mohamed Fouad,e-rdv.ma
Dr Bouchaib Smaali,generalist,Casablanca,,66 rue Abbasides - ex Abyssinie hay Smara,,,,,,,,,,,Smaali Bouchaib,e-rdv.ma
Dr Siham Hanana,generalist,Casablanca,,58 bd Amgala - ex A hay Yasmina I,,,,,,,,,,,Hanana Siham,e-rdv.ma
Dr Omar Nour,generalist,Casablanca,,77 rue du Gharb Hay Laâyoune,,,,,,,,,,,Nour Omar,e-rdv.ma
Dr Abdellatif Rabani,generalist,Casablanca,,rue de la Sécurité sociale -ex Jules Grévy polycl.cnss,,,,,,,,,,,Rabani Abdellatif,e-rdv.ma
Dr Naïma Jerri,generalist,Casablanca,,hay Salama III grp.1 bloc P n°1 1°ét.,,,,,,,,,,,Jerri Naïma,e-rdv.ma
Dr Amine Chelly Mohamed,generalist,Casablanca,,64 rue Abdellah El Mediouni - Casablanca 1°ét. appt. 2 Massira 1B,,,,,,,,,,,Chelly Mohamed Amine,e-rdv.ma
Dr Zineb Benouna,generalist,Casablanca,,derb Moulay Larbi Alaoui - ex Fomar Sidi Othman rue 50 n°36 1°ét.,,,,,,,,,,,Benouna Zineb,e-rdv.ma
Dr Hassan Smires Mohamed,generalist,Casablanca,,492 bd de Dakhla Jamila 5,,,,,,,,,,,Smires Mohamed Hassan,e-rdv.ma
Dr Meriem Ben El Fellah,generalist,Casablanca,Moulay Rachid,hay Moulay Rachid I - ex Bournazel rue 1 n°62,,,,,,,,,,,Ben El Fellah Meriem,e-rdv.ma
Dr Zineb Bennis,generalist,Casablanca,,8 av Mohamed Zefzaf -ex A ang. bd Omar Ibnou AlKattab résid. Rym 1°ét. appt. n°3,,,,,,,,,,,Bennis Zineb,e-rdv.ma
Dr Imane Benouhoud,generalist,Casablanca,Oulfa,hay El Oulfa résid. Arreda Gh6 n°4 A 35,,,,,,,,,,,Benouhoud Imane,e-rdv.ma
Dr Halima Saissi,generalist,Casablanca,,701 avenue Oued Dahab (cité Jemâa) Jamila 4,,,,,,,,,,,Saissi Halima,e-rdv.ma
Dr Lahoussaine Bougrine,generalist,Casablanca,Sidi Moumen,hay Sidi Moumen Jdid rue 11 n°2 grp. 8,,,,,,,,,,,Bougrine Lahoussaine,e-rdv.ma
Dr Laila Debbagh,generalist,Casablanca,,route d' El Jadida c.com. Nadia imm.3 1°ét.,,,,,,,,,,,Debbagh Laila,e-rdv.ma
Dr Touria Bentalba,generalist,Casablanca,,avenue Mohamed Bouziane résid. Farhatine imm. 9,,,,,,,,,,,Bentalba Touria,e-rdv.ma
Dr Eljabri Jaouad,generalist,Casablanca,,15 bd Chefchaouni - Casablanca lotiss. Alfal,,,,,,,,,,,Jaouad Eljabri,e-rdv.ma
Dr ElHoussine Malhi,generalist,Casablanca,Sidi Bernoussi,cité Sidi Bernoussi bloc 5 n°16,,,,,,,,,,,Malhi ElHoussine,e-rdv.ma
Dr Redouane ElArabi,generalist,Casablanca,,141 lotiss. Haj Fateh appt. n°2,,,,,,,,,,,ElArabi Redouane,e-rdv.ma
Dr Jamaa Bram Jean,generalist,Casablanca,,6 rue d' Auvergne,,,,,,,,,,,Bram Jean Jamaa,e-rdv.ma
Dr Khadija Benjelloun ElBoury,generalist,Casablanca,Bourgogne,bd de Bourgogne résid. AlMachrik I 1°ét.,,,,,,,,,,,Benjelloun ElBoury Khadija,e-rdv.ma
Dr Hasna Ennil,generalist,Casablanca,Lissasfa,152 quartier Lissasfa (route d'El Jadida) Extention,,,,,,,,,,,Ennil Hasna,e-rdv.ma
Dr Souad Tahiri,generalist,Casablanca,Bourgogne,112 rue Abou Al Waqt Khalaf -ex Forest G7 2°ét. Bourgogne Hassan,,,,,,,,,,,Tahiri Souad,e-rdv.ma
Dr Khalid Hamamsi,generalist,Casablanca,,6 bd de la Grande Ceinture (h.Mohammadi) 1°ét. lotiss. Nadia,,,,,,,,,,,Hamamsi Khalid,e-rdv.ma
Dr Saida El Hajjam,generalist,Casablanca,Oulfa,hay El Oulfa rue 41 n°8 1°ét. appt. 2 Wifaq 3,,,,,,,,,,,El Hajjam Saida,e-rdv.ma
Dr Youssef Chtaini,generalist,Casablanca,,101 hay El Wifak II rue 64,,,,,,,,,,,Chtaini Youssef,e-rdv.ma
Dr Jamaâ ElYazami Adlouni,generalist,Casablanca,,avenue du Cdt Driss Lharti - ex A résid. ElHayani 13 imm. E 1°ét. appt.33,,,,,,,,,,,ElYazami Adlouni Jamaâ,e-rdv.ma
Dr Latifa Derrij Rachidi,generalist,Casablanca,,10 bd de la Grande Ceinture (h.Mohammadi),,,,,,,,,,,Derrij Rachidi Latifa,e-rdv.ma
Dr Salha Boutayeb Bakal,generalist,Casablanca,,derb Fokara rue 31 n°29,,,,,,,,,,,Boutayeb Bakal Salha,e-rdv.ma
Dr Abderrazak Ben Tebbaa,generalist,Casablanca,,40 rue Chiadma,,,,,,,,,,,Ben Tebbaa Abderrazak,e-rdv.ma
Dr Mohamed Chahbi,generalist,Casablanca,,544 bd Panoramique ghanem,,,,,,,,,,,Chahbi Mohamed,e-rdv.ma
Dr Asmae Meziati,generalist,Casablanca,,274 lotiss. Haj Fateh,,,,,,,,,,,Meziati Asmae,e-rdv.ma
Dr Kenza Choukri,generalist,Casablanca,,lotiss. Al Moustakbal Gh3 1°ét,,,,,,,,,,,Choukri Kenza,e-rdv.ma
Dr Driss Rochd,generalist,Casablanca,,110 bd Chefchaouni km 11 5 - 1°ét.,,,,,,,,,,,Rochd Driss,e-rdv.ma
Dr Mohamed Belcadi Abbassi,generalist,Casablanca,Hay Mohammadi,hay Mohammadi Saâda 2 Bloc 308 rue 37 n°139,,,,,,,,,,,Belcadi Abbassi Mohamed,e-rdv.ma
Dr Bouchaïb Khaber,generalist,Casablanca,Sidi Maarouf,derb Sidi Maarouf I (A.Chok) rue 89 n°154,,,,,,,,,,,Khaber Bouchaïb,e-rdv.ma
Dr Hind Yeznasni,generalist,Casablanca,,. bd Chefchaouni - Casablanca Compl. Résidentiel Amlak Bernoussi Gh4 Immb. 27 Appt. 4,,,,,,,,,,,Yeznasni Hind,e-rdv.ma
Dr Hayat Benlemlih,generalist,Casablanca,,19 rue de la Sécurité sociale -ex Jules Grévy résid. Mamoun 3 rdc. appt. 2,,,,,,,,,,,Benlemlih Hayat,e-rdv.ma
Dr Aicha Fetich,generalist,Casablanca,,172 avenue Chaouki Jilali Meskini ex Lhoucin B.A Toto bloc 9 Koudia H.M,,,,,,,,,,,Fetich Aicha,e-rdv.ma
Dr Réda El Mansouri Med,generalist,Casablanca,,76 bd Abdelmoumen - Casablanca Résid. Koutoubia 4°ét.,,,,,,,,,,,El Mansouri Med Réda,e-rdv.ma
Dr Hassan El Rharchi,generalist,Casablanca,,bloc Koudia av D n°13,,,,,,,,,,,El Rharchi Hassan,e-rdv.ma
Dr Abdelmalek Mechouary,generalist,Casablanca,,1 quartier Ahl Loghlam - Casablanca Complexe Al Fajr bloc.D imm. 3 rdc appt. 1,,,,,,,,,,,Mechouary Abdelmalek,e-rdv.ma
Dr Bouchaïb Dyani,generalist,Casablanca,,83 avenue de Dakhla -ex H (Inara) résid. Espace Chrifa imm. A 1°ét.,,,,,,,,,,,Dyani Bouchaïb,e-rdv.ma
Dr Chaïbia Asmar,generalist,Casablanca,,422 avenue Lagouira - ex F (cité Jemaa) 4°tranche 1°ét.,,,,,,,,,,,Asmar Chaïbia,e-rdv.ma
Dr Hanane Chater,generalist,Casablanca,,hay Tarik rue 56 n°24,,,,,,,,,,,Chater Hanane,e-rdv.ma
Dr Jacqueline Chbany Meriem,generalist,Casablanca,Sidi Bernoussi,cité Sidi Bernoussi Sakani lot. L rue 9 appt. 6 rdc,,,,,,,,,,,Chbany Meriem Jacqueline,e-rdv.ma
Dr Jemaa Chakri Bouanane,generalist,Casablanca,,avenue Abdelkader Essahraoui résid. Manzah 2°ét. appt. 4 hay My Rachid,,,,,,,,,,,Chakri Bouanane Jemaa,e-rdv.ma
Dr Rachad Iraqui,generalist,Casablanca,Hay Mohammadi,100 av. E (hay Mohammadi) bloc Koudia,,,,,,,,,,,Iraqui Rachad,e-rdv.ma
Dr Youssef Benazzouz,generalist,Casablanca,,191 avenue Akid Allam 1°ét.,,,,,,,,,,,Benazzouz Youssef,e-rdv.ma
Dr Samir Laaribi,generalist,Casablanca,Hay Mohammadi,bloc Koudia (hay Mohammadi) 104 rue 59 n°28,,,,,,,,,,,Laaribi Samir,e-rdv.ma
Dr Rajaa El Alaoui,generalist,Casablanca,,30 rue du Marché,,,,,,,,,,,El Alaoui Rajaa,e-rdv.ma
Dr Sakina Arafa Alaoui,generalist,Casablanca,Oulfa,hay El Oulfa rue 174 n°65 1°ét.,,,,,,,,,,,Arafa Alaoui Sakina,e-rdv.ma
Dr Raja Eddahar,generalist,Casablanca,,hay Mabrouka (Mokhtar Soussi) rue.17 n°91 1°ét.,,,,,,,,,,,Eddahar Raja,e-rdv.ma
Dr Assia ElMansouri,generalist,Casablanca,,lot Al Baraka Saad ElKheir Gh7 L91 Farah 1,,,,,,,,,,,ElMansouri Assia,e-rdv.ma
Dr Anissa Cheddadi,generalist,Casablanca,,rue El Bouhtouri -ex Touraine,,,,,,,,,,,Cheddadi Anissa,e-rdv.ma
Dr Hassane Sbioui,generalist,Casablanca,,88 rue Mohamed Meknassi-ex Langalerie 2°ét. Hassan,,,,,,,,,,,Sbioui Hassane,e-rdv.ma
Dr Abderrahim Remh,generalist,Casablanca,,60 avenue Anoual - ex L (hay Mabrouka),,,,,,,,,,,Remh Abderrahim,e-rdv.ma
Dr Naima Ezzahiri,generalist,Casablanca,Oulfa,274 av Oued Tensift Oulfa,,,,,,,,,,,Ezzahiri Naima,e-rdv.ma
Dr Abdellah Belhouari,generalist,Casablanca,,51 bd de la Grande Ceinture (h.Mohammadi) bloc Koudia 108,,,,,,,,,,,Belhouari Abdellah,e-rdv.ma
Dr Abdellah Moutaïb,generalist,Casablanca,,100 bd Amgala - ex A 1°ét. Yasmina 2,,,,,,,,,,,Moutaïb Abdellah,e-rdv.ma
Dr Ilham Moujib,generalist,Casablanca,,61 bd Hassan El Alaoui 1°ét.,,,,,,,,,,,Moujib Ilham,e-rdv.ma
Dr Hassan Benaboud,generalist,Casablanca,,hay Omar Ibn Khattab rue 29 n°80,,,,,,,,,,,Benaboud Hassan,e-rdv.ma
Dr Nezha Mernissi Laraqui,generalist,Casablanca,,58 rue El Mourtada 2°ét.,,,,,,,,,,,Mernissi Laraqui Nezha,e-rdv.ma
Dr Loubna Ennouni,generalist,Casablanca,,quartier Ahl Loghlam madinati Hay Azhar Gh 16 imm. 6 appt. 11,,,,,,,,,,,Ennouni Loubna,e-rdv.ma
Dr Fatiha Drief,generalist,Casablanca,,avenue du Cdt Driss Lharti - ex A lot 24 grp. I hay Mly Rachid,,,,,,,,,,,Drief Fatiha,e-rdv.ma
Dr Rachida ElMansouri Mourji,generalist,Casablanca,,avenue du Dix Mars 1982 (Sidi Othman) 3°ét. place de la Prefecture,,,,,,,,,,,ElMansouri Mourji Rachida,e-rdv.ma
Dr Mohamed Allach,generalist,Casablanca,,avenue Joulan - ex D bloc 16 appt. n°1 sidi Othman,,,,,,,,,,,Allach Mohamed,e-rdv.ma
Dr Naoual Chergui Tazi,generalist,Casablanca,,hay Nassim - Casablanca résid. Mona imm. 217 bis appt. 116,,,,,,,,,,,Chergui Tazi Naoual,e-rdv.ma
Dr Habiba Msellem Khachchane,generalist,Casablanca,Lissasfa,quartier Lissasfa III (route d'El Jadida) bloc C n°55,,,,,,,,,,,Msellem Khachchane Habiba,e-rdv.ma
Dr Soumia Hachimi Slaoui,generalist,Casablanca,,149 avenue Ali Yata -ex Foum Lahsan,,,,,,,,,,,Hachimi Slaoui Soumia,e-rdv.ma
Dr Salwa Filali,generalist,Casablanca,,lot Al Baraka imm. T74 appt. n°1 Farah 1,,,,,,,,,,,Filali Salwa,e-rdv.ma
Dr Latifa Rafai,generalist,Casablanca,,bd El Qods c/o polycl. C.n.s.s Inara II,,,,,,,,,,,Rafai Latifa,e-rdv.ma
Dr Souâd Meknassi Salim,generalist,Casablanca,,162 rue Lakknadssa -ex Pylones Bine Lemdoune 1°ét.,,,,,,,,,,,Meknassi Salim Souâd,e-rdv.ma
Dr Malika Mifdal,generalist,Casablanca,,36 rue Koronfal- ex Oeillets 1°ét.,,,,,,,,,,,Mifdal Malika,e-rdv.ma
Dr Lahcen Sellouf,generalist,Casablanca,Lissasfa,quartier Lissasfa I (route d'El Jadida) bloc C n° 126,,,,,,,,,,,Sellouf Lahcen,e-rdv.ma
Dr Abderrahim Bouchtane,generalist,Casablanca,Oulfa,hay El Oulfa grp. Y rue 48 n°54,,,,,,,,,,,Bouchtane Abderrahim,e-rdv.ma
Dr Fouzia Sadik,generalist,Casablanca,,104 rue des Mimosas (Beauséjour) 1°ét.,,,,,,,,,,,Sadik Fouzia,e-rdv.ma
Dr Houria Benouna,generalist,Casablanca,,lotiss.Haddioui rue 3 n°266 1°ét.,,,,,,,,,,,Benouna Houria,e-rdv.ma
Dr Noureddine Essekkat,generalist,Casablanca,,derb Bouchentouf rue 29 n°3,,,,,,,,,,,Essekkat Noureddine,e-rdv.ma
Dr Asmaâ Seddiki,generalist,Casablanca,,89 rue du Gharb,,,,,,,,,,,Seddiki Asmaâ,e-rdv.ma
Dr M'hamed Bennis,generalist,Casablanca,,713 avenue du Deux Mars,,,,,,,,,,,Bennis M'hamed,e-rdv.ma
Dr Abdelaziz Badri,generalist,Casablanca,,lot. Mandarona rue 25 n°129,,,,,,,,,,,Badri Abdelaziz,e-rdv.ma
Dr Noureddine Benyakhlef,generalist,Casablanca,,19 bd d' Inezgane 1°ét.,,,,,,,,,,,Benyakhlef Noureddine,e-rdv.ma
Dr Boualem Haddou,generalist,Casablanca,,32 avenue Wahda El Ifriquia -ex N Cité Djemâa 6 éme. Tranche,,,,,,,,,,,Haddou Boualem,e-rdv.ma
Dr Bouchra Sekkat,generalist,Casablanca,Sidi Maârouf,lotiss. Al Moustakbal Gh 13 imm. A24 appt. 1 rte 1029 Sidi Maârouf,,,,,,,,,,,Sekkat Bouchra,e-rdv.ma
Dr Lamia El Yandouzi,generalist,Casablanca,,42 rue Chaouia -ex Colbert ang. bd Mohamed V Massira 1B,,,,,,,,,,,El Yandouzi Lamia,e-rdv.ma
Dr Khadija Kamili Tahimi,generalist,Casablanca,,1481 route de Médiouna,,,,,,,,,,,Kamili Tahimi Khadija,e-rdv.ma
Dr Loubna ElAsri,generalist,Casablanca,,0 hay Nassim - Casablanca résid. Sara imm. 210 rdc. n°4,,,,,,,,,,,ElAsri Loubna,e-rdv.ma
Dr Hakima Melazou,generalist,Casablanca,,117 bd Ahmed Benbassou-ex K-s.Bernoussi Amal II,,,,,,,,,,,Melazou Hakima,e-rdv.ma
Dr Ibtissam Zaji,generalist,Casablanca,,358 bd Mohammed V appt. n°55 Aïn Sebaâ,,,,,,,,,,,Zaji Ibtissam,e-rdv.ma
Dr Ouafâe Jabri,generalist,Casablanca,Sidi Moumen,281 bd Lalla Asmaa - ex G (Sidi Moumen) bloc Marrakchi,,,,,,,,,,,Jabri Ouafâe,e-rdv.ma
Dr Naoual Jerrar,generalist,Casablanca,,349 avenue Oued Daoura lot Chahdia,,,,,,,,,,,Jerrar Naoual,e-rdv.ma
Dr Mohamed Hikam,generalist,Casablanca,,5 rue Delacroix,,,,,,,,,,,Hikam Mohamed,e-rdv.ma
Dr Eddine Benhima Jamal,generalist,Casablanca,,266 rue Sidi El Khadir derb Nejma Farah 1,,,,,,,,,,,Benhima Jamal Eddine,e-rdv.ma
Dr Mina Moumile,generalist,Casablanca,,422 bd de Goulmima 1°ét. Hassan,,,,,,,,,,,Moumile Mina,e-rdv.ma
Dr Zhai Xiaoli,generalist,Casablanca,,55 rue de Sijilmassa 1°ét. appt. n°2,,,,,,,,,,,Xiaoli Zhai,e-rdv.ma
Dr Zohra Erradi,generalist,Casablanca,,9 avenue Akid Allam 1°ét. hay Sadri,,,,,,,,,,,Erradi Zohra,e-rdv.ma
Dr ElAmine Reffadi Bouchra,generalist,Casablanca,,38 avenue Joulan - ex D Jamila 4,,,,,,,,,,,Reffadi Bouchra ElAmine,e-rdv.ma
Dr Wafaa Chakir Sellami,generalist,Casablanca,,193 rue Oussama Ibn Zaid - ex Jura,,,,,,,,,,,Chakir Sellami Wafaa,e-rdv.ma
Dr Abdelali Benkarim,generalist,Casablanca,Oulfa,hay El Oulfa résid. Dar Essalam GH 6 Imm. 44. n°7,,,,,,,,,,,Benkarim Abdelali,e-rdv.ma
Dr Latifa Louitri,generalist,Casablanca,,53 rue Abou Rakrak -ex Verdun 2°ét.,,,,,,,,,,,Louitri Latifa,e-rdv.ma
Dr Mohamed Lazrak,generalist,Casablanca,,hay Ettaaoune grp.2 n°44 rue 70 Farah 1,,,,,,,,,,,Lazrak Mohamed,e-rdv.ma
Dr Bouchra Sbai,generalist,Casablanca,,142 bd El Khalil (Aïn Chok) 1°ét.,,,,,,,,,,,Sbai Bouchra,e-rdv.ma
Dr Bassim Sribi,generalist,Casablanca,,hay Salama III grp.3 bloc D n°14,,,,,,,,,,,Sribi Bassim,e-rdv.ma
Dr Mohamed Janbakly Moataz,generalist,Casablanca,,lot. Al Azhar tranche 4 imm. 14 appt. 34,,,,,,,,,,,Janbakly Moataz Mohamed,e-rdv.ma
Dr Fadwa Ouifaq,generalist,Casablanca,,avenue Ali Yata -ex Foum Lahsan résid. Basma1 imm.5 n°6 El Gantour,,,,,,,,,,,Ouifaq Fadwa,e-rdv.ma
Dr Said Rami,generalist,Casablanca,,554 avenue Oued Dahab (cité Jemâa),,,,,,,,,,,Rami Said,e-rdv.ma
Dr Mohamed Alami,generalist,Casablanca,,rue des Beni M'Guild ang. rue 17 n°2,,,,,,,,,,,Alami Mohamed,e-rdv.ma
Dr Myriam Wahbi Zizi,generalist,Casablanca,,hay Ifriquia Souad 2 rue 55 n°6,,,,,,,,,,,Wahbi Zizi Myriam,e-rdv.ma
Dr Rachida Elyafi,generalist,Casablanca,,avenue Abdelkader Essahraoui résid. AlBaida 2 imm.1 1°ét. n°5,,,,,,,,,,,Elyafi Rachida,e-rdv.ma
Dr M'hamed Akkad,generalist,Casablanca,,57 avenue du Dix Mars,,,,,,,,,,,Akkad M'hamed,e-rdv.ma
Dr Zaineb Idrissi Kamal,generalist,Casablanca,,4 avenue du Dix Mars hay AlWahda Ouled Malouk,,,,,,,,,,,Idrissi Kamal Zaineb,e-rdv.ma
Dr Asmae Charaï,generalist,Casablanca,,derb Saadia II rue 92 n°11 1°ét. Koréa,,,,,,,,,,,Charaï Asmae,e-rdv.ma
Dr Miloud Noujoum,generalist,Casablanca,Sidi Moumen,12 rue Lhoussine Assoussi (Sidi Moumen) résid. Jardin de Mimosa 1°ét. appt. 1C,,,,,,,,,,,Noujoum Miloud,e-rdv.ma
Dr Fouad Badssi,generalist,Casablanca,,896 avenue du Cdt Driss Lharti - ex A 1°ét.,,,,,,,,,,,Badssi Fouad,e-rdv.ma
Dr Bahija Lebbar Lazrak,generalist,Casablanca,,156 bd de la Grande Ceinture (h.Mohammadi),,,,,,,,,,,Lebbar Lazrak Bahija,e-rdv.ma
Dr Afifa Mrani,generalist,Casablanca,,52 rue Benbrahim El Marrakchi ex Thomas 1°ét. Hassan,,,,,,,,,,,Mrani Afifa,e-rdv.ma
Dr Abderrahmane Ahjgoun,generalist,Casablanca,,106 rue de l' Imam El Castalani hay Dakhla,,,,,,,,,,,Ahjgoun Abderrahmane,e-rdv.ma
Dr Abdelaziz Hassanain,generalist,Casablanca,,214 avenue Reda Guédira -ex Nil 1°ét.,,,,,,,,,,,Hassanain Abdelaziz,e-rdv.ma
Dr Hanane Khouri,generalist,Casablanca,Oulfa,hay El Oulfa résid. Al Azhar GH 56B imm. 48 n°9,,,,,,,,,,,Khouri Hanane,e-rdv.ma
Dr Abdelhak Sakhy,generalist,Casablanca,Lissasfa,K090 douar Lissasfa II (route d'El Jadida) Km 9,,,,,,,,,,,Sakhy Abdelhak,e-rdv.ma
Dr Latifa Bousmar,generalist,Casablanca,,avenue du Cdt Driss Lharti - ex A rue 24 n°71,,,,,,,,,,,Bousmar Latifa,e-rdv.ma
Dr Bouchra Ammor,generalist,Casablanca,Anfa,bd d' Anfa ang.rue d'Algèrie 8°èt. app 28,,,,,,,,,,,Ammor Bouchra,e-rdv.ma
Dr Asmaa Eddahar,generalist,Casablanca,Oulfa,hay El Oulfa lotiss. Dakhla Essalam imm. 1 rdc. appt. 2,,,,,,,,,,,Eddahar Asmaa,e-rdv.ma
Dr Mohamed Belcaid,generalist,Casablanca,,lot. Anassi bloc 11 entrée 7 n°62 Ahl Loghlam,,,,,,,,,,,Belcaid Mohamed,e-rdv.ma
Dr Laila Khairoun,generalist,Casablanca,,lotiss. Al Badr GH5 imm.44 n°3 Aïn Sebaâ El Gantour,,,,,,,,,,,Khairoun Laila,e-rdv.ma
Dr Randa Figuigui,generalist,Casablanca,,14 avenue Wahda El Ifriquia -ex N 1°ét.,,,,,,,,,,,Figuigui Randa,e-rdv.ma
Dr Brahim Tagnaouti,generalist,Casablanca,,70 rue de Normandie 1°ét.,,,,,,,,,,,Tagnaouti Brahim,e-rdv.ma
Dr Abdessadek Naour,generalist,Casablanca,,468 bd Abdellah Senhaji - ex C Idrissia 2 1°ét.,,,,,,,,,,,Naour Abdessadek,e-rdv.ma
Dr Ahmed M'rabet,generalist,Casablanca,,4 avenue Souhaib Erroumi exH (s.Bernoussi,,,,,,,,,,,M'rabet Ahmed,e-rdv.ma
Dr Tahar Safraoui,generalist,Casablanca,,hay El Farah rue 51 n°133,,,,,,,,,,,Safraoui Tahar,e-rdv.ma
Dr Hasna Aboulfadl,generalist,Casablanca,,hay Anigrit (h. Rmila) rue 22 n°226 1° ét.,,,,,,,,,,,Aboulfadl Hasna,e-rdv.ma
Dr Habiba Benslimane Bentahila,generalist,Casablanca,,bd Yacoub El Mansour (Beauséjour) résid. ElMansour imm. 22 appt. n°1,,,,,,,,,,,Benslimane Bentahila Habiba,e-rdv.ma
Dr Taieb Kadiri Hassani,generalist,Casablanca,,181 rue des Aït Yafalmane hay Laayoune,,,,,,,,,,,Kadiri Hassani Taieb,e-rdv.ma
Dr Zineb Benamour Khoungui,generalist,Casablanca,,75 bd Moulay Youssef 1°ét. Hassan,,,,,,,,,,,Benamour Khoungui Zineb,e-rdv.ma
Dr Khaoula Hajji Ouafi,generalist,Casablanca,,hay El Osra rue 33 n°23,,,,,,,,,,,Hajji Ouafi Khaoula,e-rdv.ma
Dr Hasnaâ Alouhmy,generalist,Casablanca,,cité Lalla Mériem bloc 70 n°15 1°ét.,,,,,,,,,,,Alouhmy Hasnaâ,e-rdv.ma
Dr Mostafa Haggui,generalist,Casablanca,Sidi Moumen,hay Sidi Moumen lotiss. Al Yakine imm. 8 n°1,,,,,,,,,,,Haggui Mostafa,e-rdv.ma
Dr Abdelhaq Boujeddaine Tsouli,generalist,Casablanca,,bd Taza (Aïn Chok) rue 50 n°2 H. My Abdallah,,,,,,,,,,,Boujeddaine Tsouli Abdelhaq,e-rdv.ma
Dr Souad Guessous,generalist,Casablanca,Hay Hassani,119 bd d' Afghanistan (hay Hassani) Farah 1,,,,,,,,,,,Guessous Souad,e-rdv.ma
Dr Hajar Aazazi,dentistry,Casablanca,,"☆ ☆ ☆ ☆ ☆ (0 avis) <div class=""result-search-item-n",,,,,,,,,,,Aazazi Hajar,telecontact.ma
Dr Anas Abassi,dentistry,Casablanca,,"☆ ☆ ☆ ☆ ☆ (0 avis) <div class=""result-search-item-non",,,,,,,,,,,Abassi Anas,telecontact.ma
Dr Chakib Abassi Chraïbi,dentistry,Casablanca,,☆ ☆ ☆ ☆ ☆ (0 avis) <div,,,,,,,,,,,Abassi Chraïbi Chakib,telecontact.ma
Dr Fatima Abba,dentistry,Casablanca,,"☆ ☆ ☆ ☆ ☆ (0 avis) <div class=""result-search-item-non",,,,,,,,,,,Abba Fatima,telecontact.ma
Dr Bouchra Abbassi,dentistry,Casablanca,,"☆ ☆ ☆ ☆ ☆ (0 avis) <div class=""result-sear",,,,,,,,,,,Abbassi Bouchra,telecontact.ma
Dr Kamal Abbassi Mohammed,dentistry,Casablanca,,☆ ☆ ☆ ☆ ☆ (0 avis) <d,,,,,,,,,,,Abbassi Mohammed Kamal,telecontact.ma
Dr Amine Abdelhay,dentistry,Casablanca,,"☆ ☆ ☆ ☆ ☆ (0 avis) <div class=""result-search",,,,,,,,,,,Abdelhay Amine,telecontact.ma
Dr Ouafaa Abdeljamil,dentistry,Casablanca,,"☆ ☆ ☆ ☆ ☆ (0 avis) <div class=""resul",,,,,,,,,,,Abdeljamil Ouafaa,telecontact.ma
Dr Salwa Abdelkhaleq,dentistry,Casablanca,,"☆ ☆ ☆ ☆ ☆ (0 avis) <div class=""resul",,,,,,,,,,,Abdelkhaleq Salwa,telecontact.ma
Dr Saidi Abdellah,dentistry,Casablanca,,"☆ ☆ ☆ ☆ ☆ (0 avis) <div class=""result-search",,,,,,,,,,,Abdellah Saidi,telecontact.ma
Dr Aïcha Abdellaoui,dentistry,Casablanca,,"☆ ☆ ☆ ☆ ☆ (0 avis) <div class=""result-s",,,,,,,,,,,Abdellaoui Aïcha,telecontact.ma
Dr Oumaima Abdelmounim,dentistry,Casablanca,,☆ ☆ ☆ ☆ ☆ (0 avis) <div class=,,,,,,,,,,,Abdelmounim Oumaima,telecontact.ma
Dr Naima Abderrazik,dentistry,Casablanca,,"☆ ☆ ☆ ☆ ☆ (0 avis) <div class=""result-s",,,,,,,,,,,Abderrazik Naima,telecontact.ma
Dr Rim Abdessadak,dentistry,Casablanca,,"☆ ☆ ☆ ☆ ☆ (0 avis) <div class=""result-search",,,,,,,,,,,Abdessadak Rim,telecontact.ma
Dr Hanane Abdessamad,dentistry,Casablanca,,"☆ ☆ ☆ ☆ ☆ (0 avis) <div class=""resul",,,,,,,,,,,Abdessamad Hanane,telecontact.ma
Dr Houda Aaflani,dentistry,Dar Bouazza,Dar Bouazza,"☆ ☆ ☆ ☆ ☆ (0 avis) <div class=""result-search-i",,,,,,,,,,,Aaflani Houda,telecontact.ma
Dr Sara Amaddah,dentistry,Dar Bouazza,Dar Bouazza,"☆ ☆ ☆ ☆ ☆ (0 avis) <div class=""result-search-item",,,,,,,,,,,Amaddah Sara,telecontact.ma
Dr Hamza Benredouane,dentistry,Dar Bouazza,Dar Bouazza,"☆ ☆ ☆ ☆ ☆ (0 avis) <div class=""res",,,,,,,,,,,Benredouane Hamza,telecontact.ma
Dr Sara Bentass,dentistry,Dar Bouazza,Dar Bouazza,"☆ ☆ ☆ ☆ ☆ (0 avis) <div class=""result-search-item",,,,,,,,,,,Bentass Sara,telecontact.ma
Centre Dentaire Dar Bouazza,dentistry,Dar Bouazza,Dar Bouazza,☆ ☆ ☆ ☆ ☆ (0 avis),,,,,,,,,,,Centre Dentaire Dar Bouazza,telecontact.ma
Centre Dentaire Errahma,dentistry,Dar Bouazza,Dar Bouazza,☆ ☆ ☆ ☆ ☆ (0 avis),,,,,,,,,,,Centre Dentaire Errahma,telecontact.ma
Dr Myriam Fodda,dentistry,Dar Bouazza,Dar Bouazza,"☆ ☆ ☆ ☆ ☆ (0 avis) <div class=""result-search-it",,,,,,,,,,,Fodda Myriam,telecontact.ma
Dr Imane Guerram,dentistry,Dar Bouazza,Dar Bouazza,"☆ ☆ ☆ ☆ ☆ (0 avis) <div class=""result-search-i",,,,,,,,,,,Guerram Imane,telecontact.ma
Dr Ghizlane Haddou,dentistry,Dar Bouazza,Dar Bouazza,"☆ ☆ ☆ ☆ ☆ (0 avis) <div class=""result-se",,,,,,,,,,,Haddou Ghizlane,telecontact.ma
Dr Imane Hameddine,dentistry,Dar Bouazza,Dar Bouazza,"☆ ☆ ☆ ☆ ☆ (0 avis) <div class=""result",,,,,,,,,,,Hameddine Imane,telecontact.ma
Dr Ayoub Jalal,dentistry,Dar Bouazza,Dar Bouazza,"☆ ☆ ☆ ☆ ☆ (0 avis) <div class=""result-search-item-no",,,,,,,,,,,Jalal Ayoub,telecontact.ma
Dr Wassila Khadraoui,dentistry,Dar Bouazza,Dar Bouazza,"☆ ☆ ☆ ☆ ☆ (0 avis) <div class=""res",,,,,,,,,,,Khadraoui Wassila,telecontact.ma
Dr Oumaima Mezzi,dentistry,Dar Bouazza,Dar Bouazza,"☆ ☆ ☆ ☆ ☆ (0 avis) <div class=""result-search-i",,,,,,,,,,,Mezzi Oumaima,telecontact.ma
Dr Saida Outegda,dentistry,Dar Bouazza,Dar Bouazza,"☆ ☆ ☆ ☆ ☆ (0 avis) <div class=""result-search-i",,,,,,,,,,,Outegda Saida,telecontact.ma
Dr Asmaa Sehbaoui,dentistry,Dar Bouazza,Dar Bouazza,"☆ ☆ ☆ ☆ ☆ (0 avis) <div class=""result-sea",,,,,,,,,,,Sehbaoui Asmaa,telecontact.ma
Dr Samia Squalli Houssaini,dentistry,Dar Bouazza,Dar Bouazza,☆ ☆ ☆ ☆ ☆ (0 avis),,,,,,,,,,,Squalli Houssaini Samia,telecontact.ma
Dr Hind Alaoui,dentistry,Bouskoura,Bouskoura,"☆ ☆ ☆ ☆ ☆ (0 avis) <div class=""result-search-item-non-an",,,,,,,,,,,Alaoui Hind,telecontact.ma
Dr Sara Azim,dentistry,Bouskoura,Bouskoura,"☆ ☆ ☆ ☆ ☆ (0 avis) <div class=""result-search-item-non-annonc",,,,,,,,,,,Azim Sara,telecontact.ma
Dr Laila Benazzouz,dentistry,Bouskoura,Bouskoura,"☆ ☆ ☆ ☆ ☆ (0 avis) <div class=""result-search",,,,,,,,,,,Benazzouz Laila,telecontact.ma
Dr Hajar Benlabsir,dentistry,Bouskoura,Bouskoura,"☆ ☆ ☆ ☆ ☆ (0 avis) <div class=""result-search",,,,,,,,,,,Benlabsir Hajar,telecontact.ma
Dr Siham Bennani Naciri,dentistry,Bouskoura,Bouskoura,☆ ☆ ☆ ☆ ☆ (0 avis) <div class,,,,,,,,,,,Bennani Naciri Siham,telecontact.ma
Dr Soumiya Bennani,dentistry,Bouskoura,Bouskoura,"☆ ☆ ☆ ☆ ☆ (0 avis) <div class=""result-search",,,,,,,,,,,Bennani Soumiya,telecontact.ma
Dr Ibtissam Berrichi,dentistry,Bouskoura,Bouskoura,"☆ ☆ ☆ ☆ ☆ (0 avis) <div class=""result",,,,,,,,,,,Berrichi Ibtissam,telecontact.ma
Dr Naima Bouakhaden,dentistry,Bouskoura,Bouskoura,"☆ ☆ ☆ ☆ ☆ (0 avis) <div class=""result-sea",,,,,,,,,,,Bouakhaden Naima,telecontact.ma
Cabinet Dentaire Bouskoura,dentistry,Bouskoura,Bouskoura,☆ ☆ ☆ ☆ ☆ (0 avis) </d,,,,,,,,,,,Cabinet Dentaire Bouskoura,telecontact.ma
Centre Dentaire Bouskoura,dentistry,Bouskoura,Bouskoura,☆ ☆ ☆ ☆ ☆ (0 avis),,,,,,,,,,,Centre Dentaire Bouskoura,telecontact.ma
Centre Dentaire Ville Verte,dentistry,Bouskoura,Bouskoura,☆ ☆ ☆ ☆ ☆ (0 avis),,,,,,,,,,,Centre Dentaire Ville Verte,telecontact.ma
Dr Kaoutar Chabka,dentistry,Bouskoura,Bouskoura,"☆ ☆ ☆ ☆ ☆ (0 avis) <div class=""result-search-it",,,,,,,,,,,Chabka Kaoutar,telecontact.ma
Dr Othman Hasbi,dentistry,Bouskoura,Bouskoura,"☆ ☆ ☆ ☆ ☆ (0 avis) <div class=""result-search-item-non",,,,,,,,,,,Hasbi Othman,telecontact.ma
Dr Salma Kabbaj,dentistry,Bouskoura,Bouskoura,"☆ ☆ ☆ ☆ ☆ (0 avis) <div class=""result-search-item-non",,,,,,,,,,,Kabbaj Salma,telecontact.ma
Dr Amine Karami,dentistry,Bouskoura,Bouskoura,"☆ ☆ ☆ ☆ ☆ (0 avis) <div class=""result-search-item-non",,,,,,,,,,,Karami Amine,telecontact.ma
Dr Mohamed Larhrissi,dentistry,Bouskoura,Bouskoura,"☆ ☆ ☆ ☆ ☆ (0 avis) <div class=""result",,,,,,,,,,,Larhrissi Mohamed,telecontact.ma
Dr Ibtissam Lyoubi Idrissi,dentistry,Bouskoura,Bouskoura,☆ ☆ ☆ ☆ ☆ (0 avis) <,,,,,,,,,,,Lyoubi Idrissi Ibtissam,telecontact.ma
Dr Youssef Nabil,dentistry,Bouskoura,Bouskoura,"☆ ☆ ☆ ☆ ☆ (0 avis) <div class=""result-search-item",,,,,,,,,,,Nabil Youssef,telecontact.ma
Dr Fadwa Rami,dentistry,Bouskoura,Bouskoura,"☆ ☆ ☆ ☆ ☆ (0 avis) <div class=""result-search-item-non-annon",,,,,,,,,,,Rami Fadwa,telecontact.ma
Dr Basma Abiki,dentistry,Mohammedia,Mohammedia,"☆ ☆ ☆ ☆ ☆ (0 avis) <div class=""result-search-item-non",,,,,,,,,,,Abiki Basma,telecontact.ma
Dr Houda Abou El Qassime,dentistry,Mohammedia,Mohammedia,☆ ☆ ☆ ☆ ☆ (0 avis) <div,,,,,,,,,,,Abou El Qassime Houda,telecontact.ma
Dr Mariyama Adnane,dentistry,Mohammedia,Mohammedia,"☆ ☆ ☆ ☆ ☆ (0 avis) <div class=""result-sear",,,,,,,,,,,Adnane Mariyama,telecontact.ma
Dr Bouchra Ait Oulahyane,dentistry,Mohammedia,Mohammedia,☆ ☆ ☆ ☆ ☆ (0 avis) <div,,,,,,,,,,,Ait Oulahyane Bouchra,telecontact.ma
Dr Soukaina Alaoui,dentistry,Mohammedia,Mohammedia,"☆ ☆ ☆ ☆ ☆ (0 avis) <div class=""result-sear",,,,,,,,,,,Alaoui Soukaina,telecontact.ma
Dr Rachid Allali,dentistry,Mohammedia,Mohammedia,"☆ ☆ ☆ ☆ ☆ (0 avis) <div class=""result-search-ite",,,,,,,,,,,Allali Rachid,telecontact.ma
Dr Hasnaa Amechmachi,dentistry,Mohammedia,Mohammedia,"☆ ☆ ☆ ☆ ☆ (0 avis) <div class=""resul",,,,,,,,,,,Amechmachi Hasnaa,telecontact.ma
Dr Houda Amine,dentistry,Mohammedia,Mohammedia,"☆ ☆ ☆ ☆ ☆ (0 avis) <div class=""result-search-item-non",,,,,,,,,,,Amine Houda,telecontact.ma
Dr Selma Arbi,dentistry,Mohammedia,Mohammedia,"☆ ☆ ☆ ☆ ☆ (0 avis) <div class=""result-search-item-non-ann",,,,,,,,,,,Arbi Selma,telecontact.ma
Dr Mohamed Arhzouni,dentistry,Mohammedia,Mohammedia,"☆ ☆ ☆ ☆ ☆ (0 avis) <div class=""result-s",,,,,,,,,,,Arhzouni Mohamed,telecontact.ma
Dr Hanane Barkate,dentistry,Mohammedia,Mohammedia,"☆ ☆ ☆ ☆ ☆ (0 avis) <div class=""result-search",,,,,,,,,,,Barkate Hanane,telecontact.ma
Dr Lailah Bechar,dentistry,Mohammedia,Mohammedia,"☆ ☆ ☆ ☆ ☆ (0 avis) <div class=""result-search-ite",,,,,,,,,,,Bechar Lailah,telecontact.ma
Dr Hakima Bekkali,dentistry,Mohammedia,Mohammedia,"☆ ☆ ☆ ☆ ☆ (0 avis) <div class=""result-search",,,,,,,,,,,Bekkali Hakima,telecontact.ma
Dr Abdellatif Belhadi,dentistry,Mohammedia,Mohammedia,"☆ ☆ ☆ ☆ ☆ (0 avis) <div class=""re",,,,,,,,,,,Belhadi Abdellatif,telecontact.ma
Dr Meriem Belkdim,dentistry,Mohammedia,Mohammedia,"☆ ☆ ☆ ☆ ☆ (0 avis) <div class=""result-search",,,,,,,,,,,Belkdim Meriem,telecontact.ma
Dr Leïla Belkdime,dentistry,Mohammedia,Mohammedia,"☆ ☆ ☆ ☆ ☆ (0 avis) <div class=""result-search",,,,,,,,,,,Belkdime Leïla,telecontact.ma
Dr Zineb Bellamlih,dentistry,Mohammedia,Mohammedia,"☆ ☆ ☆ ☆ ☆ (0 avis) <div class=""result-sear",,,,,,,,,,,Bellamlih Zineb,telecontact.ma
Dr Houssine Benmoussa,dentistry,Mediouna,Mediouna,"☆ ☆ ☆ ☆ ☆ (0 avis) <div class=""result",,,,,,,,,,,Benmoussa Houssine,telecontact.ma
Dr Khansaa Arkab,dentistry,Tit Mellil,Tit Mellil,"☆ ☆ ☆ ☆ ☆ (0 avis) <div class=""result-search-i",,,,,,,,,,,Arkab Khansaa,telecontact.ma
Dr Mehdi Chabab El,dentistry,Tit Mellil,Tit Mellil,"☆ ☆ ☆ ☆ ☆ (0 avis) <div class=""result-sear",,,,,,,,,,,Chabab El Mehdi,telecontact.ma
Dr Aziz Chemsi,dentistry,Tit Mellil,Tit Mellil,"☆ ☆ ☆ ☆ ☆ (0 avis) <div class=""result-search-item-non",,,,,,,,,,,Chemsi Aziz,telecontact.ma
Dr Clinic Echchorfi Dental,dentistry,Tit Mellil,Tit Mellil,☆ ☆ ☆ ☆ ☆ (0 avis),,,,,,,,,,,Echchorfi Dental Clinic,telecontact.ma
Dr Yassine Jarwid,dentistry,Tit Mellil,Tit Mellil,"☆ ☆ ☆ ☆ ☆ (0 avis) <div class=""result-search",,,,,,,,,,,Jarwid Yassine,telecontact.ma
Dr Hind Nadmi,dentistry,Tit Mellil,Tit Mellil,"☆ ☆ ☆ ☆ ☆ (0 avis) <div class=""result-search-item-non-ann",,,,,,,,,,,Nadmi Hind,telecontact.ma
Dr Ouiam Rezzak,dentistry,Tit Mellil,Tit Mellil,"☆ ☆ ☆ ☆ ☆ (0 avis) <div class=""result-search-item-n",,,,,,,,,,,Rezzak Ouiam,telecontact.ma
Dr Rabia Taharri,dentistry,Tit Mellil,Tit Mellil,"☆ ☆ ☆ ☆ ☆ (0 avis) <div class=""result-search-ite",,,,,,,,,,,Taharri Rabia,telecontact.ma
Dr Hakima Ait Ouahmane,dentistry,Ain Harrouda,Ain Harrouda,☆ ☆ ☆ ☆ ☆ (0 avis) <div cl,,,,,,,,,,,Ait Ouahmane Hakima,telecontact.ma
Dr Abdessamad Bentalba Mohamed,dentistry,Ain Harrouda,Ain Harrouda,☆ ☆ ☆ ☆ ☆ (0 avis) </div,,,,,,,,,,,Bentalba Mohamed Abdessamad,telecontact.ma
Centre Dentaire Zenata,dentistry,Ain Harrouda,Ain Harrouda,☆ ☆ ☆ ☆ ☆ (0 avis),,,,,,,,,,,Centre Dentaire Zenata,telecontact.ma
Dr Aymane Zahour,dentistry,Ain Harrouda,Ain Harrouda,"☆ ☆ ☆ ☆ ☆ (0 avis) <div class=""result-search",,,,,,,,,,,Zahour Aymane,telecontact.ma
Dr Laila Berrada,dentistry,Casablanca,,180 avenue Mohamed Sijelmassi -ex Phare ang. rue Tantan résid. Sami 1°ét. appt. n°2 Hassan,,,,,,,,,,,Berrada Laila,e-rdv.ma
Dr Hamza Taoudi Benchekroun,dentistry,Casablanca,,rue d' Ifni ang. rp la Gironde résid. Mariya B 1°ét. appt n°25,,,,,,,,,,,Taoudi Benchekroun Hamza,e-rdv.ma
Dr Omar Bensouda,dentistry,Casablanca,,223 bd Mohamed Zerktouni 2°ét.,,,,,,,,,,,Bensouda Omar,e-rdv.ma
Dr Hicham Benbrahim,dentistry,Casablanca,,18 X rue Ibn El Kotaiba,,,,,,,,,,,Benbrahim Hicham,e-rdv.ma
Dr Saâd Mekouar Mohamed,dentistry,Casablanca,,104 avenue du Nil - ex E/M 1°ét.,,,,,,,,,,,Mekouar Mohamed Saâd,e-rdv.ma
Dr Hajar Kamil,dentistry,Casablanca,,405 bd El Qods résid. Sakan El Anik 4ét. appt. n°25 q. Omaria,,,,,,,,,,,Kamil Hajar,e-rdv.ma
Dr Zouhair Qamari,dentistry,Casablanca,,21 bd Abdellah Ben Yacine 2°ét.,,,,,,,,,,,Qamari Zouhair,e-rdv.ma
Dr Amine Benkirane,dentistry,Casablanca,Anfa,127 bd d' Anfa,,,,,,,,,,,Benkirane Amine,e-rdv.ma
Dr Ghizlane Boughalem,dentistry,Casablanca,,rue Mohamed Sedki ang. rue Tunisie résid. la Palmeraie Verte 2°ét Hassan,,,,,,,,,,,Boughalem Ghizlane,e-rdv.ma
Dr Abdesslam Slaoui,dentistry,Casablanca,Mers Sultan,70 bd Mohamed Zerktouni 2°ét. appt 6 Quartier mers sultan 1,,,,,,,,,,,Slaoui Abdesslam,e-rdv.ma
Dr Kamilya Ouqba,dentistry,Casablanca,,203 bd Mohamed Zerktouni - Casablanca résid. Ben Ham 1°ét. n°12,,,,,,,,,,,Ouqba Kamilya,e-rdv.ma
Dr Nissrine Benjelloun,dentistry,Casablanca,,35 rue Moussa El Ayoubi - ex Bourg résid. pièrre Blanche Hassan,,,,,,,,,,,Benjelloun Nissrine,e-rdv.ma
Dr Natalia Ivanova,dentistry,Casablanca,Maârif,7 X Rue Assaad Ibn Zorara Résidence Tarik B 4ème étage N°11. Maârif,,,,,,,,,,,Ivanova  Natalia,e-rdv.ma
Dr Kenza Belkhayat,dentistry,Casablanca,,185 bd Mohamed Zerktouni résid. Zerktouni 2°ét.,,,,,,,,,,,Belkhayat Kenza,e-rdv.ma
Dr Sarah Seknaji,dentistry,Casablanca,,hay Tarik rue 61 imm. 62 2°ét.,,,,,,,,,,,Seknaji Sarah,e-rdv.ma
Dr Kawtar Fdil,dentistry,Casablanca,,285 bd Brahim Roudani - Casablanca imm Palmier B9 2ème ét appt n°14,,,,,,,,,,,Fdil Kawtar,e-rdv.ma
Dr Lamia Besri,dentistry,Casablanca,,bd Mohamed Jamal Addorra résid. El Hamd imm. Br 1A appt. n°2 El Gantour,,,,,,,,,,,Besri Lamia,e-rdv.ma
Dr Chafika ElBelghami Kadiri,dentistry,Casablanca,,17 rue Ras El Maa - ex Narbonne,,,,,,,,,,,ElBelghami Kadiri Chafika,e-rdv.ma
Dr Mohammed Jerrar,dentistry,Casablanca,,168 avenue Haj Amar Riffi 2°ét.,,,,,,,,,,,Jerrar Mohammed,e-rdv.ma
Dr Samir Rached,dentistry,Casablanca,Sidi Maarouf,rte 1029 résid. AlAhali C n° 105 Sidi Maarouf,,,,,,,,,,,Rached Samir,e-rdv.ma
Dr Mostafa Sadouk,dentistry,Casablanca,,182 avenue Aviateur Bourgadam 1°ét.,,,,,,,,,,,Sadouk Mostafa,e-rdv.ma
Dr Abbes Tounsi,dentistry,Casablanca,,hay Ifriquia - Casablanca Farage rue 52 n°43,,,,,,,,,,,Tounsi Abbes,e-rdv.ma
Dr Widad Kaf,dentistry,Casablanca,,bd Oued Oum Errabia - Casablanca immb 3 rue 75 2ème ét.,,,,,,,,,,,Kaf Widad,e-rdv.ma
Dr Asmae Mansar,dentistry,Casablanca,,480 bd Smara - Casablanca lot lazrak etage 2 appt A,,,,,,,,,,,Mansar Asmae,e-rdv.ma
Dr Khadija Atbihi,dentistry,Casablanca,,37 bd Onze Janvier rue du Yémen 2°ét. étage n°8,,,,,,,,,,,Atbihi Khadija,e-rdv.ma
Dr Khadija Fechtali Berrada,dentistry,Casablanca,,31 bd Ain Taoujtate -ex Jouffroy,,,,,,,,,,,Fechtali Berrada Khadija,e-rdv.ma
Dr Oussama Belyamani,dentistry,Casablanca,,211 av Oued Tensift - Casablanca 1er ét.,,,,,,,,,,,Belyamani Oussama,e-rdv.ma
Dr Hilalia Chakir,dentistry,Casablanca,,bd Ibn Tachfine ang. bd. Hassan Alaoui résid. Essalam imm. G3 15 n°4 1°ét.,,,,,,,,,,,Chakir Hilalia,e-rdv.ma
Dr Taïeb Asri,dentistry,Casablanca,,Hay El Madrassa rue 18 n°6,,,,,,,,,,,Asri Taïeb,e-rdv.ma
Dr Khaoula Ghallab,dentistry,Casablanca,,23 rue Abdeslam Khattabi -ex Lisbonne - Casablanca résid. Du Palais 1er ét.,,,,,,,,,,,Ghallab Khaoula,e-rdv.ma
Dr Hamza Hasnaoui,dentistry,Casablanca,,avenue Souhaib Erroumi -ex H - Casablanca Amal 1 n°75 2éme ét.,,,,,,,,,,,Hasnaoui Hamza,e-rdv.ma
Dr Abdellah Adnane,dentistry,Casablanca,,38 rue El Wifak lotiss. Douma 2°ét,,,,,,,,,,,Adnane Abdellah,e-rdv.ma
Dr Abdelaziz Moutamini,dentistry,Casablanca,,79 bd Oqba Ben Nafia,,,,,,,,,,,Moutamini Abdelaziz,e-rdv.ma
Dr Zineb Habhoub,dentistry,Casablanca,,lotiss. Zoubeir - Casablanca E129 boulevard Zoubir 2éme ét.,,,,,,,,,,,Habhoub Zineb,e-rdv.ma
Dr Ibtissam Tazi,dentistry,Casablanca,Sidi Moumen,hay Sidi Moumen - Casablanca Magibene 7-8 immb. 7 1er ét. lot Talby,,,,,,,,,,,Tazi Ibtissam,e-rdv.ma
Dr Doha Al Afifi,dentistry,Casablanca,,139 avenue Stendhal - Casablanca 1 er ét appt n°3 résid My Idriss Val Fleuri,,,,,,,,,,,Al Afifi Doha,e-rdv.ma
Dr Leïla Sadeq Idrissi,dentistry,Casablanca,,55 avenue Mohamed Bouziane,,,,,,,,,,,Sadeq Idrissi Leïla,e-rdv.ma
Dr Mehdi Mataoui,dentistry,Casablanca,,766 bd Mohammed VI 1°ét.,,,,,,,,,,,Mataoui Mehdi,e-rdv.ma
Dr Ahmed Alaoui,dentistry,Casablanca,,hay Saada rue 26 n°5 appt. n°2,,,,,,,,,,,Alaoui Ahmed,e-rdv.ma
Dr Rachid Meziani,dentistry,Casablanca,,649 bd Mohammed V résid. chaouia 3°ét.,,,,,,,,,,,Meziani Rachid,e-rdv.ma
Dr Mounir ElMassnaoui,dentistry,Casablanca,,55 lotiss. Zoubeir 2°ét.,,,,,,,,,,,ElMassnaoui Mounir,e-rdv.ma
Dr Abdul-Razzak Rahmé,dentistry,Casablanca,,45 X bd de la Grande Ceinture (h.Mohammadi) bloc 108,,,,,,,,,,,Rahmé Abdul-Razzak,e-rdv.ma
Dr Sara Ibrahimi,dentistry,Casablanca,,15 rue de Franche Comté,,,,,,,,,,,Ibrahimi Sara,e-rdv.ma
Dr Chafik ElBahi,dentistry,Casablanca,,305 avenue Oued Daoura lotiss. Haj Fateh,,,,,,,,,,,ElBahi Chafik,e-rdv.ma
Dr Aissa Ramdani,dentistry,Casablanca,,112 rue Abou Al Waqt Khalaf -ex Forest - Casablanca 2éme ét.,,,,,,,,,,,Ramdani Aissa,e-rdv.ma
Dr Ilham Aghjdam,dentistry,Casablanca,,Rte 1029 résid. AlAhali imm. B appt. n°42,,,,,,,,,,,Aghjdam Ilham,e-rdv.ma
Dr Zineb Heffoudhi,dentistry,Casablanca,,12 rue Arrachati - ex Réaumur résid. Saâd Allah 2°ét. q. des Hôpitaux,,,,,,,,,,,Heffoudhi Zineb,e-rdv.ma
Dr Amal Bennis Joundy,dentistry,Casablanca,Hay Mohammadi,154 bd. Chouhada (hay Mohammadi) hay Takadoum rue 2 1°ét.,,,,,,,,,,,Bennis Joundy Amal,e-rdv.ma
Dr Wiam Merdma,dentistry,Casablanca,,hay Jamila III (cité Djemaa) - Casablanca rue 10 n° 27 1er ét.,,,,,,,,,,,Merdma Wiam,e-rdv.ma
Dr Hind Dakir,dentistry,Casablanca,Sidi Maârouf,65 lotiss. Amine 2°ét. Sidi Maârouf,,,,,,,,,,,Dakir Hind,e-rdv.ma
Dr Sara Khaneboubi,dentistry,Casablanca,Mers Sultan,307 rue Mostapha El Maani Quartier mers sultan 1,,,,,,,,,,,Khaneboubi Sara,e-rdv.ma
Dr Meriam Mestassi,dentistry,Casablanca,,bd Ghandi ang. bd. Yacoub El Mansour résid. du Palais imm. D 3°ét.,,,,,,,,,,,Mestassi Meriam,e-rdv.ma
Dr Naoufal Moukrim,dentistry,Casablanca,,87 bd de Baghdad - ex F (Aïn Chok) cité Lalla Yacout 1°ét.,,,,,,,,,,,Moukrim Naoufal,e-rdv.ma
Dr ElHassan Berrada,dentistry,Casablanca,,rue La Bruyère ang. rue Régragua résid. Ghita 1°ét Hassan,,,,,,,,,,,Berrada ElHassan,e-rdv.ma
Dr Amal Chakir,dentistry,Casablanca,,40 rue Oued Tassaout,,,,,,,,,,,Chakir Amal,e-rdv.ma
Dr Ahmed Jodar,dentistry,Casablanca,,5 rue de Tarablous -ex Lamoricière - Casablanca cabinet dentaire OMFAM,,,,,,,,,,,Jodar Ahmed,e-rdv.ma
Dr Amina Benbrahim Joundi,dentistry,Casablanca,,102 rue Ennahas Nahoui - ex Mont Pelvoux 2°ét.,,,,,,,,,,,Benbrahim Joundi Amina,e-rdv.ma
Dr Khalid Senhaji,dentistry,Casablanca,,276 bd Ibn Tachfine,,,,,,,,,,,Senhaji Khalid,e-rdv.ma
Dr Amal Chmoumere,dentistry,Casablanca,,hay Alwalaa - Casablanca immb. 8 n°4 tr. 5 P/E 1,,,,,,,,,,,Chmoumere Amal,e-rdv.ma
Dr Othman Mikou,dentistry,Casablanca,,18 avenue Stendhal cité Plateau,,,,,,,,,,,Mikou Othman,e-rdv.ma
Dr Hind Saadaoui,dentistry,Casablanca,,bd Oued Oum Errabia Hadikat Oum Errabia grp.1 entrée 2 1°ét. n°6,,,,,,,,,,,Saadaoui Hind,e-rdv.ma
Dr Mohamed Hami,dentistry,Casablanca,,avenue Akid Allam lot. Hanaa n°12 1°ét. hay Salama,,,,,,,,,,,Hami Mohamed,e-rdv.ma
Dr Souad Ettaki,dentistry,Casablanca,,3 avenue du Deux Mars imm. Marwa 2°ét. n°4,,,,,,,,,,,Ettaki Souad,e-rdv.ma
Dr Ahmed Sabar,dentistry,Casablanca,,bd Abou Dar Ghafari-ex E Bernousi rue 41 n°27 Hay Tarik,,,,,,,,,,,Sabar Ahmed,e-rdv.ma
Dr Zaineb Cherif,dentistry,Casablanca,,4 rue Soukaina Bent El Houcine ex Rocroi ang. Saint Michel 3°ét.,,,,,,,,,,,Cherif Zaineb,e-rdv.ma
Dr Sarah Ibrahim,dentistry,Casablanca,,2 rue de Neuf Brisach,,,,,,,,,,,Ibrahim Sarah,e-rdv.ma
Dr Imane Bensaid,dentistry,Casablanca,Hay Mohammadi,200 bd. Chouhada (hay Mohammadi) bloc 5,,,,,,,,,,,Bensaid Imane,e-rdv.ma
Dr Houyame Barakate,dentistry,Casablanca,,bd Mohamed Taieb Naciri - Casablanca résid. Genial office 1er ét. A6,,,,,,,,,,,Barakate Houyame,e-rdv.ma
Dr Hicham Demni,dentistry,Casablanca,,110 av du Six Novembre 1975 - ex B,,,,,,,,,,,Demni Hicham,e-rdv.ma
Dr Abdelmajid Alhyar,dentistry,Casablanca,,1 rue El Fath Allée des Bougainvilliers El Gantour,,,,,,,,,,,Alhyar Abdelmajid,e-rdv.ma
Dr Sara Belfellah,dentistry,Casablanca,,bd Abbas ElGhaddaoui -ex C - Casablanca bloc 4 lot 35/36,,,,,,,,,,,Belfellah Sara,e-rdv.ma
Dr Rachid Bakal,dentistry,Casablanca,,476 bd Modibo Keita 1°ét.,,,,,,,,,,,Bakal Rachid,e-rdv.ma
Dr Miryam Belgnaoui,dentistry,Casablanca,,143 rue des Alpes ang.rue Normandie 1°ét.,,,,,,,,,,,Belgnaoui Miryam,e-rdv.ma
Dr Ouafae Bentiress,dentistry,Casablanca,,144 rue El Bakri -ex Dumont d'Urville Aïn Sebaâ,,,,,,,,,,,Bentiress Ouafae,e-rdv.ma
Dr Joumana Succari,dentistry,Casablanca,,178 bd Yacoub El Mansour - Casablanca résid. Al Beida,,,,,,,,,,,Succari Joumana,e-rdv.ma
Dr Abdellatif Jebli,dentistry,Casablanca,,lot. Al Azhar lot. I 4 n°36,,,,,,,,,,,Jebli Abdellatif,e-rdv.ma
Dr Mohamed Lemseffer,dentistry,Casablanca,Sidi Bernoussi,bloc Farid (Sidi Bernoussi) bloc 101 2°ét. n°4,,,,,,,,,,,Lemseffer Mohamed,e-rdv.ma
Dr Amal Chraïbi ElFilali,dentistry,Casablanca,,219 rue Mostapha El Maani 4°ét.,,,,,,,,,,,Chraïbi ElFilali Amal,e-rdv.ma
Dr Rabii Chahid,dentistry,Casablanca,,185 bd de Dakhla - Casablanca 1°ét. Jamila 3 Cite djemaa,,,,,,,,,,,Chahid Rabii,e-rdv.ma
Dr Nawal Blaghrous,dentistry,Casablanca,Oulfa,315 av Oued Tensift grp. N 1° ét. Oulfa Farah 1,,,,,,,,,,,Blaghrous Nawal,e-rdv.ma
Dr Hasna Ait Oufqir,dentistry,Casablanca,,50 lotiss. Zoubeir,,,,,,,,,,,Ait Oufqir Hasna,e-rdv.ma
Dr Karim Jaïdi,dentistry,Casablanca,,lot. Jouhara (Si Moumen Jdid) Imm. B 1°ét. appt n°C porte 1,,,,,,,,,,,Jaïdi Karim,e-rdv.ma
Dr Younes Elmchouar,dentistry,Casablanca,,rue de Provins - Casablanca 2éme et. appt. n°2,,,,,,,,,,,Elmchouar Younes,e-rdv.ma
Dr Mohamed Ksikes,dentistry,Casablanca,Mers Sultan,72 bd Mohamed Zerktouni 2°ét. n°6 Quartier mers sultan 1,,,,,,,,,,,Ksikes Mohamed,e-rdv.ma
Dr Sofia Taoudi Benchekroun,dentistry,Casablanca,,bd Oued Oum Errabia résid. Abouab Oum Rabii imm. A 3°ét. appt. 5,,,,,,,,,,,Taoudi Benchekroun Sofia,e-rdv.ma
Dr Abed Jabri Issam,dentistry,Casablanca,,122 avenue du Deux Mars,,,,,,,,,,,Jabri Issam Abed,e-rdv.ma
Dr Zoubida Sabsab,dentistry,Casablanca,,41 rue Haj Amar Riffi - Casablanca résidence La Mer,,,,,,,,,,,Sabsab Zoubida,e-rdv.ma
Dr Darrage Zehzouhi Fatima,dentistry,Casablanca,,94 bd du Onze Janvier,,,,,,,,,,,Zehzouhi Fatima Darrage,e-rdv.ma
Dr Hind Farah,dentistry,Casablanca,,86 rue d' Agadir Bettania,,,,,,,,,,,Farah Hind,e-rdv.ma
Dr Fatima Nader,dentistry,Casablanca,,avenue Mohamed Bouziane résid. Farhatine 2 imm. 5 1°ét. appt. 4,,,,,,,,,,,Nader Fatima,e-rdv.ma
Dr Zakaria Rafik,dentistry,Casablanca,,lot. El Azhar lotiss. Madinati Gh 2 n°13 appt. n°5,,,,,,,,,,,Rafik Zakaria,e-rdv.ma
Dr Abderrahmane Elayazi,dentistry,Casablanca,,23 rue Abou Soufiane -ex Roger Burger 2°ét. Branes,,,,,,,,,,,Elayazi Abderrahmane,e-rdv.ma
Dr Bahaa Bennani,dentistry,Casablanca,,383 bd Mohammed V 4°ét. appt. n° 7 Aïn Sebaâ,,,,,,,,,,,Bennani Bahaa,e-rdv.ma
Dr Chakib Rayf Mohamed,dentistry,Casablanca,,390 bd Mohamed Zerktouni ang. rue Tamaarouft résid. Chella Hassan,,,,,,,,,,,Rayf Mohamed Chakib,e-rdv.ma
Dr Ahmed Agherbi,dentistry,Casablanca,,avenue Oued Dahab (cité Jemâa) rue 156 n°19,,,,,,,,,,,Agherbi Ahmed,e-rdv.ma
Dr Karima Zeddi,dentistry,Casablanca,,lot. Salmia II rue 22 imm. 2 2°ét.,,,,,,,,,,,Zeddi Karima,e-rdv.ma
Dr Saadia Mouden,dentistry,Casablanca,Sidi Moumen,hay Sidi Moumen - Casablanca Salam 1 grp. D rue 1 résid. Riad Al Foutouh 1er ét.,,,,,,,,,,,Mouden Saadia,e-rdv.ma
Dr Toumader Aouidi,dentistry,Casablanca,,lot. Anassi Riad Bernoussi GH1 n°6 rdc,,,,,,,,,,,Aouidi Toumader,e-rdv.ma
Dr Anas Miftah,dentistry,Casablanca,,10 bd Mohammed VI - Casablanca immb. 10 Al Fida Center 3éme ét. Koréa,,,,,,,,,,,Miftah Anas,e-rdv.ma
Dr Rachid Alaoui Fdili,dentistry,Casablanca,,227 rue Mostapha El Maani 2°ét.,,,,,,,,,,,Alaoui Fdili Rachid,e-rdv.ma
Dr ElMostafa Erradi,dentistry,Casablanca,Sidi Bernoussi,hay Tarik (Sidi Bernoussi I) rue 33 n°54,,,,,,,,,,,Erradi ElMostafa,e-rdv.ma
Dr Hanane Bouzid,dentistry,Casablanca,,22 bd El Qods lot Essakan Anik résid. Jet centre 4°ét. bur. 21,,,,,,,,,,,Bouzid Hanane,e-rdv.ma
Dr Mehdi Sefraoui,dentistry,Casablanca,,40 rue des Hôpitaux -ex Banaflous 3°ét. n°14,,,,,,,,,,,Sefraoui Mehdi,e-rdv.ma
Dr Saadia Al Mastour Alami,dentistry,Casablanca,Hay Hassani,155 bd d' Afghanistan (hay Hassani) 2°ét. Farah 1,,,,,,,,,,,Al Mastour Alami Saadia,e-rdv.ma
Dr Mohamed Jraif,dentistry,Casablanca,,88 rue Habacha -ex Briey 3°ét.,,,,,,,,,,,Jraif Mohamed,e-rdv.ma
Dr Hanaa Ziani,dentistry,Casablanca,,31 rue de Libourne - Casablanca n°13,,,,,,,,,,,Ziani Hanaa,e-rdv.ma
Dr Mina Khadir,dentistry,Casablanca,,685 avenue Oued Dahab (cité Jemâa),,,,,,,,,,,Khadir Mina,e-rdv.ma
Dr Malika Belmahjoubi,dentistry,Casablanca,,8 bd Mohamed El Baamrani -ex M Amal 4 1°ét.,,,,,,,,,,,Belmahjoubi Malika,e-rdv.ma
Dr Zineb El Menjra,dentistry,Casablanca,,26 rue Omar Slaoui - Casablanca ang. rue d'Agadir 3°ét. n°5 Bettania,,,,,,,,,,,El Menjra Zineb,e-rdv.ma
Dr Said Tlemçani,dentistry,Casablanca,,39 avenue Lalla Yacout 1°ét. Massira 1B,,,,,,,,,,,Tlemçani Said,e-rdv.ma
Dr Soukaina Rguig,dentistry,Casablanca,,1 bd Eddaouha - Casablanca 3°ét. n°9,,,,,,,,,,,Rguig Soukaina,e-rdv.ma
Dr Anissa Lamri Kadri,dentistry,Casablanca,,rue Mohamed Smiha espace Paquet bur. n°124 Aïn Sebaâ,,,,,,,,,,,Lamri Kadri Anissa,e-rdv.ma
Dr Kaoutar Marrakchi,dentistry,Casablanca,,bd Massira El Khadra - Casablanca ang. rue Oumayma Sayh,,,,,,,,,,,Marrakchi Kaoutar,e-rdv.ma
Dr Hind Jouane,dentistry,Casablanca,,. av. Omar El Khayam - ex Mermoz ang. bd Abderrahim Bouabid résid. du CAF,,,,,,,,,,,Jouane Hind,e-rdv.ma
Dr Nawal Zidani Mtiri,dentistry,Casablanca,,117 rue Sour Jdid (anc. médina) Benjdia,,,,,,,,,,,Zidani Mtiri Nawal,e-rdv.ma
Dr Mohamed Joubair,dentistry,Casablanca,,19 rue Ibn Khaldoun Ataaoune Farah 1,,,,,,,,,,,Joubair Mohamed,e-rdv.ma
Dr Salma Assif,dentistry,Casablanca,,quartier Beausite - Casablanca lotiss. Al Amane Gh2 n°212 1er ét. appt. 4,,,,,,,,,,,Assif Salma,e-rdv.ma
Dr Mehdi Echchadi Mohamed,dentistry,Casablanca,,286 bd Smara hay El Fadl,,,,,,,,,,,Echchadi Mohamed Mehdi,e-rdv.ma
Dr Hind Tazi Bennouna,dentistry,Casablanca,Bourgogne,141 bd de Bourgogne,,,,,,,,,,,Tazi Bennouna Hind,e-rdv.ma
Dr Youssef Idrissi Kaitouni,dentistry,Casablanca,,47 av Abou Hanifa Noaman ex A - Casablanca rue 40 2éme ét.,,,,,,,,,,,Idrissi Kaitouni Youssef,e-rdv.ma
Dr Anouar Chkalante,dentistry,Casablanca,,22 av. Omar El Khayam - ex Mermoz résid. Fatima Zahra 1°ét. n°2,,,,,,,,,,,Chkalante Anouar,e-rdv.ma
Dr Alaâ Jaddaoui,dentistry,Casablanca,,25 avenue Ali Yata -ex c. Aïn Borja résid. Basma 2 1°ét appt. n°4 El Gantour,,,,,,,,,,,Jaddaoui Alaâ,e-rdv.ma
Dr Hicham Bezzaâ,dentistry,Casablanca,,328 bd El Khalil (Aïn Chok) hay Mly Abdellah,,,,,,,,,,,Bezzaâ Hicham,e-rdv.ma
Dr Siham Boujanah,dentistry,Casablanca,,bd de la Grande Ceinture (h.Mohammadi) lot. Nadia n° 12 1° ét,,,,,,,,,,,Boujanah Siham,e-rdv.ma
Dr Zineb Morjani,dentistry,Casablanca,,hay Sadri (Bournazel) - Casablanca rue 4 n°19 1°ét.,,,,,,,,,,,Morjani Zineb,e-rdv.ma
Dr Nadia Moujahidine,dentistry,Casablanca,,3 avenue Khaidar Ben Abdellah - ex C 1°ét. n°43,,,,,,,,,,,Moujahidine Nadia,e-rdv.ma
Dr Karim Iraqui Houssaini,dentistry,Casablanca,,170 rue de Tadla ang. bd Fida 2°ét.,,,,,,,,,,,Iraqui Houssaini Karim,e-rdv.ma
Dr Alain Benchimol,dentistry,Casablanca,,21 rue Ibrahim Hafid -ex Chateaubriand 4°ét.,,,,,,,,,,,Benchimol Alain,e-rdv.ma
Dr Ahmed Legter,dentistry,Casablanca,,10 lotiss. Haj Fateh,,,,,,,,,,,Legter Ahmed,e-rdv.ma
Dr Nawal Najahi,dentistry,Casablanca,Sidi Maârouf,129 rue El Farouki Errahali Sidi Maârouf 5,,,,,,,,,,,Najahi Nawal,e-rdv.ma
Dr Abdellatif Naciri Ghoumari,dentistry,Casablanca,,102 bd Abdellah Senhaji - ex C hay Amal I,,,,,,,,,,,Naciri Ghoumari Abdellatif,e-rdv.ma
Dr Badia Chichaoui Rauchdi,dentistry,Casablanca,,bd Bir Anzarane ang.rue Ahmed El Joumari,,,,,,,,,,,Chichaoui Rauchdi Badia,e-rdv.ma
Dr Said Dami,dentistry,Casablanca,,hay Moubaraka bloc 116 n°41,,,,,,,,,,,Dami Said,e-rdv.ma
Dr Youssef Mouhibi,dentistry,Casablanca,,19 avenue du Cdt Driss Lharti - ex A Cité Djemâa,,,,,,,,,,,Mouhibi Youssef,e-rdv.ma
Dr Khalil Yajid,dentistry,Casablanca,,ca hay Amal I - Casablanca rue 28 n°149.,,,,,,,,,,,Yajid Khalil,e-rdv.ma
Dr Samira Belhadj,dentistry,Casablanca,,3 rue Ali Abderrazak - ex Mirabeau - Casablanca résid. Lys,,,,,,,,,,,Belhadj Samira,e-rdv.ma
Dr Abdelmalek Bouktib,dentistry,Casablanca,,av Mohamed Zefzaf -ex A - Casablanca résid. Ihssan appt. 2 et 1,,,,,,,,,,,Bouktib Abdelmalek,e-rdv.ma
Dr Ibtissam Yacoubi,dentistry,Casablanca,,6 rue Ibn Ejaouzi - ex Beckmans résid. Wissam II 1°ét.,,,,,,,,,,,Yacoubi Ibtissam,e-rdv.ma
Dr Zouheir Hajji,dentistry,Casablanca,,64 rue des Alpes 2°ét.,,,,,,,,,,,Hajji Zouheir,e-rdv.ma
Dr Khalid Oubah,dentistry,Casablanca,,lot. El Azhar résid. Majorelle 2°ét. n°6,,,,,,,,,,,Oubah Khalid,e-rdv.ma
Dr Youssef Charki,dentistry,Casablanca,,place El Yassir - ex Albert 1er résid. Valrose A 1°ét. bur. 4,,,,,,,,,,,Charki Youssef,e-rdv.ma
Dr Hassan Houssameddine,dentistry,Casablanca,,5 avenue Oued Zem (cité Jemaa) hay Jawadi 2°ét.,,,,,,,,,,,Houssameddine Hassan,e-rdv.ma
Dr Kamal Benmansour,dentistry,Casablanca,,299 bd Mohammed V - Casablanca rond point Shell,,,,,,,,,,,Benmansour Kamal,e-rdv.ma
Dr Salima Zaoui,dentistry,Casablanca,,168 avenue du Cimetière 1°ét Hassan,,,,,,,,,,,Zaoui Salima,e-rdv.ma
Dr Imane Khodri,dentistry,Casablanca,,387 avenue Reda Guédira -ex Nil,,,,,,,,,,,Khodri Imane,e-rdv.ma
Dr Meryem Bennani,dentistry,Casablanca,Mers Sultan,77 rue Ferhat Hachad 1°ét. n°7 Quartier mers sultan 1,,,,,,,,,,,Bennani Meryem,e-rdv.ma
Dr Sanaa Sanim,dentistry,Casablanca,El Fida,796 bd El Fida 2°ét.,,,,,,,,,,,Sanim Sanaa,e-rdv.ma
Dr Meryem Chtata Gharbi,dentistry,Casablanca,,8 rue Bab El Mandab -ex Lenoir résid. Hanane,,,,,,,,,,,Chtata Gharbi Meryem,e-rdv.ma
Dr Rachid Lasri,dentistry,Casablanca,,152 lotiss. Haj Fateh,,,,,,,,,,,Lasri Rachid,e-rdv.ma
Dr Khadija Mosaid,dentistry,Casablanca,,667 av du Six Novembre 1975 - ex B 1°ét. Palais de la Mer 2,,,,,,,,,,,Mosaid Khadija,e-rdv.ma
Dr Soulaimane Aboulainaf,dentistry,Casablanca,,lot. Anassi - Casablanca imm. n°131 rdc. n°9,,,,,,,,,,,Aboulainaf Soulaimane,e-rdv.ma
Dr Asmaa Boussetta,dentistry,Casablanca,,hay Alwalaa imm. 3 tranche 6 appt. 336 hay Tacharouk,,,,,,,,,,,Boussetta Asmaa,e-rdv.ma
Dr Oussama Rabia,dentistry,Casablanca,,1 quartier Ahl Loghlam - Casablanca Abouab Assalam-Tranche 01-L89/8 2°ét.,,,,,,,,,,,Rabia Oussama,e-rdv.ma
Dr Jacques Dubernet,dentistry,Casablanca,,10 rue Omar Slaoui,,,,,,,,,,,Dubernet Jacques,e-rdv.ma
Centre dentaire El Kodia,dentistry,Casablanca,,9 av. Ibn Zaier Abdeslam-ex E,,,,,,,,,,,Centre dentaire El Kodia,e-rdv.ma
Dr Nawal Azennoud,dentistry,Casablanca,Hay Hassani,hay Missimi (hay Hassani) rue 2 n°48,,,,,,,,,,,Azennoud Nawal,e-rdv.ma
Dr Mohamed Hormi,dentistry,Casablanca,,bd Abdellah Senhaji - ex C - Casablanca Farah Office Imm. 356 2°étg.,,,,,,,,,,,Hormi Mohamed,e-rdv.ma
Dr Bouchra Kadiri,dentistry,Casablanca,,55 bd Ba Hmad 1°ét. appt. 4,,,,,,,,,,,Kadiri Bouchra,e-rdv.ma
Dr Omar Lahjouji,dentistry,Casablanca,,1 bd Tah - Casablanca Centre Tah 2ème étage Aptt 7,,,,,,,,,,,Lahjouji Omar,e-rdv.ma
Dr Fayçal Ziane Mohamed,dentistry,Casablanca,,place Haj Ahmed Mekouar-ex Soucarre résid. Karim 1°ét. El Gantour,,,,,,,,,,,Ziane Mohamed Fayçal,e-rdv.ma
Dr Hind Ibnoussina,dentistry,Casablanca,,21 rue Socrate - Casablanca résid. Zahia 1er ét.,,,,,,,,,,,Ibnoussina Hind,e-rdv.ma
Dr Hanaâ Afwallah Hamri,dentistry,Casablanca,,8 rue Abdelkader ElMazini-ex Corneille,,,,,,,,,,,Afwallah Hamri Hanaâ,e-rdv.ma
Dr Yves Coëffard,dentistry,Casablanca,,7 rue El Kassar - ex Wagram,,,,,,,,,,,Coëffard Yves,e-rdv.ma
Dr Loubna Kitane,dentistry,Casablanca,,83 avenue de Dakhla -ex H (Inara) 1°ét.,,,,,,,,,,,Kitane Loubna,e-rdv.ma
Dr Mina Ouhammou,dentistry,Casablanca,Hay Hassani,bd d' Afghanistan (hay Hassani) lot. ElBaraka GH2 imm. T11 n°4 Farah 1,,,,,,,,,,,Ouhammou Mina,e-rdv.ma
Dr Mohamed Slass,dentistry,Casablanca,Mers Sultan,105 avenue Mers Sultan 2°ét.,,,,,,,,,,,Slass Mohamed,e-rdv.ma
Dr Ali Kammah Mohamed,dentistry,Casablanca,Anfa,131 bd d' Anfa résid. Azur 1°ét.,,,,,,,,,,,Kammah Mohamed Ali,e-rdv.ma
Dr Aomar Latrach,dentistry,Casablanca,Sidi Maârouf,173 rue El Farouki Errahali Sidi Maârouf VI 1°ét.,,,,,,,,,,,Latrach Aomar,e-rdv.ma
Dr Lamia Maroihi,dentistry,Casablanca,,121 rue Dejla -ex Jacquemin 2°ét. Hassan,,,,,,,,,,,Maroihi Lamia,e-rdv.ma
Dr Chaimaa Mouttaki,dentistry,Casablanca,Sidi Maarouf,derb Sidi Maarouf (A.Chok) - Casablanca résid. Al Madina imm J.,,,,,,,,,,,Mouttaki Chaimaa,e-rdv.ma
Dr Houda ElAlami,dentistry,Casablanca,,derb Khalifa rue 10 n°71,,,,,,,,,,,ElAlami Houda,e-rdv.ma
Dr Youssef Lazim,dentistry,Casablanca,,lot. El Azhar lot. I n°60 1°ét.,,,,,,,,,,,Lazim Youssef,e-rdv.ma
Dr Zouhir Hicham,dentistry,Casablanca,,425 bd Mohammed VI (ex rte Mediouna) 5°ét. appt.11,,,,,,,,,,,Hicham Zouhir,e-rdv.ma
Dr Najoua Amrani Hanchi,dentistry,Casablanca,,derb Fokara (nouv. médina) rue 17 n°18 2° ét.,,,,,,,,,,,Amrani Hanchi Najoua,e-rdv.ma
Dr Najji Achehboune,dentistry,Casablanca,Oulfa,188 bd Oued Sebou (hay El Oulfa) grp. D 1°ét.,,,,,,,,,,,Achehboune Najji,e-rdv.ma
Dr Meriem ElBaghdadi,dentistry,Casablanca,,lotiss. Al Moustakbal - Casablanca Gh 1B imm. 83 appt. 3,,,,,,,,,,,ElBaghdadi Meriem,e-rdv.ma
Dr Malika Chafai Benyahia,dentistry,Casablanca,,31 rue Jalal Eddine Essayouti,,,,,,,,,,,Chafai Benyahia Malika,e-rdv.ma
Dr Saâdia Agourram,dentistry,Casablanca,,bd Aba Chouaïb Doukali ang. rte. Médiouna résid. Hindim n°1082 2°ét.,,,,,,,,,,,Agourram Saâdia,e-rdv.ma
Dr Wahiba Mourabih,dentistry,Casablanca,,bd Ibn Sina - ex Avicenne ang. bd Ibnou ElHaitam lot Kasbah Imm A1 appt. n°13,,,,,,,,,,,Mourabih Wahiba,e-rdv.ma
Dr Taha El Bakkali Sidi,dentistry,Casablanca,,avenue Ali Yata -ex Foum Lahsan - Casablanca résid. Basma n°7,,,,,,,,,,,El Bakkali Sidi Taha,e-rdv.ma
Dr Lahcen Brighet,dentistry,Casablanca,,232 bd Ziraoui 1°ét. Hassan,,,,,,,,,,,Brighet Lahcen,e-rdv.ma
Dr Houda Lyousfi Wagas,dentistry,Casablanca,,52 rue Socrate résid. Islam 5°ét. n°10,,,,,,,,,,,Lyousfi Wagas Houda,e-rdv.ma
Dr Thami Azri,dentistry,Casablanca,,90 bd Abou Dar Ghafari-ex E Bernousi Amal III,,,,,,,,,,,Azri Thami,e-rdv.ma
Dr Aymen Boukid,dentistry,Casablanca,,cité Sidi Othmane - Casablanca bloc 29 n°32 1°ét.,,,,,,,,,,,Boukid Aymen,e-rdv.ma
Dr Amine Errach,dentistry,Casablanca,,1 bd El Qods - Casablanca résid. Ryad AL Qods 4°ét. appt. 7,,,,,,,,,,,Errach Amine,e-rdv.ma
Dr Loubna Basraoui Bennani,dentistry,Casablanca,,bd Abou Bakr El Kadiri résid. Ahfad imm.E 2°ét. n°7,,,,,,,,,,,Basraoui Bennani Loubna,e-rdv.ma
Dr Mourad Assafa,dentistry,Casablanca,,bd Oued Oum Rabie résid. AlFerdaous Gh14 imm. 76 appt. 1,,,,,,,,,,,Assafa Mourad,e-rdv.ma
Dr Zhour Tajaoui,dentistry,Casablanca,,290 lot. Amine - Casablanca 2éme ét.,,,,,,,,,,,Tajaoui Zhour,e-rdv.ma
Dr Khadija ElAâssri,dentistry,Casablanca,,avenue El Maati Ben Ziad imm. D 1°ét. appt. n°5,,,,,,,,,,,ElAâssri Khadija,e-rdv.ma
Dr Rajaa Jihane,dentistry,Casablanca,,lot. Al Azhar grp. Gh 1 résid. Ward imm.12 n°1,,,,,,,,,,,Jihane Rajaa,e-rdv.ma
Dr Ilham Amar,dentistry,Casablanca,,rue Kadi Iass - ex Mont Cénis ang. rue Ahmed Majatti,,,,,,,,,,,Amar Ilham,e-rdv.ma
Dr Badia Benzagmout,dentistry,Casablanca,,av Mohamed Zefzaf -ex A résid. Kamal 1°ét. appt. n°2,,,,,,,,,,,Benzagmout Badia,e-rdv.ma
Dr Jaber Chafira,dentistry,Casablanca,,avenue du Deux Mars - Casablanca Lot 1 Assafa 2 appt. 1,,,,,,,,,,,Chafira Jaber,e-rdv.ma
Dr Altaf Elhadi,dentistry,Casablanca,,346 bd de Bordeaux résid. Ilios 1°ét. appt 2 Hassan,,,,,,,,,,,Elhadi Altaf,e-rdv.ma
Dr Akallal Meryem,dentistry,Casablanca,,bd El Qods - Casablanca Centre Andalucia 2ème étage Appt 5 Lot Assakane Al Anik,,,,,,,,,,,Meryem Akallal,e-rdv.ma
Dr Younes El Khadir,dentistry,Casablanca,,595 avenue du Deux Mars 1°ét.,,,,,,,,,,,El Khadir Younes,e-rdv.ma
Dr Mounir Chraïbi,dentistry,Casablanca,,bd Abdelmoumen ang. rue Soumia résid. Shehrazade 3 6°ét. n°26,,,,,,,,,,,Chraïbi Mounir,e-rdv.ma
Dr Nabil Daoudi,dentistry,Casablanca,,236 rue Pasquier résid.Abdelmoumen résid. Abdelmoumen imm.n°4 appt.n°4,,,,,,,,,,,Daoudi Nabil,e-rdv.ma
Dr Mohamed Benchekroun,dentistry,Casablanca,,93 bd Massira El Khadra -ex Camille résid. Sourour 3°ét.,,,,,,,,,,,Benchekroun Mohamed,e-rdv.ma
Dr Mohamed Lahouiry,dentistry,Casablanca,,268 X route d' El Jadida 1°ét.,,,,,,,,,,,Lahouiry Mohamed,e-rdv.ma
Dr Omar Slaoui,dentistry,Casablanca,,61 avenue Moulay Hassan 1er 3°ét. Branes,,,,,,,,,,,Slaoui Omar,e-rdv.ma
Dr Samira ElMoustaqim ElKatiri,dentistry,Casablanca,El Fida,916 bd El Fida - ex Suez,,,,,,,,,,,ElMoustaqim ElKatiri Samira,e-rdv.ma
Dr Jallal Achir,dentistry,Casablanca,,3 bd Imam Elayt Ibn Saad résid. Annaïm 1°ét. hay Elqods,,,,,,,,,,,Achir Jallal,e-rdv.ma
Dr Dina Benkassem Temsamani,dentistry,Casablanca,,rue Ahmed Charci résid. du Palais I,,,,,,,,,,,Benkassem Temsamani Dina,e-rdv.ma
Dr Fouzia Sekkat Jabri,dentistry,Casablanca,,quartier Beausite résid. AlAmane imm.336 Gh44A appt.4 Rdc El Gantour,,,,,,,,,,,Sekkat Jabri Fouzia,e-rdv.ma
Dr Saïd ElBardaï,dentistry,Casablanca,,219 X bd Mohamed Zerktouni résid. Elbradai 1°ét. appt.N°3,,,,,,,,,,,ElBardaï Saïd,e-rdv.ma
Dr Houda Chiker,dentistry,Casablanca,,241 bd Emile Zola - Casablanca 5éme ét. appt. 9,,,,,,,,,,,Chiker Houda,e-rdv.ma
Dr Mariam Maarri,dentistry,Casablanca,,3 rue Ishak Ibn Hanin - ex Lilas ang. bd Yacoub El Mansour 2°ét. n°12,,,,,,,,,,,Maarri Mariam,e-rdv.ma
Dr Mouhssine Alj,dentistry,Casablanca,,20 rue Abou ElMahasin Rouyani-ex Boissy résid. Résidor,,,,,,,,,,,Alj Mouhssine,e-rdv.ma
Dr Bouchra Zehzouhi Jaafar,dentistry,Casablanca,,33 rue Allal El Fassi -ex Reitzer,,,,,,,,,,,Zehzouhi Jaafar Bouchra,e-rdv.ma
Dr Ahmed Cherradi,dentistry,Casablanca,El Fida,210 bd El Fida - ex Suez,,,,,,,,,,,Cherradi Ahmed,e-rdv.ma
Dr Hourya Ghazi,dentistry,Casablanca,,145 bd de Dakhla - Casablanca 1er ét.,,,,,,,,,,,Ghazi Hourya,e-rdv.ma
Dr Narjiss Elhajouji,dentistry,Casablanca,,101 bd Yacoub El Mansour - Casablanca Business squarre 3°ét. appt. 12,,,,,,,,,,,Elhajouji Narjiss,e-rdv.ma
Dr Siham Bendrat,dentistry,Casablanca,,204 bd Mohamed El Baamrani -ex M Amal 4,,,,,,,,,,,Bendrat Siham,e-rdv.ma
Dr Moad Zaoui,dentistry,Casablanca,,301 bd Dakhla -ex H - Casablanca 1°ét. appt. 2,,,,,,,,,,,Zaoui Moad,e-rdv.ma
Dr Mohamed Khaïr,dentistry,Casablanca,,29 rue Ibn Batouta (derb Omar) Massira 1B,,,,,,,,,,,Khaïr Mohamed,e-rdv.ma
Dr Bouchaïb Tantaoui,dentistry,Casablanca,,143 avenue Docteur Moulasim Bouafi Jamila II 1°ét.,,,,,,,,,,,Tantaoui Bouchaïb,e-rdv.ma
Dr Farah Bennani,dentistry,Casablanca,,10 bd Tantan -ex Monte carlo résid. Annour appt. n°1 Hassan,,,,,,,,,,,Bennani Farah,e-rdv.ma
Dr Youssef Rahali,dentistry,Casablanca,,62 route d' El jadida - Casablanca ang. bd Abderrahim Bouabid Imm. Green Office 1° ét. n°2,,,,,,,,,,,Rahali Youssef,e-rdv.ma
Dr Yacine Echchadi,dentistry,Casablanca,,210 avenue du Cdt Driss Lharti - ex A jamila 3,,,,,,,,,,,Echchadi Yacine,e-rdv.ma
Dr Badia Mouahhidi Raji,dentistry,Casablanca,Sidi Bernoussi,cité Sidi Bernoussi - Casablanca Anassi entrée 5,,,,,,,,,,,Mouahhidi Raji Badia,e-rdv.ma
Dr Zahra Idrissi Fatima,dentistry,Casablanca,,128 bd Oued Moulouya 1°ét.,,,,,,,,,,,Idrissi Fatima Zahra,e-rdv.ma
Dr Dounia Kamal,dentistry,Casablanca,,98 rue Brahim Nakhai - ex Mont Cinto - Casablanca ang. rue Caid Achtar 2°ét.,,,,,,,,,,,Kamal Dounia,e-rdv.ma
Dr Rachida ElBaz,dentistry,Casablanca,Mers Sultan,27 rue Ferhat Hachad ang. rue Onze Janvier 1°ét. Quartier mers sultan 1,,,,,,,,,,,ElBaz Rachida,e-rdv.ma
Dr Sara Nadi,dentistry,Casablanca,,19 place Tizi Ousli - ex République - Casablanca bd chefchaouni 2°ét. n°5,,,,,,,,,,,Nadi Sara,e-rdv.ma
Dr Ibtissame Boutbagha,dentistry,Casablanca,,227 bd Ghandi,,,,,,,,,,,Boutbagha Ibtissame,e-rdv.ma
Dr Annie Vincourt Jebbari,dentistry,Casablanca,,212 bd Abdelmoumen ang. rue Anwal ; résid. AlMawlid 2°ét. appt. A23,,,,,,,,,,,Vincourt Jebbari Annie,e-rdv.ma
Dr Meriem Mansar,dentistry,Casablanca,,lot. Anassi résid. Taha 1 1°ét. appt. n°1,,,,,,,,,,,Mansar Meriem,e-rdv.ma
Dr Abdelhay Haddou,dentistry,Casablanca,,route Haj Fateh ang. bd HH 24 lot n°91 2°ét. appt. 4,,,,,,,,,,,Haddou Abdelhay,e-rdv.ma
Dr Faical Faik,dentistry,Casablanca,,58 rue Taha Houcine -ex Galilée,,,,,,,,,,,Faik Faical,e-rdv.ma
Dr Habiba Chaataoui,dentistry,Casablanca,,142 lotiss. Zoubeir,,,,,,,,,,,Chaataoui Habiba,e-rdv.ma
Dr Rachida L'Rhcha,dentistry,Casablanca,,6 rue de Florac ang. bd Mohamed VI 2°ét. appt.8,,,,,,,,,,,L'Rhcha Rachida,e-rdv.ma
Dr Noureddine Bouchbouche,dentistry,Casablanca,,67 avenue Oued Dahab (cité Jemâa) n°2 Jamila 5,,,,,,,,,,,Bouchbouche Noureddine,e-rdv.ma
Dr Khawla Dendani,dentistry,Casablanca,Sidi Bernoussi,cité Sidi Bernoussi - Casablanca Madinati GH11 immb. 7 1er ét. appt. 14,,,,,,,,,,,Dendani Khawla,e-rdv.ma
Dr Bouchra Laraki,dentistry,Casablanca,,44 rue Abou Abdellah Nafii -ex Bourbon. 5°ét.,,,,,,,,,,,Laraki Bouchra,e-rdv.ma
Dr Ayoub Fatihe,dentistry,Casablanca,,bd Abou Bakr El Kadiri - Casablanca Panorama GH/1 - 17 - A/8,,,,,,,,,,,Fatihe Ayoub,e-rdv.ma
Dr Khadija Adli,dentistry,Casablanca,,501 avenue du Cdt Driss Lharti - ex A lot. 14,,,,,,,,,,,Adli Khadija,e-rdv.ma
Dr Leïla Serrhini,dentistry,Casablanca,,237 bd Mohamed Zerktouni 1°ét.,,,,,,,,,,,Serrhini Leïla,e-rdv.ma
Dr Bouchra El Atrach,dentistry,Casablanca,,hay Alwalaa lotiss. 3 tranche 1 sect. 1 appt. n°4,,,,,,,,,,,El Atrach Bouchra,e-rdv.ma
Dr Hanane L'Mrani Talbi,dentistry,Casablanca,,bd Ibn Sina - ex Avicenne résid. Baraka Gh 12 T143 1°ét. appt.7,,,,,,,,,,,L'Mrani Talbi Hanane,e-rdv.ma
Dr Souad Chaoui,dentistry,Casablanca,,bd Ibn Tachfine ang. rue Ibnou AlAdraa ElMourakouchi résid. Fatima Zahra,,,,,,,,,,,Chaoui Souad,e-rdv.ma
Dr Khadija Hakkou,dentistry,Casablanca,Maarif,33 bd Yacoub El Mansour (Maarif) 2°ét.,,,,,,,,,,,Hakkou Khadija,e-rdv.ma
Dr Laila Rahmaoui,dentistry,Casablanca,Sidi Bernoussi,cité Sidi Bernoussi - Casablanca Projet Panorama n°5 immb. 14 1er ét.,,,,,,,,,,,Rahmaoui Laila,e-rdv.ma
Dr Salma Berrada,dentistry,Casablanca,,10 bd Abou Bakr El Kadiri lotiss. Al Jamaa Al Qaraouia 1°ét.,,,,,,,,,,,Berrada Salma,e-rdv.ma
Dr Hanae Benaddi,dentistry,Casablanca,,11 rue El Manaziz - ex Chartres 1°ét.,,,,,,,,,,,Benaddi Hanae,e-rdv.ma
Dr Rania‏ El Khiam‎,dentistry,Casablanca,,16 bd de Bordeaux - Casablanca 1 Etage,,,,,,,,,,,El Khiam‎ Rania‏,e-rdv.ma
Dr Imane Najem,dentistry,Casablanca,,957 avenue du Deux Mars,,,,,,,,,,,Najem Imane,e-rdv.ma
Dr Nezha Iraqui Benzakour,dentistry,Casablanca,,rue Caïd El Achtar - ex Girondins résid. Ribh A 3°ét. n°9,,,,,,,,,,,Iraqui Benzakour Nezha,e-rdv.ma
Dr Narimane Riachi,dentistry,Casablanca,,bd Oued Oum Rabie résid. AlFirdaous GH1B imm. P010,,,,,,,,,,,Riachi Narimane,e-rdv.ma
Dr Merieme Sidki,dentistry,Casablanca,,bd de Baghdad - ex F (Aïn Chok) rue 141 n°14 1°ét.,,,,,,,,,,,Sidki Merieme,e-rdv.ma
Dr Nadia Bahlouri,dentistry,Casablanca,,3 rue Abou Salt Andaloussi résid. Karam 2°ét.,,,,,,,,,,,Bahlouri Nadia,e-rdv.ma
Dr Mohamed Anfir,dentistry,Casablanca,,926 avenue du Cdt Driss Lharti - ex A 1°ét.,,,,,,,,,,,Anfir Mohamed,e-rdv.ma
Dr Ghita Saaf,dentistry,Casablanca,,bd Dakhla -ex H - Casablanca espace Chrifa A 3éme ét. n°15,,,,,,,,,,,Saaf Ghita,e-rdv.ma
Dr Soufiane Zerhari,dentistry,Casablanca,,10 rue Washington - Casablanca 1er ét. n°7,,,,,,,,,,,Zerhari Soufiane,e-rdv.ma
Dr Laïla ElByed,dentistry,Casablanca,,bd Ahmed El Abdi -ex B. S.Bernoussi bloc 159 n°7,,,,,,,,,,,ElByed Laïla,e-rdv.ma
Dr Khalid ElHaddaoui,dentistry,Casablanca,Oulfa,636 bd Oued Sebou (hay El Oulfa),,,,,,,,,,,ElHaddaoui Khalid,e-rdv.ma
Dr Rhali Mrini Mohamed El,dentistry,Casablanca,,hay Moulay Abdallah (Ain Chok) rue 156 n°5 1°ét.,,,,,,,,,,,Mrini Mohamed El Rhali,e-rdv.ma
Dr Naïma Samih,dentistry,Casablanca,,68 place des Sraghnas 1°ét.,,,,,,,,,,,Samih Naïma,e-rdv.ma
Dr Waïl ElRakka,dentistry,Casablanca,,29 rue Ibn Khaldoun 2°ét. Farah 1,,,,,,,,,,,ElRakka Waïl,e-rdv.ma
Dr Hasnaa Benzit,dentistry,Casablanca,,route d' El jadida - Casablanca espace Houssam 3ème ėt. n°22,,,,,,,,,,,Benzit Hasnaa,e-rdv.ma
Dr Mohamed Rabii Andaloussi,dentistry,Casablanca,Sidi Bernoussi,hay Tarik (Sidi Bernoussi I) rue 45 n°1,,,,,,,,,,,Rabii Andaloussi Mohamed,e-rdv.ma
Dr Khalid Kabbaj,dentistry,Casablanca,,39 rue du Marché 1°ét.,,,,,,,,,,,Kabbaj Khalid,e-rdv.ma
Dr Zahra Omari Fatima,dentistry,Casablanca,,400 bd Mohamed Zerktouni - Casablanca immb. Business Plazza 4éme ét.,,,,,,,,,,,Omari Fatima Zahra,e-rdv.ma
Dr Amal Sabihi,dentistry,Casablanca,,3 rue Abou Rakrak -ex Verdun - Casablanca ang. bd Rahal El Meskini,,,,,,,,,,,Sabihi Amal,e-rdv.ma
Dr Amine Zryouil Mohamed,dentistry,Casablanca,,181 bd Abdelmoumen résid. Yamama rdc,,,,,,,,,,,Zryouil Mohamed Amine,e-rdv.ma
Dr Najat Amarire,dentistry,Casablanca,Lissasfa,quartier Lissasfa (route d'El Jadida) Riad Sofia grp. 2 entrée 3 1°ét. appt. 45,,,,,,,,,,,Amarire Najat,e-rdv.ma
Dr Fouad Guessous,dentistry,Casablanca,,47 rue Othman ben Affan -ex Lafuente 3°ét. esc. A Ville Nouvelle,,,,,,,,,,,Guessous Fouad,e-rdv.ma
Dr Siham Imjrane,dentistry,Casablanca,,27 lot. El Azhar 1°ét. bd Atadamoune,,,,,,,,,,,Imjrane Siham,e-rdv.ma
Dr Meryem Zemmama,dentistry,Casablanca,,8 avenue Mohamed Bouziane 1°ét.,,,,,,,,,,,Zemmama Meryem,e-rdv.ma
Dr Kawtar Hazime,dentistry,Casablanca,,52 avenue Anoual - ex L (hay Mabrouka) 1°ét.,,,,,,,,,,,Hazime Kawtar,e-rdv.ma
Dr Mostafa Chater,dentistry,Casablanca,,218 bd El Khalil hay Mly Abdellah,,,,,,,,,,,Chater Mostafa,e-rdv.ma
Dr Saâd Bennani,dentistry,Casablanca,Mers Sultan,149 rue du Prince Moulay Abdallah 1°ét. Quartier mers sultan 1,,,,,,,,,,,Bennani Saâd,e-rdv.ma
Dr Kamal Elkhiry,dentistry,Casablanca,,5 rue de Jeddah -ex Thionville Bettania,,,,,,,,,,,Elkhiry Kamal,e-rdv.ma
Dr Samia Benjelloun,dentistry,Casablanca,,295 bd Abdelmoumen n° 15B,,,,,,,,,,,Benjelloun Samia,e-rdv.ma
Dr Hicham Bouaamri,dentistry,Casablanca,,quartier Beausite résid. Addoha 1 imm. P89 n°2 El Gantour,,,,,,,,,,,Bouaamri Hicham,e-rdv.ma
Dr Nadia El Yacoubi,dentistry,Casablanca,,206 av. Omar El Khayam - ex Mermoz 2°ét.,,,,,,,,,,,El Yacoubi Nadia,e-rdv.ma
Dr Karim Zouitene,dentistry,Casablanca,,61 rue d' Agadir 2° ét Bettania,,,,,,,,,,,Zouitene Karim,e-rdv.ma
Dr Abdellah Samir,dentistry,Casablanca,,36 avenue du Cimetière 1°ét. Hassan,,,,,,,,,,,Samir Abdellah,e-rdv.ma
Dr Hasnaa Naamane,dentistry,Casablanca,,quartier Beausite - Casablanca Addoha immb. L20 n°6 1er ét.,,,,,,,,,,,Naamane Hasnaa,e-rdv.ma
Dr Houria Laghrari,dentistry,Casablanca,,72 bd Rahal El Meskini,,,,,,,,,,,Laghrari Houria,e-rdv.ma
Dr Ahmed Denial,dentistry,Casablanca,,10 bd Haj Ahmed Mekouar -ex C.Caillat 1°ét passage de la plage n°21 El Manar,,,,,,,,,,,Denial Ahmed,e-rdv.ma
Dr Zahra Gridech Fatima,dentistry,Casablanca,,6 lot. Jaouhara résid. Tarik 1°ét. n°78,,,,,,,,,,,Gridech Fatima Zahra,e-rdv.ma
Dr Hakim Benzakour,dentistry,Casablanca,,826 bd El Qods 1°ét. hay Mandarona,,,,,,,,,,,Benzakour Hakim,e-rdv.ma
Dr Abderrahim Elkharras,dentistry,Casablanca,Sidi Bernoussi,hay El Qods (Sidi Bernoussi) bloc Moubaraka grp. 41 n°14,,,,,,,,,,,Elkharras Abderrahim,e-rdv.ma
Dr Ahlam Abouelmir,dentistry,Casablanca,Oulfa,520 lotiss. Haj Fateh (Oulfa),,,,,,,,,,,Abouelmir Ahlam,e-rdv.ma
Dr Ali Taheri,dentistry,Casablanca,,171 avenue Oued Dahab (cité Jemâa) - Casablanca Jamila 7,,,,,,,,,,,Taheri Ali,e-rdv.ma
Dr Assia Alami Afilal,dentistry,Casablanca,Bourgogne,144 bd de Bourgogne 2°ét. Hassan,,,,,,,,,,,Alami Afilal Assia,e-rdv.ma
Dr Najat Sajid,dentistry,Casablanca,,11 avenue N (Jamila V),,,,,,,,,,,Sajid Najat,e-rdv.ma
Dr Safouane Jaada Mohammed,dentistry,Casablanca,,rue Abou Dabi - ex Pierre Teuler ang. bd Oasis Softcity Oasis 1°ét. n°1,,,,,,,,,,,Jaada Mohammed Safouane,e-rdv.ma
Dr Saâd Bennis Feddoul,dentistry,Casablanca,,108 bd Rahal El Meskini 1°ét.,,,,,,,,,,,Bennis Feddoul Saâd,e-rdv.ma
Dr Fathia ElBerdey,dentistry,Casablanca,,238 bd Ba Hmad 1°ét.,,,,,,,,,,,ElBerdey Fathia,e-rdv.ma
Dr Abderrahmane Kettani Halabi,dentistry,Casablanca,,bd Oqba Bnou Nafiaa route secondaire 106. grp. 6 n°33,,,,,,,,,,,Kettani Halabi Abderrahmane,e-rdv.ma
Dr Mamia Moukhtabir,dentistry,Casablanca,,321 bd Oued Sebou - Casablanca 1er ét.,,,,,,,,,,,Moukhtabir Mamia,e-rdv.ma
Dr Saâdia Akbouche,dentistry,Casablanca,,hay El Falah 1°ét. rue 7 n°6 bd. Akid Allam,,,,,,,,,,,Akbouche Saâdia,e-rdv.ma
Dr Hajar Oukettou,dentistry,Casablanca,,115 lotiss. Habiba,,,,,,,,,,,Oukettou Hajar,e-rdv.ma
Dr Mohamed Lazraq,dentistry,Casablanca,,41 rue Oussama Ibn Zaid - ex Jura 1°ét. n°3,,,,,,,,,,,Lazraq Mohamed,e-rdv.ma
Dr Hicham Ismaili Lamrhari,dentistry,Casablanca,,498 avenue Joulan - ex D,,,,,,,,,,,Ismaili Lamrhari Hicham,e-rdv.ma
Dr Aicha Ouelachg,dentistry,Casablanca,,quartier Ahl Loghlam - Casablanca résid. Riad El Fotouh Salam 1 lot 45 4éme étg. n°15,,,,,,,,,,,Ouelachg Aicha,e-rdv.ma
Dr Sara Agoujjim,dentistry,Casablanca,,218 avenue Abdelkader Essahraoui - Casablanca lotiss. Al Mostakbal 2ème ét.,,,,,,,,,,,Agoujjim Sara,e-rdv.ma
Dr Laïla Lahssini Abkari,dentistry,Casablanca,,hay Sadri (Bournazel) rue 58 n° 139 1°ét.,,,,,,,,,,,Lahssini Abkari Laïla,e-rdv.ma
Dr Aïcha Jamil,dentistry,Casablanca,Mers Sultan,42 rue Abdeslam Khattabi -ex Lisbonne résid. Mouna 1°ét. Quartier mers sultan 1,,,,,,,,,,,Jamil Aïcha,e-rdv.ma
Dr Hasnaa Moustarhfir,dentistry,Casablanca,,24 bd Haj Ahmed Mekouar -ex C.Caillat - Casablanca 1 ét,,,,,,,,,,,Moustarhfir Hasnaa,e-rdv.ma
Dr Laila Rhafes,dentistry,Casablanca,,78 avenue Wahda El Ifriquia -ex N 1er ét.,,,,,,,,,,,Rhafes Laila,e-rdv.ma
Dr Saufya Sedrati,dentistry,Casablanca,,180 bd Oued Oum Errabia - Casablanca ang bd Oued Sebou résid Saad n°12 Bir Rami Est,,,,,,,,,,,Sedrati Saufya,e-rdv.ma
Dr Hicham Bousfiha,dentistry,Casablanca,,341 avenue Reda Guédira -ex Nil 1°ét.,,,,,,,,,,,Bousfiha Hicham,e-rdv.ma
Dr Loubna Zeroual,dentistry,Casablanca,,hay El Qods - Casablanca résid. Al Mansouria G2 n°2 rdc.,,,,,,,,,,,Zeroual Loubna,e-rdv.ma
Dr Hajar El Alouani,dentistry,Casablanca,,217 bd Amgala - ex A - Casablanca 1er ét.,,,,,,,,,,,El Alouani Hajar,e-rdv.ma
Dr Ilham Mebchour,dentistry,Casablanca,,6 bd Ain Taoujtate -ex Jouffroy résid. Odéon 2°ét. Hay El Qods,,,,,,,,,,,Mebchour Ilham,e-rdv.ma
Dr Meryem Barich,dentistry,Casablanca,,293 bd Abdelmoumen imm. Morjana 1°ét. n°1,,,,,,,,,,,Barich Meryem,e-rdv.ma
Dr Zohra Labrak,dentistry,Casablanca,,793 bd Mohammed VI - Casablanca Drissia III,,,,,,,,,,,Labrak Zohra,e-rdv.ma
Dr Ezzahra Edderai Fatima,dentistry,Casablanca,El Fida,655 bd El Fida - Casablanca 2°ét. appt.3,,,,,,,,,,,Edderai Fatima Ezzahra,e-rdv.ma
Dr Ahlam Hmimou,dentistry,Casablanca,,452 bd Abdelmoumen ang. Bd. Anoual Abdelmoumen Center n°508,,,,,,,,,,,Hmimou Ahlam,e-rdv.ma
Dr Nawal Essadik,dentistry,Casablanca,,3 rue Abou Bakr M. Ibn Zaher résid. La Tulipe 2°ét. appt. n°3,,,,,,,,,,,Essadik Nawal,e-rdv.ma
Dr Yassine Messaoudi,dentistry,Casablanca,,bd de Goulmima ang. rue Ampère résid. Naourak 1°ét. appt.3 Hassan,,,,,,,,,,,Messaoudi Yassine,e-rdv.ma
Dr Wafae Sekkat,dentistry,Casablanca,,240 bd Ziraoui,,,,,,,,,,,Sekkat Wafae,e-rdv.ma
Dr Abdelghani Smouni,dentistry,Casablanca,,9 bd Imam Al Ghazali,,,,,,,,,,,Smouni Abdelghani,e-rdv.ma
Dr Rachid Kabbaje,dentistry,Casablanca,,5 rue Abdelkader Mouftakar ex Clémence 2°ét. Aïn Sebaâ,,,,,,,,,,,Kabbaje Rachid,e-rdv.ma
Dr Mouna Naji Farites,dentistry,Casablanca,El Fida,70 bd El Fida - ex Suez 1°ét.,,,,,,,,,,,Naji Farites Mouna,e-rdv.ma
Dr Sanaâ Soulami,dentistry,Casablanca,,63 avenue Haj Amar Riffi 1°ét.,,,,,,,,,,,Soulami Sanaâ,e-rdv.ma
Dr Khalid Ibnouali,dentistry,Casablanca,,hay Sadri (Bournazel) grp.3 rue 10 n°171 1°ét.,,,,,,,,,,,Ibnouali Khalid,e-rdv.ma
Dr Yousra Loulidi,dentistry,Casablanca,,82 bd Anoual -ex Felix Faure,,,,,,,,,,,Loulidi Yousra,e-rdv.ma
Dr Abdelilah Benjelloun,dentistry,Casablanca,,466 bd Nil bloc 36 1°ét.,,,,,,,,,,,Benjelloun Abdelilah,e-rdv.ma
Dr Azzeddine Elbacouri,dentistry,Casablanca,,95 bd Anoual -ex Felix Faure ang. rue Tabit Ibnou kourra n° 24 2éme ét.,,,,,,,,,,,Elbacouri Azzeddine,e-rdv.ma
Dr Amal Hakkou,dentistry,Casablanca,,bd El Qods résid. Ad-damane imm. n°33 grp H6 appt. n°2,,,,,,,,,,,Hakkou Amal,e-rdv.ma
Dr Dounia Naji,dentistry,Casablanca,,bd Abdellatif Ben Kaddour résid Wafa imm D Rdc,,,,,,,,,,,Naji Dounia,e-rdv.ma
Dr Rime Debbi,dentistry,Casablanca,,lotiss. Al Moustakbal imm. 97 2°ét. rte 1029,,,,,,,,,,,Debbi Rime,e-rdv.ma
Dr Issam Haddad,dentistry,Casablanca,,120 avenue Lahraouine -ex C (cité Djemâa),,,,,,,,,,,Haddad Issam,e-rdv.ma
Dr Anissa Cherrat,dentistry,Casablanca,Lissasfa,quartier Lissasfa III (route d'El Jadida) bloc C n°27 1°ét.,,,,,,,,,,,Cherrat Anissa,e-rdv.ma
Dr Noureddine Benghdifa,dentistry,Casablanca,,93 rue Zarhoun - ex Reims 1°ét. Bettania,,,,,,,,,,,Benghdifa Noureddine,e-rdv.ma
Dr Azeddine Hsaine,dentistry,Casablanca,,10 rue Zaid Ibn Rifaa - ex Zurich,,,,,,,,,,,Hsaine Azeddine,e-rdv.ma
Dr Chadia Zerati,dentistry,Casablanca,,bd Moulay Idriss 1er ang. rue Babylone,,,,,,,,,,,Zerati Chadia,e-rdv.ma
Dr Youssef Sehbani,dentistry,Casablanca,,739 bd Oued Sebou Alia 2,,,,,,,,,,,Sehbani Youssef,e-rdv.ma
Dr Bouchra Sekkat,dentistry,Casablanca,Hay Hassani,bd d' Afghanistan (hay Hassani) ang. rue 80 1°ét. hay Ettaaoune Farah 1,,,,,,,,,,,Sekkat Bouchra,e-rdv.ma
Dr Mohamed Boucetta,dentistry,Casablanca,Sidi Maarouf,derb Sidi Maarouf VI (A.Chok) rue 6 n°30 1° ét.,,,,,,,,,,,Boucetta Mohamed,e-rdv.ma
Dr Fatine Benhayoun,dentistry,Casablanca,,lotiss. Al Moustakbal - Casablanca résidence Al Moustakbal immb. 3.80 Appt. 4,,,,,,,,,,,Benhayoun Fatine,e-rdv.ma
Dr Redouane Daoussi,dentistry,Casablanca,,avenue Nkili Ahmed ex A. Bourgadam et Vitalis ang. rue Oudayas résid. Mostaqar I 2° ét. appt. n° 8,,,,,,,,,,,Daoussi Redouane,e-rdv.ma
Dr Rachida Erroudani,dentistry,Casablanca,,hay Moubaraka imm. 52 1°ét.,,,,,,,,,,,Erroudani Rachida,e-rdv.ma
Dr Oussama Abli,dentistry,Casablanca,,1 derb Sidi El Khadir - Casablanca rue 39 n° 4 appt. 1 Farah 1,,,,,,,,,,,Abli Oussama,e-rdv.ma
Dr Ilham Ghallab,dentistry,Casablanca,,394 bd Mohamed Zerktouni,,,,,,,,,,,Ghallab Ilham,e-rdv.ma
Dr Aicha Qoraiche,dentistry,Casablanca,,23 avenue Akid Allam 1°ét.,,,,,,,,,,,Qoraiche Aicha,e-rdv.ma
Dr Imane El Kharras,dentistry,Casablanca,,quartier Beausite - Casablanca lotiss. Al Amane immb. 161 n°9 1er ét.,,,,,,,,,,,El Kharras Imane,e-rdv.ma
Dr Khalid Channawi,dentistry,Casablanca,,31 rue Abbas Mahmoud El Akkad -ex Favre 3°ét. Hassan,,,,,,,,,,,Channawi Khalid,e-rdv.ma
Dr Amal Benazzouz,dentistry,Casablanca,,bd Oued Oum Rabie résid. AlFirdaous imm. L 30 2°ét.,,,,,,,,,,,Benazzouz Amal,e-rdv.ma
Dr Amal Seddiqi,dentistry,Casablanca,,22 rue de l' Imam El Aloussi Hassan,,,,,,,,,,,Seddiqi Amal,e-rdv.ma
Dr Ilham Tber,dentistry,Casablanca,Mers Sultan,6 rue Allal El Fassi -ex Reitzer av Hassan II 2°ét. Quartier mers sultan 1,,,,,,,,,,,Tber Ilham,e-rdv.ma
Dr Othman Elamrani,dentistry,Casablanca,,28 rue de Provins 2°ét.,,,,,,,,,,,Elamrani Othman,e-rdv.ma
Dr Rabia Bennis Benkirane,dentistry,Casablanca,,133 bd Aba Chouaïb Doukali 1°ét.,,,,,,,,,,,Bennis Benkirane Rabia,e-rdv.ma
Dr Warda Boulhrouz Sounani,dentistry,Casablanca,Sidi Bernoussi,hay El Qods (Sidi Bernoussi) résid. Annakhil imm. 24 1°ét. n°4,,,,,,,,,,,Boulhrouz Sounani Warda,e-rdv.ma
Dr Mohamed ElAlami Ferricha,dentistry,Casablanca,,bd Emile Zola ang. rue Rethel 2°ét.,,,,,,,,,,,ElAlami Ferricha Mohamed,e-rdv.ma
Dr Amal ElMiloudi,dentistry,Casablanca,El Fida,694 bd El Fida - ex Suez Amal I 2°ét..,,,,,,,,,,,ElMiloudi Amal,e-rdv.ma
Dr Hind Haddou ElQuars,dentistry,Casablanca,Errahma,56 rue Abderrahmane Sahraoui 1°ét. Branes,,,,,,,,,,,Haddou ElQuars Hind,e-rdv.ma
Dr Aziz Charaf,dentistry,Casablanca,,. av. Omar El Khayam - ex Mermoz ang. bd Abderrahim Bouabid résid. du CAF,,,,,,,,,,,Charaf Aziz,e-rdv.ma
Dr Souad Elghazouli,dentistry,Casablanca,,87 rue de Normandie 2°ét.,,,,,,,,,,,Elghazouli Souad,e-rdv.ma
Dr Hicham Skiredj,dentistry,Casablanca,,11 rue Abou Hassan Askari-ex Lavoisier 3°ét. n°8,,,,,,,,,,,Skiredj Hicham,e-rdv.ma
Dr Najat Boustani Nebbaki,dentistry,Casablanca,,52 bd de la Grande Ceinture (h.Mohammadi) 2°ét.,,,,,,,,,,,Boustani Nebbaki Najat,e-rdv.ma
Dr Siham ElMaghraoui,dentistry,Casablanca,,75 bd Ghandi 1°ét.,,,,,,,,,,,ElMaghraoui Siham,e-rdv.ma
Dr Rabih Naja Med,dentistry,Casablanca,,44 rue Jean Jaurès,,,,,,,,,,,Naja Med Rabih,e-rdv.ma
Dr Youssef Didi,dentistry,Casablanca,,113 bd Bir Anzarane - ex Danton résid. Ramzi 1°ét.,,,,,,,,,,,Didi Youssef,e-rdv.ma
Dr Youssef Allali,dentistry,Casablanca,,rue Daoud Dahiri ang. bd Brahim Roudani imm.n°2 1°ét.,,,,,,,,,,,Allali Youssef,e-rdv.ma
Dr Ezzahra Labsiri Fatima,dentistry,Casablanca,Sidi Bernoussi,cité Sidi Bernoussi lotiss. Riad El Bernoussi 2 lot n°19 plateau n° 4 1°ét.,,,,,,,,,,,Labsiri Fatima Ezzahra,e-rdv.ma
Dr Warda ElKhaouty,dentistry,Casablanca,,hay Alwalaa S. 2 T. 16 imm. 5,,,,,,,,,,,ElKhaouty Warda,e-rdv.ma
Dr Naima Akarid,dentistry,Casablanca,,15 bd Abou Bakr El Kadiri 2°ét. n°3,,,,,,,,,,,Akarid Naima,e-rdv.ma
Dr Najlaa Rebbane,dentistry,Casablanca,,786 bd El Qods Lotiss. Mandarona,,,,,,,,,,,Rebbane Najlaa,e-rdv.ma
Dr Touria Bengelloun,dentistry,Casablanca,,12 bd Mohamed Abdou - Casablanca résid. Palmiers du Sud,,,,,,,,,,,Bengelloun Touria,e-rdv.ma
Dr Khadija Azzouzi Ghaiti,dentistry,Casablanca,,368 avenue Akid Allam 1°ét. hay Salama 3,,,,,,,,,,,Azzouzi Ghaiti Khadija,e-rdv.ma
Dr Ilham Seffar Ouazzani,dentistry,Casablanca,,15 rue de Franche Comté,,,,,,,,,,,Seffar Ouazzani Ilham,e-rdv.ma
Dr Mohamed Sdira,dentistry,Casablanca,,364 rue Mostapha El Maani Bettania,,,,,,,,,,,Sdira Mohamed,e-rdv.ma
Dr Salwa Benchekroun,dentistry,Casablanca,,120 bd Moulay Idriss 1er 3°ét.,,,,,,,,,,,Benchekroun Salwa,e-rdv.ma
Dr Hajar El Azarifi,dentistry,Casablanca,,bd El Qods ang. bd Deux Mars résid. Al Majd imm. A appt. n°1,,,,,,,,,,,El Azarifi Hajar,e-rdv.ma
Dr Charaf Sekkat,dentistry,Casablanca,,6 rue Pierre et Marie Curie,,,,,,,,,,,Sekkat Charaf,e-rdv.ma
Dr Dounia Lahlou,dentistry,Casablanca,,bd Bir Anzarane - Casablanca résid. Youssoufia cabinet dentaire Ocp,,,,,,,,,,,Lahlou Dounia,e-rdv.ma
Dr Fatiha Soukri Ayoubi,dentistry,Casablanca,,302 avenue du Nil - ex E/M 1°ét.,,,,,,,,,,,Soukri Ayoubi Fatiha,e-rdv.ma
Dr Souad Elkanit,dentistry,Casablanca,,hay Chadia - Casablanca rue 2,,,,,,,,,,,Elkanit Souad,e-rdv.ma
Dr Fouad Bennani,dentistry,Casablanca,,5 bd de Bordeaux place oued Elmakhazine 1°ét. Hassan,,,,,,,,,,,Bennani Fouad,e-rdv.ma
Dr Jalal Temsamani Mokkadem Ahmed,dentistry,Casablanca,,2 rue Mohamed Taha - ex Préjean - Casablanca rdc. Oasis,,,,,,,,,,,Temsamani Mokkadem Ahmed Jalal,e-rdv.ma
Dr Khadija Najjar,dentistry,Casablanca,,bd Tah - Casablanca 89 lotiss. Lalla khadija rue 1 n°95,,,,,,,,,,,Najjar Khadija,e-rdv.ma
Dr Salma Jiddi,dentistry,Casablanca,,lot. El Kheir (Les Camps) - Casablanca immb. Hadil D 2éme ét.,,,,,,,,,,,Jiddi Salma,e-rdv.ma
Dr Malika Ibn Khayat,dentistry,Casablanca,,22 bd Yacoub El Mansour Espace El Mansour 2°ét. n°17,,,,,,,,,,,Ibn Khayat Malika,e-rdv.ma
Dr Merieme Hamzaoui,dentistry,Casablanca,,hay Baraka (Ben Msik) rue 26 lot. 345 bis,,,,,,,,,,,Hamzaoui Merieme,e-rdv.ma
Dr Abdelhadi ElBouamri,dentistry,Casablanca,,bd El Qods résid. Addamane imm. 8 n° 1 Rdc.,,,,,,,,,,,ElBouamri Abdelhadi,e-rdv.ma
Dr Abdellatif Amor,dentistry,Casablanca,,76 bd de la Grande Ceinture (h.Mohammadi) résid. El khair 1°ét. appt. 111,,,,,,,,,,,Amor Abdellatif,e-rdv.ma
Dr Mustapha Diani,dentistry,Casablanca,,bd Moulay Mohamed El Baamrani -ex M résid. Chabab Imm. F 7 3°ét. appt. n°12,,,,,,,,,,,Diani Mustapha,e-rdv.ma
Dr Abdelaziz Mounaji,dentistry,Casablanca,,194 bd de Bordeaux imm.B résid.Tafechna 1°ét. Hassan,,,,,,,,,,,Mounaji Abdelaziz,e-rdv.ma
Dr Ibtissam Afifi,dentistry,Casablanca,,bd Abou Bakr El Kadiri résid. Panorama imm.1 n°4,,,,,,,,,,,Afifi Ibtissam,e-rdv.ma
Dr Ali Haddioui Med,dentistry,Casablanca,,104 X bd Abdelmoumen résid. Acapulco 3°ét.,,,,,,,,,,,Haddioui Med Ali,e-rdv.ma
Dr Mounia Tazi,dentistry,Casablanca,,derb Bouchentouf rue 39 n°119 2°ét.,,,,,,,,,,,Tazi Mounia,e-rdv.ma
Dr Alexandrie Laslami Narjisse Centre Dentaire,dentistry,Casablanca,,29 rue Mohamed El Yazidi -ex Rhodes,,,,,,,,,,,Laslami Narjisse Centre Dentaire Alexandrie,e-rdv.ma
Dr Hassan Massar,dentistry,Casablanca,,hay Baraka (Ben Msik) av. C n°219,,,,,,,,,,,Massar Hassan,e-rdv.ma
Dr Saâd Lamtiri Laarif,dentistry,Casablanca,,18 rue Abou Hassan Askari-ex Lavoisier 1°ét. appt.3,,,,,,,,,,,Lamtiri Laarif Saâd,e-rdv.ma
Dr Abdeladim Mseffer,dentistry,Casablanca,,rue El Fourat-ex Roncevaux - Casablanca ang. rue Mansour El Abidi,,,,,,,,,,,Mseffer Abdeladim,e-rdv.ma
Dr Youssef Ouenza,dentistry,Casablanca,,hay Laayoune (nouv.Médina) rue 27 n°15,,,,,,,,,,,Ouenza Youssef,e-rdv.ma
Dr Siham Bennani Hassan,dentistry,Casablanca,,3 rue Biougra -ex Iles de Lérins,,,,,,,,,,,Bennani Hassan Siham,e-rdv.ma
Dr Abdelhak Achbani,dentistry,Casablanca,Sidi Maârouf,548 lotiss. El Kheir Sidi Maârouf,,,,,,,,,,,Achbani Abdelhak,e-rdv.ma
Dr Amina Belahmer,dentistry,Casablanca,,1 bd Ghandi résid. Mansour,,,,,,,,,,,Belahmer Amina,e-rdv.ma
Dr Wafa Felioune,dentistry,Casablanca,,quartier Ancienne médina rue Arsa n°3 2°ét Benjdia,,,,,,,,,,,Felioune Wafa,e-rdv.ma
Dr Meryem Lakchini,dentistry,Casablanca,,68 bd Abdellatif Ben Kaddour résid. Wafa imm. C appt. 8 rdc.,,,,,,,,,,,Lakchini Meryem,e-rdv.ma
Dr Gérard Chevalier,dentistry,Casablanca,,103 bd Moukaouama - ex Résistance 1°ét.,,,,,,,,,,,Chevalier Gérard,e-rdv.ma
Dr Hajar Alami,dentistry,Casablanca,,658 bd Mohammed V résid. Zine Al Mahaba porte B 2°ét. n°204,,,,,,,,,,,Alami Hajar,e-rdv.ma
Dr Youssef Radaj,dentistry,Casablanca,Sidi Moumen,hay Sidi Moumen - Casablanca lotiss. la Verdure GH1 appt.1 n°4,,,,,,,,,,,Radaj Youssef,e-rdv.ma
Dr Zahra Douffir Abdelmounim,dentistry,Casablanca,Hay Mohammadi,"191 bd du Fouarat hay Adil ""A"" Hay Mohammadi",,,,,,,,,,,Douffir Abdelmounim Zahra,e-rdv.ma
Dr Hala Belmahjoubi,dentistry,Casablanca,,4 rue Benzart - ex Réole - Casablanca ang. rue Bachir Ibrahimi centre ahfad immb.D 2éme ét. n°12,,,,,,,,,,,Belmahjoubi Hala,e-rdv.ma
Dr Adil Houem,dentistry,Casablanca,,21 bd Bir Anzarane 2°ét.,,,,,,,,,,,Houem Adil,e-rdv.ma
Dr Ghita Aboumazi,dentistry,Casablanca,,249 bd Yacoub El Mansour - Casablanca résid. Al Mansour 4éme ét. n°8,,,,,,,,,,,Aboumazi Ghita,e-rdv.ma
Dr Mounir Zniber,dentistry,Casablanca,,bd Anoual -ex Felix Faure - Casablanca V Office 2°étg.,,,,,,,,,,,Zniber Mounir,e-rdv.ma
Dr Mohamed Roqui Chaoui,dentistry,Casablanca,,625 bd Mohammed V 2°ét. appt.20,,,,,,,,,,,Roqui Chaoui Mohamed,e-rdv.ma
Dr Bouchra Tazi,dentistry,Casablanca,,16 bd Bir Anzarane Romandie 2 tour 2 appt 2,,,,,,,,,,,Tazi Bouchra,e-rdv.ma
Dr Nouhaila Fedaili,dentistry,Casablanca,,129 bd Yacoub El Mansour - Casablanca ang. rue Al Wouroud Oulmes Offices Hay Essaada,,,,,,,,,,,Fedaili Nouhaila,e-rdv.ma
Dr Omar El Boury,dentistry,Casablanca,,203 bd Abdelmoumen ang. bd Anoual Anoual Capital centre entrée B 2°ét. n°7,,,,,,,,,,,El Boury Omar,e-rdv.ma
Dr Mohamed Tajmouati,dentistry,Casablanca,,7 rue Cadi Iass - ex Mont Cénis 2°ét.,,,,,,,,,,,Tajmouati Mohamed,e-rdv.ma
Dr Salima Belhasba,dentistry,Casablanca,Californie,bd El Qods résid. Al Hakim lot Assakan Al Anik 1°ét. Californie,,,,,,,,,,,Belhasba Salima,e-rdv.ma
Dr Karima Hayani Mounir,dentistry,Casablanca,,8 av Mohamed Zefzaf -ex A 1°ét. appt. n°4,,,,,,,,,,,Hayani Mounir Karima,e-rdv.ma
Dr Said Khattab,dentistry,Casablanca,Hay Mohammadi,656 bd. Chouhada (hay Mohammadi) 2°ét.,,,,,,,,,,,Khattab Said,e-rdv.ma
Dr Badr Abouchikhi,dentistry,Casablanca,,hay Elmassara rue 1 n°6,,,,,,,,,,,Abouchikhi Badr,e-rdv.ma
Dr Saâd Essalki,dentistry,Casablanca,,765 bd Modibo Keita (Rond-Point Bachkou),,,,,,,,,,,Essalki Saâd,e-rdv.ma
Dr Najwa Bouzoubaâ,dentistry,Casablanca,,237 lotiss. Mandarona,,,,,,,,,,,Bouzoubaâ Najwa,e-rdv.ma
Dr Driss Sayegrih,dentistry,Casablanca,,4 rue de Blida résid.Tour Orientale 4°ét.,,,,,,,,,,,Sayegrih Driss,e-rdv.ma
Dr Said Asmar,dentistry,Casablanca,,46 bd Bir Anzarane résid. Saad 1°ét,,,,,,,,,,,Asmar Said,e-rdv.ma
Dr Rachid Touijar,dentistry,Casablanca,Errahma,bd Sidi Abderrahman ang. rte d'Azemmour imm. communal entrée A 2°ét. n°6 Farah 1,,,,,,,,,,,Touijar Rachid,e-rdv.ma
Dr Rkia Ait Hammou,dentistry,Casablanca,,308 bd Mohammed VI -ex Strasbourg ang. bd Résistance résid. Casa I 3°ét. n°308,,,,,,,,,,,Ait Hammou Rkia,e-rdv.ma
Dr Wafae Charifa,dentistry,Casablanca,,221 avenue Makdad Lahrizi - Casablanca 11er ét.,,,,,,,,,,,Charifa Wafae,e-rdv.ma
Dr Ali Boutrassit,dentistry,Casablanca,,77 avenue Akid Allam 1°ét.,,,,,,,,,,,Boutrassit Ali,e-rdv.ma
Dr Rajaa Gadouh,dentistry,Casablanca,,lot. Anassi 20 entrée 11 n°119 1°ét.,,,,,,,,,,,Gadouh Rajaa,e-rdv.ma
Dr Mostafa Malihi,dentistry,Casablanca,,avenue du Dix Mars 1982 (Sidi Othman) résid. Belhcen pl. de la Préfecture,,,,,,,,,,,Malihi Mostafa,e-rdv.ma
Dr Malika Hraiba,dentistry,Casablanca,,68 rue Mohamed Smiha 2°ét. Massira 1B,,,,,,,,,,,Hraiba Malika,e-rdv.ma
Dr Mohamed Malihi,dentistry,Casablanca,,33 avenue Akid Allam 1°ét. hay Sadri,,,,,,,,,,,Malihi Mohamed,e-rdv.ma
Dr Miloud Birouaine,dentistry,Casablanca,,203 rue du Gharb 1°ét. hay Laâyoune,,,,,,,,,,,Birouaine Miloud,e-rdv.ma
Dr Saloua Zemmouri Marrakchi Mariam,dentistry,Casablanca,,11 bd Mohamed Zerktouni résid. Tarfaya 6°ét.,,,,,,,,,,,Zemmouri Marrakchi Mariam Saloua,e-rdv.ma
Dr Mohamed Moubachir,dentistry,Casablanca,Sidi Maârouf,193 bd Aba Chouaïb Doukali Sidi Maârouf IV,,,,,,,,,,,Moubachir Mohamed,e-rdv.ma
Dr Salma Eabdenbitsen,dentistry,Casablanca,,209 bd Amgala - ex A - Casablanca . hay Al Ousra,,,,,,,,,,,Eabdenbitsen Salma,e-rdv.ma
Dr Nadia Boussir,dentistry,Casablanca,,avenue Abdelkader Essahraoui résid. Al Hamd imm.1 appt. n°6,,,,,,,,,,,Boussir Nadia,e-rdv.ma
Dr Hind Khairouni,dentistry,Casablanca,,42 Av de l' Atlas -ex Ile de France (C.i.l),,,,,,,,,,,Khairouni Hind,e-rdv.ma
Dr Hanane Haiba,dentistry,Casablanca,,hay Idrissia I (Ben M'Sik Sud) rue 12 n°102,,,,,,,,,,,Haiba Hanane,e-rdv.ma
Dr Nadia El Mesbahi,dentistry,Casablanca,,106 rue Ennasrine-ex Glaieuls imm. Le Siège 2°ét. n°3,,,,,,,,,,,El Mesbahi Nadia,e-rdv.ma
Dr Marouane Kaoukab,dentistry,Casablanca,,12 X rue du Roussillon résid. Houda,,,,,,,,,,,Kaoukab Marouane,e-rdv.ma
Dr Fatma Amor,dentistry,Casablanca,,89 bd Abou Bakr El Kadiri 1°ét. n°2 lotiss. Al Moustakbal,,,,,,,,,,,Amor Fatma,e-rdv.ma
Dr Bouchra Hormi,dentistry,Casablanca,,hay Amal III (Ben M'Sik) rue 33 imm.3 1°ét.,,,,,,,,,,,Hormi Bouchra,e-rdv.ma
Dr Jaouad Charaa,dentistry,Casablanca,Bourgogne,119 bd de Bourgogne résid. Phénicia 2°ét.,,,,,,,,,,,Charaa Jaouad,e-rdv.ma
Dr Ayman Baali,dentistry,Casablanca,,. bd Anoual -ex Felix Faure ang. rue 17m résid. Ma Santé 2°ét. n°4,,,,,,,,,,,Baali Ayman,e-rdv.ma
Dr Adil Atif,dentistry,Casablanca,Sidi Moumen,179 bd Lalla Asmaa - ex G (Sidi Moumen) grp. 7,,,,,,,,,,,Atif Adil,e-rdv.ma
Dr widad Bennouna,dentistry,Casablanca,,27 Av de l' Atlas -ex Ile de France (C.i.l),,,,,,,,,,,Bennouna widad,e-rdv.ma
Dr Aouatif Elmaadadi,dentistry,Casablanca,,216 av Oued Tensift 1°ét.,,,,,,,,,,,Elmaadadi Aouatif,e-rdv.ma
Dr Souad Elamrani Cheddadi,dentistry,Casablanca,,578 bd Modibo Keita 1°ét.,,,,,,,,,,,Elamrani Cheddadi Souad,e-rdv.ma
Dr Khadija Aksar,dentistry,Casablanca,,230 bd Abnaa Chouhada lot. Inani,,,,,,,,,,,Aksar Khadija,e-rdv.ma
Dr Aziz Dmane,dentistry,Casablanca,,avenue Abdelkader Essahraoui lotiss. Jawhara II grp. 22 imm. 5,,,,,,,,,,,Dmane Aziz,e-rdv.ma
Dr Aïcha Sabir,dentistry,Casablanca,,296 bd de Témara 1°ét.,,,,,,,,,,,Sabir Aïcha,e-rdv.ma
Dr Chakib Sedrati,dentistry,Casablanca,,188 avenue du Nil - ex E/M 2°ét.,,,,,,,,,,,Sedrati Chakib,e-rdv.ma
Dr Ghali Lemseffer,dentistry,Casablanca,Californie,quartier Californie - Casablanca résid. Jnane Californie imm. Yakout 1 Local n° 1,,,,,,,,,,,Lemseffer Ghali,e-rdv.ma
Dr Maria Bouazza,dentistry,Casablanca,,13 rue Aït Ourir -ex Montgolfier 1°ét. Hassan,,,,,,,,,,,Bouazza Maria,e-rdv.ma
Dr Nadia M'zian,dentistry,Casablanca,Sidi Maârouf,107 lotiss. Dandoune 2° ét. Sidi Maârouf,,,,,,,,,,,M'zian Nadia,e-rdv.ma
Dr Ahmed Yezrour,dentistry,Casablanca,,516 bd Abdellah Ben Yacine 2°ét. appt. n°3,,,,,,,,,,,Yezrour Ahmed,e-rdv.ma
Dr Mohamed Alami Idrissi,dentistry,Casablanca,,bd Bir Anzarane - ex Danton ang. rue Caid Al Achtar résid. Ribh A 2°ét.,,,,,,,,,,,Alami Idrissi Mohamed,e-rdv.ma
Dr Anas Kassi,dentistry,Casablanca,,565 bd Oued Oum Rabie,,,,,,,,,,,Kassi Anas,e-rdv.ma
Dr Saadia Naami,dentistry,Casablanca,,3 avenue Souhaib Erroumi exH (s.Bernoussi 1°ét,,,,,,,,,,,Naami Saadia,e-rdv.ma
Dr Assia Abourabia,dentistry,Casablanca,,27 bd Imam Chafii lotiss. El Bahia hay El Qods,,,,,,,,,,,Abourabia Assia,e-rdv.ma
Dr Abderrafi Aguedach,dentistry,Casablanca,,39 rue Mohamed Ben Ahmed El Bekkal 1°ét.,,,,,,,,,,,Aguedach Abderrafi,e-rdv.ma
Dr Othmane Ouhaddou,dentistry,Casablanca,,400 boulevard Panoramique Andalous 3 2°ét.,,,,,,,,,,,Ouhaddou Othmane,e-rdv.ma
Dr Houda Wahibi,dentistry,Casablanca,,393 bd Ibn Tachfine résid. Ibn Tachfine,,,,,,,,,,,Wahibi Houda,e-rdv.ma
Dr Assia Hamoumi,dentistry,Casablanca,,204 bd Nassiba Bent Kaab,,,,,,,,,,,Hamoumi Assia,e-rdv.ma
Dr Bouchra Ghouati,dentistry,Casablanca,,210 bd Aba Chouaïb Doukali - Casablanca appt. 2,,,,,,,,,,,Ghouati Bouchra,e-rdv.ma
Dr Nadia Lotfi,dentistry,Casablanca,,142 bd de Croix 2°ét.,,,,,,,,,,,Lotfi Nadia,e-rdv.ma
Dr Mohamed Taïbi ElKettani,dentistry,Casablanca,,37 square Ohanna 2°ét. n°4 Hassan,,,,,,,,,,,Taïbi ElKettani Mohamed,e-rdv.ma
Dr Saïd Zizi,dentistry,Casablanca,,5 avenue du Phare résid. Kenz,,,,,,,,,,,Zizi Saïd,e-rdv.ma
Dr Hassena Acharaoui,dentistry,Casablanca,,142 bd El Khalil (Aïn Chok) 2°ét.,,,,,,,,,,,Acharaoui Hassena,e-rdv.ma
Dr Samir Ksikes,dentistry,Casablanca,Mers Sultan,57 bd du Onze Janvier 3°ét. Quartier mers sultan 1,,,,,,,,,,,Ksikes Samir,e-rdv.ma
Dr Rachid ElBahi,dentistry,Casablanca,,191 bd de Dakhla Jamila 3,,,,,,,,,,,ElBahi Rachid,e-rdv.ma
Dr Hanane Otarid-Laraki,dentistry,Casablanca,,131 bd Bir Anzarane - ex Danton 1°ét. appt. n°1,,,,,,,,,,,Otarid-Laraki Hanane,e-rdv.ma
Dr Fouzia Farsi,dentistry,Casablanca,,486 bd Aba Chouaïb Doukali,,,,,,,,,,,Farsi Fouzia,e-rdv.ma
Dr Noureddine Bougerne,dentistry,Casablanca,Mers Sultan,95 avenue du Deux Mars résid. Paternelle 1°ét. appt. 2 Quartier mers sultan 1,,,,,,,,,,,Bougerne Noureddine,e-rdv.ma
Dr Amine Barakat,dentistry,Casablanca,,23 av Abou Houraïra (Sidi Othman),,,,,,,,,,,Barakat Amine,e-rdv.ma
Dr Kawtar Chami Baji,dentistry,Casablanca,,allée de l' Aude ang. rue Chant d'oiseaux Rosa1 q. l'Hermitage,,,,,,,,,,,Chami Baji Kawtar,e-rdv.ma
Dr Bouchama Adil,dentistry,Casablanca,,5 bd Abou Bakr El Kadiri résid. Naïm,,,,,,,,,,,Adil Bouchama,e-rdv.ma
Dr Hanane Waffar,dentistry,Casablanca,,derb Bennani rue 70 n°29,,,,,,,,,,,Waffar Hanane,e-rdv.ma
Dr Youssef ElAdib,dentistry,Casablanca,,66 rue d' Annam,,,,,,,,,,,ElAdib Youssef,e-rdv.ma
Dr Fathia Kabbaj Zizi,dentistry,Casablanca,Sidi Maârouf,lotiss. Al Moustakbal imm. A24 appt. n°5 rte 1029 Sidi Maârouf,,,,,,,,,,,Kabbaj Zizi Fathia,e-rdv.ma
Dr Youssef Ghigha,dentistry,Casablanca,,386 avenue Oued Dahab (cité Jemâa) 1°ét. appt. 1,,,,,,,,,,,Ghigha Youssef,e-rdv.ma
Dr Siham Belhaj,dentistry,Casablanca,Mers Sultan,bd Rahal El Meskini Borj El Yacout imm. A appt. n°11 3°ét. Quartier mers sultan 1,,,,,,,,,,,Belhaj Siham,e-rdv.ma
Dr Hamza Jadib,dentistry,Casablanca,,1 bd de la Grande Ceinture (h.Mohammadi),,,,,,,,,,,Jadib Hamza,e-rdv.ma
Dr Mustapha ElKadri,dentistry,Casablanca,Hay Mohammadi,177 bd. Chouhada (hay Mohammadi) bloc 18 1°ét.,,,,,,,,,,,ElKadri Mustapha,e-rdv.ma
Dr Jamila Kossi,dentistry,Casablanca,,21 rue Hadj Ahmed Belafrej -ex De l'Hospital - Casablanca . résid. Al Amane,,,,,,,,,,,Kossi Jamila,e-rdv.ma
Dr Amal Aderdour,dentistry,Casablanca,,616 bd de Dakhla Jamila 4 1°ét.,,,,,,,,,,,Aderdour Amal,e-rdv.ma
Dr Charafa Bennis Hamoumi,dentistry,Casablanca,,6 rue Abou Zaid Addaboussi -ex Necker,,,,,,,,,,,Bennis Hamoumi Charafa,e-rdv.ma
Dr Abdessamad Afad,dentistry,Casablanca,,244 avenue Joulan - ex D - Casablanca 2ème bur. 3 Salmia,,,,,,,,,,,Afad Abdessamad,e-rdv.ma
Dr Mohamed Benyahia,dentistry,Casablanca,,53 bd Lahcen ou Ider 1°ét.,,,,,,,,,,,Benyahia Mohamed,e-rdv.ma
Dr Hasnaa Ammari,dentistry,Casablanca,,21 avenue du Cdt Driss Lharti - ex A résid. Mahdi 4 1°ét.,,,,,,,,,,,Ammari Hasnaa,e-rdv.ma
Dr Nisrine El Ghani,dentistry,Casablanca,,32 rue de Compiègne,,,,,,,,,,,El Ghani Nisrine,e-rdv.ma
Dr Asmaa Laroussy,dentistry,Casablanca,,319 bd Ziraoui 1°ét. Hassan,,,,,,,,,,,Laroussy Asmaa,e-rdv.ma
Dr Mounir Ghazi,dentistry,Casablanca,,lot El Oulja II rue 2 n°2 El Gantour,,,,,,,,,,,Ghazi Mounir,e-rdv.ma
Dr Fadwa Sedki,dentistry,Casablanca,,415 bd de la Grande Ceinture (h.Mohammadi) - Casablanca Saada 2 1er ét.,,,,,,,,,,,Sedki Fadwa,e-rdv.ma
Dr Abdellatif Khairoun,dentistry,Casablanca,,332 av du Six Novembre 1975 - ex B,,,,,,,,,,,Khairoun Abdellatif,e-rdv.ma
Dr Abdelaziz Kaffaz,dentistry,Casablanca,Moulay Rachid,105 avenue Akid Allam - Casablanca hay Moulay Rachid II,,,,,,,,,,,Kaffaz Abdelaziz,e-rdv.ma
Dr Malika Louanjli,dentistry,Casablanca,,23 rue du Prince Moulay Abdallah 4°ét. Aïn Chok,,,,,,,,,,,Louanjli Malika,e-rdv.ma
Dr Sara Keradi,dentistry,Casablanca,,cité Aïn Chok - Casablanca lotiss. Ismailia rue 10 n°3. 1er ét.,,,,,,,,,,,Keradi Sara,e-rdv.ma
Dr Karim Elothmani,dentistry,Casablanca,,bd Mohammed VI av. ElQods imm. n°5 2°ét.,,,,,,,,,,,Elothmani Karim,e-rdv.ma
Dr Ahmed Boutakka,dentistry,Casablanca,Bourgogne,150 bd de Bourgogne,,,,,,,,,,,Boutakka Ahmed,e-rdv.ma
Dr Mostafa Mni,dentistry,Casablanca,El Fida,569 bd El Fida derb ElKebir,,,,,,,,,,,Mni Mostafa,e-rdv.ma
Dr Hassan Belkady Mohamed,dentistry,Casablanca,,305 bd Bir Anzarane - ex Danton Romandie II tour 3 Laâyoune n°3,,,,,,,,,,,Belkady Mohamed Hassan,e-rdv.ma
Dr Hiba Echchadi,dentistry,Casablanca,,490 bd El Qods,,,,,,,,,,,Echchadi Hiba,e-rdv.ma
Dr Younes Benkirane,dentistry,Casablanca,,25 rue Abou Marouan Abdelmalek 2°ét.,,,,,,,,,,,Benkirane Younes,e-rdv.ma
Dr Loubna Farkah,dentistry,Casablanca,,75 bd Chefchaouni Bureaux Chefchaouni 2°ét. n°3 El Manar,,,,,,,,,,,Farkah Loubna,e-rdv.ma
Dr Jalila Bourdina,dentistry,Casablanca,,44 rue Jean Jaurès,,,,,,,,,,,Bourdina Jalila,e-rdv.ma
Dr Fouad Mikou,dentistry,Casablanca,,123 rue Daoud Dahiri,,,,,,,,,,,Mikou Fouad,e-rdv.ma
Dr Afifa Belmokadem Bennani,dentistry,Casablanca,,373 avenue Souhaib Erroumi exH (s.Bernoussi 1°ét Mansour III,,,,,,,,,,,Belmokadem Bennani Afifa,e-rdv.ma
Dr Hanane Lo,dentistry,Casablanca,,hay Moulay Abdallah - Casablanca rue 238 n°10,,,,,,,,,,,Lo Hanane,e-rdv.ma
Dr Adil Achari Berrada,dentistry,Casablanca,Oulfa,73 bd Oued Drâa (El Oulfa),,,,,,,,,,,Achari Berrada Adil,e-rdv.ma
Dr Driss Hassani Idrissi,dentistry,Casablanca,,21 place Souleimane El Farani résid. Pasteur 4°ét. appt.17,,,,,,,,,,,Hassani Idrissi Driss,e-rdv.ma
Dr Douaa Elfakir,dentistry,Casablanca,,182 bd Anoual -ex Felix Faure - Casablanca résid. Tour Anoual 4éme ét. bur. 17,,,,,,,,,,,Elfakir Douaa,e-rdv.ma
Dr Mohammed Salghi,dentistry,Casablanca,Bourgogne,55 bd de Bourgogne - Casablanca Rue Abou Choujaa El-Fardi Rés El Alami 2° Ét. N°7,,,,,,,,,,,Salghi Mohammed,e-rdv.ma
Dr Ahmed Tijani Benbig,dentistry,Casablanca,,107 bd Bir Anzarane,,,,,,,,,,,Tijani Benbig Ahmed,e-rdv.ma
Dr Wassila Chikhaoui,dentistry,Casablanca,,55 rue de Verdi,,,,,,,,,,,Chikhaoui Wassila,e-rdv.ma
Dr Narjiss Zkik,dentistry,Casablanca,,hay Mansour extension (Si Bernoussi) rue 49 n°17,,,,,,,,,,,Zkik Narjiss,e-rdv.ma
Dr Adil Tajmouati,dentistry,Casablanca,,36 rue des Eperviers,,,,,,,,,,,Tajmouati Adil,e-rdv.ma
Dr Adil Tazi,dentistry,Casablanca,,111 rue de Ceuta (Sebta) résid. Bandar,,,,,,,,,,,Tazi Adil,e-rdv.ma
Dr Rajaa Shaibi,dentistry,Casablanca,,19 rue de la Sécurité sociale -ex Jules Grévy résid Mamoun 3 bureau n°1 rdc,,,,,,,,,,,Shaibi Rajaa,e-rdv.ma
Dr Afaf Ghyat,dentistry,Casablanca,,Hay Nassim lotiss. Malak imm. 358 appt. n° 3,,,,,,,,,,,Ghyat Afaf,e-rdv.ma
Dr Fouad Zine ElAbidine,dentistry,Casablanca,Mers Sultan,56 avenue Mers Sultan 1°ét. appt. 27 Quartier mers sultan 1,,,,,,,,,,,Zine ElAbidine Fouad,e-rdv.ma
Dr Karim Benabdallah,dentistry,Casablanca,Sidi Maârouf,bd El Qods (Sidi Maârouf) ang. lotiss Bellevue n°81 Californie,,,,,,,,,,,Benabdallah Karim,e-rdv.ma
Dr Abdelaziz Sahouane,dentistry,Casablanca,Sidi Bernoussi,247 bd Elmoutanna Benharita ex D hay Takadoum AlJadid 1°ét. Sidi Bernoussi,,,,,,,,,,,Sahouane Abdelaziz,e-rdv.ma
Dr Mohamed El Hajjouji,dentistry,Casablanca,Oulfa,lot Riad El Oulfa hay Wifaq 3 imm. 8 1°ét Farah 1,,,,,,,,,,,El Hajjouji Mohamed,e-rdv.ma
Dr Samira Merzak,dentistry,Casablanca,,Projet Koréa résid. Bir Anzarane imm. AP 2°ét. appt. n° 5,,,,,,,,,,,Merzak Samira,e-rdv.ma
Dr Madiha Fadil,dentistry,Casablanca,,36 place Babel -ex Cantal 2°ét.,,,,,,,,,,,Fadil Madiha,e-rdv.ma
Dr Kamal Mortada,dentistry,Casablanca,,124 avenue Oued Daoura - Casablanca lot. Habiba El Haj Fateh,,,,,,,,,,,Mortada Kamal,e-rdv.ma
Dr Mustapha Boukherouaa,dentistry,Casablanca,,7 rue Mohamed Diouri 2°ét. appt. n°152 Aïn Sebaâ,,,,,,,,,,,Boukherouaa Mustapha,e-rdv.ma
Dr Charaf Rahhali,dentistry,Casablanca,,bd Ghandi résid. Mansour imm. n°1,,,,,,,,,,,Rahhali Charaf,e-rdv.ma
Dr Bahija Errafii,dentistry,Casablanca,,derb El Manjra rue 71 n°13 2°ét.,,,,,,,,,,,Errafii Bahija,e-rdv.ma
Dr Nadia Aboujida,dentistry,Casablanca,,99 bd du Fouarat,,,,,,,,,,,Aboujida Nadia,e-rdv.ma
Dr Souâd ElKinani Benmedian,dentistry,Casablanca,,47 avenue Ali Yata -ex Foum Lahsan 1°ét.,,,,,,,,,,,ElKinani Benmedian Souâd,e-rdv.ma
Dr Abdelbasste Sadik,dentistry,Casablanca,,bd Mohamed B. Ahmed El Abdi -ex B. bloc Wifak n°42 1°ét. n°35,,,,,,,,,,,Sadik Abdelbasste,e-rdv.ma
Dr Kacem Azima,dentistry,Casablanca,,85 avenue Lalla Yacout 1°ét. Massira 1B,,,,,,,,,,,Azima Kacem,e-rdv.ma
Dr Loubna Jamal Bennis,dentistry,Casablanca,,hay Nassim bloc 4 imm. 76 n°43,,,,,,,,,,,Jamal Bennis Loubna,e-rdv.ma
Dr Amina Hmami Ghajjo,dentistry,Casablanca,,8 rue Omar Slaoui appt. 2 Bettania,,,,,,,,,,,Hmami Ghajjo Amina,e-rdv.ma
Dr Loubna Majdaoui,dentistry,Casablanca,,bd Mohamed BenSaid Saleh -ex F bloc 125 n°11 2°ét.,,,,,,,,,,,Majdaoui Loubna,e-rdv.ma
Dr Khalid Rahimi,dentistry,Casablanca,,quartier Beausite résid. Wifak. imm. 57 GH 8 2° ét. appt. n° 7 El Gantour,,,,,,,,,,,Rahimi Khalid,e-rdv.ma
Dr Amine Benhaddou,dentistry,Casablanca,,306 bd Abdelmoumen,,,,,,,,,,,Benhaddou Amine,e-rdv.ma
Dr Imane Lahlou,dentistry,Casablanca,,138 bd El Kanadissa -ex Pylones,,,,,,,,,,,Lahlou Imane,e-rdv.ma
Dr Soukaina Zahni,dentistry,Casablanca,,bd Nil bloc 37 n°44 1°ét.,,,,,,,,,,,Zahni Soukaina,e-rdv.ma
Dr Sara Zanbour,dentistry,Casablanca,,120 bd de la Grande Ceinture (A.Sebaa) - Casablanca immb. lilya 1 4éme ét.,,,,,,,,,,,Zanbour Sara,e-rdv.ma
Dr Mohssine Mesfioui,dentistry,Casablanca,El Fida,858 bd El Fida - ex Suez 1°ét.,,,,,,,,,,,Mesfioui Mohssine,e-rdv.ma
Dr Mohamed Naoumy,dentistry,Casablanca,Sidi Moumen,bd Lalla Asmaa - ex G (Sidi Moumen) bloc 8 2°ét. n°141,,,,,,,,,,,Naoumy Mohamed,e-rdv.ma
Dr Tarik Essifer,dentistry,Casablanca,,104 bd Abdelmoumen 4°ét. n°12,,,,,,,,,,,Essifer Tarik,e-rdv.ma
Dr Mohamed Benmerzouq,dentistry,Casablanca,El Fida,225 bd El Fida,,,,,,,,,,,Benmerzouq Mohamed,e-rdv.ma
Dr Karima Fatouh,dentistry,Casablanca,,derb Fokara (nouv. médina) rue 40 n°76 2°ét.,,,,,,,,,,,Fatouh Karima,e-rdv.ma
Dr Soukaina Elmoutaki,dentistry,Casablanca,,263 bd de la Grande Ceinture (h.Mohammadi),,,,,,,,,,,Elmoutaki Soukaina,e-rdv.ma
Dr Ghizlane Saidi,dentistry,Casablanca,,bd El Qods résid. les Princes imm. B appt n°4,,,,,,,,,,,Saidi Ghizlane,e-rdv.ma
Dr Noureddine Bouassa,dentistry,Casablanca,,hay Katafa rue 9 n°1,,,,,,,,,,,Bouassa Noureddine,e-rdv.ma
Dr Yassine Echchadi,dentistry,Casablanca,,490 bd El Qods,,,,,,,,,,,Echchadi Yassine,e-rdv.ma
Dr Imane Moustahsane,dentistry,Casablanca,,61 av de l' Armée Royale 7°ét. appt. n°13 Aïn Sebaâ,,,,,,,,,,,Moustahsane Imane,e-rdv.ma
Dr Nadira Khantari,dentistry,Casablanca,,320 avenue Oued Daoura,,,,,,,,,,,Khantari Nadira,e-rdv.ma
Dr Insaf Koukab,dentistry,Casablanca,,lot Al Baraka 180 GH7 L91 1°ét. Farah 1,,,,,,,,,,,Koukab Insaf,e-rdv.ma
Dr Karim Idrissi Kaitouni,dentistry,Casablanca,,120 bd Moulay Idriss 1er 3°ét. n° 9,,,,,,,,,,,Idrissi Kaitouni Karim,e-rdv.ma
Dr Saida El Amrani,dentistry,Casablanca,,21 place Louis Pasteur -ex Charles Nicolle résid. Pasteur 5°ét.,,,,,,,,,,,El Amrani Saida,e-rdv.ma
Dr Azeddine Melhaoui,dentistry,Casablanca,,1 rue de l' Imam El Aouzai,,,,,,,,,,,Melhaoui Azeddine,e-rdv.ma
Dr Tajeddine Kabbaj,dentistry,Casablanca,,7 rue Ahmed Annassiri - ex Ch. Lebrun 3°ét.,,,,,,,,,,,Kabbaj Tajeddine,e-rdv.ma
Dr Chakib Chekkoury Idrissi,dentistry,Casablanca,,13 rue de Sijilmassa 2°ét.,,,,,,,,,,,Chekkoury Idrissi Chakib,e-rdv.ma
Dr Mohamed Dazine,dentistry,Casablanca,,240 av. Mokhtar B.Ahmed Guernaoui,,,,,,,,,,,Dazine Mohamed,e-rdv.ma
Dr Ahmed Miyara,dentistry,Casablanca,,169 bd Moulay Ismaïl 1°ét.,,,,,,,,,,,Miyara Ahmed,e-rdv.ma
Dr Mouna Khallouqui,dentistry,Casablanca,,5 bd Abdellatif Ben Kaddour 5°ét.,,,,,,,,,,,Khallouqui Mouna,e-rdv.ma
Dr Hicham Besbass,dentistry,Casablanca,,36 avenue Souhaib Erroumi -ex H 2°ét. Amal II,,,,,,,,,,,Besbass Hicham,e-rdv.ma
Dr Oumayma Soussi,dentistry,Casablanca,Hay Mohammadi,hay Mohammadi - Casablanca lotiss. Riad n°148,,,,,,,,,,,Soussi Oumayma,e-rdv.ma
Dr Amine Talhaoui Mohamed,dentistry,Casablanca,Sidi Maarouf,189 hay Nassim Sidi Maarouf,,,,,,,,,,,Talhaoui Mohamed Amine,e-rdv.ma
Dr Hajar Najiri,dentistry,Casablanca,,20 rue d' Ifrane - ex Toulouse,,,,,,,,,,,Najiri Hajar,e-rdv.ma
Dr Nassima Lestoun,dentistry,Casablanca,,427 avenue Souhaib Erroumi -ex H 2°ét. Mansour 3,,,,,,,,,,,Lestoun Nassima,e-rdv.ma
Dr Jihane El Berkaoui,dentistry,Casablanca,Oulfa,quartier Les Jardins de Lissasfa - Casablanca Jardins d'Oulfa GH 16/E12 2éme ét. n°9,,,,,,,,,,,El Berkaoui Jihane,e-rdv.ma
Dr Zoubir Bassiri,dentistry,Casablanca,Sidi Bernoussi,hay El Qods (Sidi Bernoussi) rue H n°113 1°ét.,,,,,,,,,,,Bassiri Zoubir,e-rdv.ma
Dr Thami Kobbité,dentistry,Casablanca,,41 rue Mohamed Sedki 1°ét. Hassan,,,,,,,,,,,Kobbité Thami,e-rdv.ma
Dr Maha Benali,dentistry,Casablanca,,484 bd Brahim Roudani 2°ét. n°6,,,,,,,,,,,Benali Maha,e-rdv.ma
Dr Mohamed Benzakour,dentistry,Casablanca,,10 rue Zaid Ibn Rifaa - ex Zurich,,,,,,,,,,,Benzakour Mohamed,e-rdv.ma
Dr Mohammed Ammi,dentistry,Casablanca,,bloc Farid rue 102 n°31 1°ét.,,,,,,,,,,,Ammi Mohammed,e-rdv.ma
Dr Hassan ElYazami,dentistry,Casablanca,,55 bd Mohamed Zerktouni 2°ét.,,,,,,,,,,,ElYazami Hassan,e-rdv.ma
Dr Meriem Zarkik,dentistry,Casablanca,,bd Abdelmoumen ang bd. Anoual Capital Centre entrée A 3°ét. n°23,,,,,,,,,,,Zarkik Meriem,e-rdv.ma
Dr Bouchra Chahbi,dentistry,Casablanca,,bd Oued Abi Raqraq rue 8 imm.2 hay Mazola appt. 2,,,,,,,,,,,Chahbi Bouchra,e-rdv.ma
Dr Zahra Ellaky Fatima,dentistry,Casablanca,,bd Ibn Sina - ex Avicenne - Casablanca El Kasbat entree B n°2 1er ét.,,,,,,,,,,,Ellaky Fatima Zahra,e-rdv.ma
Dr Zineb ElKabbadj,dentistry,Casablanca,Oulfa,820 bd Oued Sebou (hay El Oulfa) El Wifak 1,,,,,,,,,,,ElKabbadj Zineb,e-rdv.ma
Dr Nabil Hacib,dentistry,Casablanca,Oulfa,hay El Oulfa bloc Q rue 50 n°3 2°ét. bd. Oum Rabii,,,,,,,,,,,Hacib Nabil,e-rdv.ma
Dr Abdenacer ElMisri,dentistry,Casablanca,Anfa,36 B bd d' Anfa résid. Anafé 3°ét. Hassan,,,,,,,,,,,ElMisri Abdenacer,e-rdv.ma
Dr Hicham Affar,dentistry,Casablanca,,156 bd Oued Oum Rabie 1°ét.,,,,,,,,,,,Affar Hicham,e-rdv.ma
Dr Wiaam Sbihi,dentistry,Casablanca,,rue Ibn El Moualim - Casablanca ang. bd Zerktouni 1er ét. appt. n°4,,,,,,,,,,,Sbihi Wiaam,e-rdv.ma
Dr Nadia Saadi,dentistry,Casablanca,,52 rue Socrate 3°ét. appt.7,,,,,,,,,,,Saadi Nadia,e-rdv.ma
Dr Abdeljalil Sentissi,dentistry,Casablanca,,45 rue Abdelkader Mouftakar ex Clémenceau,,,,,,,,,,,Sentissi Abdeljalil,e-rdv.ma
Dr Saâd Malki Jamai,dentistry,Casablanca,,522 bd Oued Oum Rabie,,,,,,,,,,,Malki Jamai Saâd,e-rdv.ma
Dr Jalal Khlifi Ahmed,dentistry,Casablanca,,33 bd Abdellatif Ben Kaddour résid. Bella Vista 2,,,,,,,,,,,Khlifi Ahmed Jalal,e-rdv.ma
Dr Laila Sadeq Idrissi,dentistry,Casablanca,,bd Abdelkrim Al Khatib ex Oulad Ziane - Casablanca immb. Aswak Salam 3ème ét.,,,,,,,,,,,Sadeq Idrissi Laila,e-rdv.ma
Dr Karima Belgas,dentistry,Casablanca,,130 avenue Oued Daoura - Casablanca lotiss. Haj Fatah,,,,,,,,,,,Belgas Karima,e-rdv.ma
Dr Aicha Zitouni,dentistry,Casablanca,,1 bd Mohamed Al Bakkali lot. Jawhara Imm. D appt. n°7,,,,,,,,,,,Zitouni Aicha,e-rdv.ma
Dr Habiba Elkourdi,dentistry,Casablanca,,65 rue Jules César 2°ét.,,,,,,,,,,,Elkourdi Habiba,e-rdv.ma
Dr Fatima Oulmane,dentistry,Casablanca,,138 bd du Fouarat 2°ét.,,,,,,,,,,,Oulmane Fatima,e-rdv.ma
Dr Naftah Amal,dentistry,Casablanca,,bloc Artisanat - Casablanca rue 5 n°27,,,,,,,,,,,Amal Naftah,e-rdv.ma
Dr Oussama Baji,dentistry,Casablanca,,18 bd Abdelmoumen - Casablanca résid. Ghali Center,,,,,,,,,,,Baji Oussama,e-rdv.ma
Dr Asmaa Elkari,dentistry,Casablanca,,484 rue Mostapha El Maani - Casablanca 2°ét. n°6,,,,,,,,,,,Elkari Asmaa,e-rdv.ma
Dr Meriem Rechag,dentistry,Casablanca,,49 bd d' Afghanistan Attaâoune 2°ét. Farah 1,,,,,,,,,,,Rechag Meriem,e-rdv.ma
Dr Salwa Lazraq,dentistry,Casablanca,Mers Sultan,6 rue Oued Kabir -ex Remiremont rdc n°2 Quartier mers sultan 1,,,,,,,,,,,Lazraq Salwa,e-rdv.ma
Dr Khadija Bennani Rais,dentistry,Casablanca,,1 rue Louis Gentil 2°ét. Branes,,,,,,,,,,,Bennani Rais Khadija,e-rdv.ma
Dr Khalid Zebadi,dentistry,Casablanca,,556 bd de Goulmima résid. Jassim 2 3°ét. appt.8 Hassan,,,,,,,,,,,Zebadi Khalid,e-rdv.ma
Dr Zahra Nouri Fatima,dentistry,Casablanca,,bd Oued Oum Errabia - Casablanca Polyclinique Cnss,,,,,,,,,,,Nouri Fatima Zahra,e-rdv.ma
Dr Hamza Safri,dentistry,Casablanca,,15 bd Ain Taoujtate -ex Jouffroy - Casablanca 2éme ét. appt. 4,,,,,,,,,,,Safri Hamza,e-rdv.ma
Dr Tijania Abouakil,dentistry,Casablanca,,53 avenue D (hay Drissia IV) 2°ét.,,,,,,,,,,,Abouakil Tijania,e-rdv.ma
Dr Hicham Diouri El Oulam,dentistry,Casablanca,Mers Sultan,53 rond-point Mers Sultan 1°ét. Quartier mers sultan 1,,,,,,,,,,,Diouri El Oulam Hicham,e-rdv.ma
Dr Abdelkrim Bouzid,dentistry,Casablanca,,14 rue Taha Houcine -ex Galilée,,,,,,,,,,,Bouzid Abdelkrim,e-rdv.ma
Dr Kenza ElFath,dentistry,Casablanca,,81 bd Mohammed V 1°ét. Aïn Chok,,,,,,,,,,,ElFath Kenza,e-rdv.ma
Dr Hajar Benmoussa,dentistry,Casablanca,,114 avenue du Cdt Driss Lharti - ex A,,,,,,,,,,,Benmoussa Hajar,e-rdv.ma
Dr Ali Satie Alturaihi Eenas,dentistry,Casablanca,,17 av Mohamed Zefzaf -ex A - Casablanca ، résid. Asmaa,,,,,,,,,,,Satie Alturaihi Eenas Ali,e-rdv.ma
Dr Adil Ouahboun,dentistry,Casablanca,,133 avenue Mohamed Bouziane résid. Farhatine 7 bur 7 hay Essalama III,,,,,,,,,,,Ouahboun Adil,e-rdv.ma
Dr Aziza Elyassami,dentistry,Casablanca,,275 lotiss. Haj Fateh 2éme ét.,,,,,,,,,,,Elyassami Aziza,e-rdv.ma
Dr Gabriel Elharar,dentistry,Casablanca,,57 avenue Hassan Souktani,,,,,,,,,,,Elharar Gabriel,e-rdv.ma
Dr Norredine Benabed,dentistry,Casablanca,,14 rue Houdhoud - ex Calais 1°ét.,,,,,,,,,,,Benabed Norredine,e-rdv.ma
Dr Omaima Rakmi,dentistry,Casablanca,,lot. Anassi 1°ét n°1 Centre Médical Assalam,,,,,,,,,,,Rakmi Omaima,e-rdv.ma
Dr Abdelfattah Oukabli,dentistry,Casablanca,,lotiss. Farah Essalam résid Al Hamd imm. C 2°ét. appt. n°7,,,,,,,,,,,Oukabli Abdelfattah,e-rdv.ma
Dr Bouchra Loudrhiri,dentistry,Casablanca,,hay Laayoune (nouv.Médina) rue 79 n°19,,,,,,,,,,,Loudrhiri Bouchra,e-rdv.ma
Dr Zohra Dine,dentistry,Casablanca,,bd de Témara - Casablanca bloc 17 n°12 2éme ét.,,,,,,,,,,,Dine Zohra,e-rdv.ma
Dr Amine Maarouf Mohamed,dentistry,Casablanca,,124 bd de la Grande Ceinture (h.Mohammadi) 1°ét.,,,,,,,,,,,Maarouf Mohamed Amine,e-rdv.ma
Dr Boubker Foudali,dentistry,Casablanca,,bd Oued Oum Errabia - Casablanca Al Firdaous immb. 35 1er ét. appt. n°4,,,,,,,,,,,Foudali Boubker,e-rdv.ma
Dr Lotfi Elofir Raouf,dentistry,Casablanca,,3 rue d' Arcachon (la Gironde) 2°ét.,,,,,,,,,,,Elofir Raouf Lotfi,e-rdv.ma
Dr Jihane El Guissi,dentistry,Casablanca,,4 avenue Wahda El Ifriquia -ex N Hay Souad 2 rue 56 1° ét.,,,,,,,,,,,El Guissi Jihane,e-rdv.ma
Dr Amal Faraji,dentistry,Casablanca,,19 rue Ibn Khairane - ex Danube,,,,,,,,,,,Faraji Amal,e-rdv.ma
Dr Bouhamid Ahmed Alaoui,dentistry,Casablanca,,42 Av de l' Atlas -ex Ile de France (C.i.l),,,,,,,,,,,Ahmed Alaoui Bouhamid,e-rdv.ma
Dr Fouad Bousfiha,dentistry,Casablanca,Hay Mohammadi,7 bd. Chouhada (hay Mohammadi) 1°ét.,,,,,,,,,,,Bousfiha Fouad,e-rdv.ma
Dr Anass Bennouna,dentistry,Casablanca,,12 bd Mohamed Abdou résid. Palmier du Sud 1°ét.,,,,,,,,,,,Bennouna Anass,e-rdv.ma
Dr Wafaâ Labsir,dentistry,Casablanca,,404 bd El Qods 2°ét.,,,,,,,,,,,Labsir Wafaâ,e-rdv.ma
Dr Hassan El Alaoui El Abidi,dentistry,Casablanca,,13 avenue Lhoussine Assoussi résid. Ouchour,,,,,,,,,,,El Alaoui El Abidi Hassan,e-rdv.ma
Dr Hicham Dkhissy,dentistry,Casablanca,,25 rue de l' Imam El Aloussi résid. Jade 3°ét.,,,,,,,,,,,Dkhissy Hicham,e-rdv.ma
Dr Maha Ridouani,dentistry,Casablanca,,294 bd Yacoub El Mansour 3°ét. appt.11,,,,,,,,,,,Ridouani Maha,e-rdv.ma
Dr Asma El Qassir,dentistry,Casablanca,,445 bd Aba Chouaïb Doukali Hy El Farah 1°ét.,,,,,,,,,,,El Qassir Asma,e-rdv.ma
Dr Hanane Cafile,dentistry,Casablanca,,hay Moubaraka grp. 24 n°12 bd Bensaïd Saleh Med.,,,,,,,,,,,Cafile Hanane,e-rdv.ma
Dr Karim Alami,dentistry,Casablanca,Anfa,201 bd d' Anfa 2°ét.,,,,,,,,,,,Alami Karim,e-rdv.ma
Dr Ezzohra El Bakri,dentistry,Casablanca,,188 avenue Oued Dahab (cité Jemâa) - Casablanca 1er ét.,,,,,,,,,,,El Bakri Ezzohra,e-rdv.ma
Dr Slimane Anzid,dentistry,Casablanca,Sidi Bernoussi,hay Amal IV (Sidi Bernoussi) rue 54 n°60 1°ét.,,,,,,,,,,,Anzid Slimane,e-rdv.ma
Dr Mohamed Nadif,dentistry,Casablanca,,Passage Tazi (7 av. Hassan II) esc.D n°37 Aïn Sebaâ,,,,,,,,,,,Nadif Mohamed,e-rdv.ma
Dr MOUNCHIT Kenza,dentistry,Casablanca,,94 rue Cadi Ayad - Casablanca Tulip Business Center 1° ét. Bur. N°2,,,,,,,,,,,Kenza MOUNCHIT,e-rdv.ma
Dr Taoufik Mahy,dentistry,Casablanca,,cité Lalla Mériem - Casablanca bloc 20 1er ét. sidi othman,,,,,,,,,,,Mahy Taoufik,e-rdv.ma
Dr Mohamed Mikou,dentistry,Casablanca,,218 bd Mohamed Zerktouni 4°ét. appt. 20,,,,,,,,,,,Mikou Mohamed,e-rdv.ma
Dr Seghir Senhaji Mohamed,dentistry,Casablanca,,5 rue Galien résid. Soumia 1°ét.,,,,,,,,,,,Senhaji Mohamed Seghir,e-rdv.ma
Dr Youssef Ouassim,dentistry,Casablanca,Oulfa,hay El Oulfa - Casablanca lotiss. Selouane Office 51 3éme ét. n°15,,,,,,,,,,,Ouassim Youssef,e-rdv.ma
Dr Faïssel Bennouna,dentistry,Casablanca,,bd Mohamed Zerktouni ang. bd de la Corniche 1°ét. appt. n°7 Hassan,,,,,,,,,,,Bennouna Faïssel,e-rdv.ma
Dr Bouchra Moujtahid,dentistry,Casablanca,,70 av. Mokhtar Ben Ahmed Guernaoui hay Al Qods,,,,,,,,,,,Moujtahid Bouchra,e-rdv.ma
Dr Nada Moughazli,dentistry,Casablanca,Sidi Maârouf,78 Lotiss. AlAdarissa 1°ét. Sidi Maârouf,,,,,,,,,,,Moughazli Nada,e-rdv.ma
Dr Aziz Mechaïa,dentistry,Casablanca,,16 bd de la Grande Ceinture (h.Mohammadi) 2°ét. n°3,,,,,,,,,,,Mechaïa Aziz,e-rdv.ma
Dr Oussama Moujib Ellidrissi,dentistry,Casablanca,,22 rue El Bassatine -ex Général Roques imm. Liberté,,,,,,,,,,,Moujib Ellidrissi Oussama,e-rdv.ma
Dr Imane Lahby,dentistry,Casablanca,Sidi Maârouf,Quartier Ennajah bloc F n°40 2°ét. Sidi Maârouf Ouled Haddou,,,,,,,,,,,Lahby Imane,e-rdv.ma
Dr Yasmina Khattabi Filali,dentistry,Casablanca,,33 avenue Hassan Souktani 1°ét.,,,,,,,,,,,Khattabi Filali Yasmina,e-rdv.ma
Dr Jalil Berrada Benmehdi,dentistry,Casablanca,,765 bd Modibo Keita Rond-Point Bachkou,,,,,,,,,,,Berrada Benmehdi Jalil,e-rdv.ma
Dr Hafida Hmada,dentistry,Casablanca,,derb El Manjra rue 70 n°8,,,,,,,,,,,Hmada Hafida,e-rdv.ma
Dr Karima Bennis,dentistry,Casablanca,,452 bd Abdelmoumen - Casablanca ang.bd Anoual Abdelmoumen Centre 1°ét. n°112,,,,,,,,,,,Bennis Karima,e-rdv.ma
Dr Jaafar Oudghiri,dentistry,Casablanca,,103 rue Chaouia -ex Colbert,,,,,,,,,,,Oudghiri Jaafar,e-rdv.ma
Dr Mamoun Benabdallah,dentistry,Casablanca,,39 rue Omar Slaoui résid. Taoufik 1°ét. n°7 Bettania,,,,,,,,,,,Benabdallah Mamoun,e-rdv.ma
Dr Zahra Berrada Fatima,dentistry,Casablanca,,12 rue Oumaima Sayah -ex Rolland 2°ét. appt. n°4,,,,,,,,,,,Berrada Fatima Zahra,e-rdv.ma
Dr Hanane EL Mourabiti,dentistry,Casablanca,,58 rue Mohamed Radi Slaoui -ex Soissons 1° ét.,,,,,,,,,,,EL Mourabiti Hanane,e-rdv.ma
Dr Taoufik Bennouna,dentistry,Casablanca,,bd El Qods lotiss. Bellevue,,,,,,,,,,,Bennouna Taoufik,e-rdv.ma
Dr Mina Ounejjar,dentistry,Casablanca,,hay Moulay Abdallah (Ain Chok) rue 242 n°6,,,,,,,,,,,Ounejjar Mina,e-rdv.ma
Dr Abdelouadoud Amine,dentistry,Casablanca,Oulfa,792 bd Oued Sebou (hay El Oulfa) 1°ét.,,,,,,,,,,,Amine Abdelouadoud,e-rdv.ma
Dr Sanaa Lourini,dentistry,Casablanca,,bd El Qods opération addamane 1°ét. appt. 1,,,,,,,,,,,Lourini Sanaa,e-rdv.ma
Dr Loubna Bennis Guessous,dentistry,Casablanca,,21 rue Yasmine - ex Myosotis ang. bd Yacoub Al Mansour résid du Palais imm.E 4°ét.,,,,,,,,,,,Bennis Guessous Loubna,e-rdv.ma
Dr Rim Ghellab,dentistry,Casablanca,,158 av. Omar El Khayam - ex Mermoz 1°ét.,,,,,,,,,,,Ghellab Rim,e-rdv.ma
Dr Abdelaziz Rais,dentistry,Casablanca,,8 bd Khouribga 3°ét. n°17 Massira 1B,,,,,,,,,,,Rais Abdelaziz,e-rdv.ma
Dr Soumia Amor,dentistry,Casablanca,,167 avenue Mehdi Ben Berka -ex Cimetière résid. Mirage 3°ét. App 9 Hassan,,,,,,,,,,,Amor Soumia,e-rdv.ma
Dr Redouane Madaki,dentistry,Casablanca,Hay Mohammadi,231 avenue D (hay Mohammadi) bloc Koudia I 1°ét.,,,,,,,,,,,Madaki Redouane,e-rdv.ma
Dr Abdelaziz Majdoub,dentistry,Casablanca,,avenue du Deux Mars ang. rue Amsterdam 1°ét.,,,,,,,,,,,Majdoub Abdelaziz,e-rdv.ma
Dr Brahim Bellamine,dentistry,Casablanca,,lotiss. Al Firdaouss A/65 GH 7 appt. n°10,,,,,,,,,,,Bellamine Brahim,e-rdv.ma
Dr Mohamed Baite,dentistry,Casablanca,,44 bd Anoual -ex Felix Faure ang. bd Abdelmoumen résid. Almairaj Centre 3°ét. n°41,,,,,,,,,,,Baite Mohamed,e-rdv.ma
Dr Khalid Zeggar,dentistry,Casablanca,,241 avenue Mohamed Bouziane - Casablanca resid. Farhataine 13 2éme ét. n°5,,,,,,,,,,,Zeggar Khalid,e-rdv.ma
Dr Redouane Fennass,dentistry,Casablanca,,bd Oued Oum Errabia résid. Hadikat Oum Rabii Gh 1 2°ét. appt. 23,,,,,,,,,,,Fennass Redouane,e-rdv.ma
Dr Ghizlane Baji,dentistry,Casablanca,Oulfa,hay El Oulfa - Casablanca lotiss. Ouled Azzouz lot 8 immb. B 1er ét. appt. 3,,,,,,,,,,,Baji Ghizlane,e-rdv.ma
Dr Khalid Rachid,dentistry,Casablanca,,avenue du Deux Mars ang. bd. Al Qods résid. El Majd entrée E 1°ét. n°3,,,,,,,,,,,Rachid Khalid,e-rdv.ma
Dr Majda Miyara,dentistry,Casablanca,,rue Zoubeir Bnou El Aouam résid. Filali appt. 4,,,,,,,,,,,Miyara Majda,e-rdv.ma
Dr Houria Lazrak,dentistry,Casablanca,,93 bd du 9 Avril -ex Cl. Perrault,,,,,,,,,,,Lazrak Houria,e-rdv.ma
Dr Mourad Arihi,dentistry,Casablanca,Sidi Moumen,hay Sidi Moumen Jdid résid. El Amane 1°ét. n°16,,,,,,,,,,,Arihi Mourad,e-rdv.ma
Dr Ayoub Fadil,dentistry,Casablanca,,200 bd Abdelmoumen - Casablanca résid. Le Jardin Abdelmoumen. Imm. G3 1°ét. appt. 4,,,,,,,,,,,Fadil Ayoub,e-rdv.ma
Dr Widad Belhaj,dentistry,Casablanca,,hay Alwalaa Tranche 8 imm. 17 appt n°2,,,,,,,,,,,Belhaj Widad,e-rdv.ma
Dr Hanane Elbahaoui,dentistry,Casablanca,Sidi Maârouf,lotiss. Lina résid. Faraj 1°ét. n°136 Sidi Maârouf,,,,,,,,,,,Elbahaoui Hanane,e-rdv.ma
Dr Hind Belmokadem ElAyoubi,dentistry,Casablanca,Hay Hassani,16 bd d' Afghanistan (hay Hassani) 3°ét. Farah 1,,,,,,,,,,,Belmokadem ElAyoubi Hind,e-rdv.ma
Dr Saïd Oualidi,dentistry,Casablanca,Sidi Maarouf,54 rue El Farouki Errahali ang. bd Aba Chouaïb Doukali 1°ét. Sidi Maarouf III,,,,,,,,,,,Oualidi Saïd,e-rdv.ma
Dr Hanane Jedraoui,dentistry,Casablanca,Sidi Bernoussi,cité Sidi Bernoussi rue 35 n°47,,,,,,,,,,,Jedraoui Hanane,e-rdv.ma
Dr Issam Laarej,dentistry,Casablanca,,lot. Anassi - Casablanca 34 entrée 16 appt. 184 rdc.,,,,,,,,,,,Laarej Issam,e-rdv.ma
Dr Chakib Benjelloun,dentistry,Casablanca,,36 rue du Titien,,,,,,,,,,,Benjelloun Chakib,e-rdv.ma
Dr Anas Lougrini,dentistry,Casablanca,,lotiss. Zoubeir - Casablanca ïmmb. 4 1er ét. appt. 2 bd Kouliyat,,,,,,,,,,,Lougrini Anas,e-rdv.ma
Dr Laïla Bidah,dentistry,Casablanca,,199 avenue Hassan II 1°ét. n°5 Bettania,,,,,,,,,,,Bidah Laïla,e-rdv.ma
Dr Khalid Bennouna,dentistry,Casablanca,,75 bd Massira El Khadra -ex Camille 4°ét. appt.7,,,,,,,,,,,Bennouna Khalid,e-rdv.ma
Dr Amal Guessous,dentistry,Casablanca,,20 rue Oumaima Sayah -ex Rolland résid.Star Youness 4°ét.,,,,,,,,,,,Guessous Amal,e-rdv.ma
Dr Reda Tahfi,dentistry,Casablanca,,1483 avenue du Cdt Driss Lharti - ex A,,,,,,,,,,,Tahfi Reda,e-rdv.ma
Dr Hanane Rimi,dentistry,Casablanca,Sidi Bernoussi,hay Amal I (Sidi Bernoussi) rue 11 n° 153,,,,,,,,,,,Rimi Hanane,e-rdv.ma
Dr Samiha Merimi,dentistry,Casablanca,,8 rue Mohamed Laaroussi -ex Bascunana résid. Sghir Massira 1B,,,,,,,,,,,Merimi Samiha,e-rdv.ma
Dr Mohamed El Had,dentistry,Casablanca,,20 rue d' Ifrane - ex Toulouse,,,,,,,,,,,El Had Mohamed,e-rdv.ma
Dr Hanae Bennani,dentistry,Casablanca,,34 rue Charam Achaykh - ex Hassan Ziati résid. Espace Palmier 1°ét.,,,,,,,,,,,Bennani Hanae,e-rdv.ma
Dr Kamal Zehraoui Mohamed,dentistry,Casablanca,Sidi Maârouf,lotiss. La Colline II imm. Le Matignon 2°ét. n°5 Sidi Maârouf,,,,,,,,,,,Zehraoui Mohamed Kamal,e-rdv.ma
Dr Abdessamad Majdoub,dentistry,Casablanca,,bd Ghandi ang. bd Yaacoub Mansour rp. Oualmas résid. du Palais imm.D,,,,,,,,,,,Majdoub Abdessamad,e-rdv.ma
Dr Afaf Boudali,dentistry,Casablanca,,avenue du Dix Mars bloc 61 n°3 1°ét.,,,,,,,,,,,Boudali Afaf,e-rdv.ma
Dr Eddine Rida Salah,dentistry,Casablanca,,quartier Beausite Al Amane 1 GH 44A imm. 332 rdc n°3 Aïn Sebaa El Gantour,,,,,,,,,,,Rida Salah Eddine,e-rdv.ma
Dr Rachid Choukaili My,dentistry,Casablanca,,17 place Pasteur -ex Charles Nicolle résid. Pasteur Build 1°ét. n°8,,,,,,,,,,,Choukaili My Rachid,e-rdv.ma
Dr Noura Fedouache,dentistry,Casablanca,,derb Koréa rue 50 n°73,,,,,,,,,,,Fedouache Noura,e-rdv.ma
Dr Driba Oumayma,dentistry,Casablanca,,81 hay Othmania,,,,,,,,,,,Oumayma Driba,e-rdv.ma
Dr Omar Namiri,dentistry,Casablanca,Oulfa,hay El Oulfa - Casablanca Jnane Louz bloc 1 n° 20 1er et. Ouled Azzouz,,,,,,,,,,,Namiri Omar,e-rdv.ma
Dr Thami Elkorchi,dentistry,Casablanca,,193 avenue Hassan II 7°ét. Bettania,,,,,,,,,,,Elkorchi Thami,e-rdv.ma
Dr Omayma Khadiri,dentistry,Casablanca,,119 bd Moulay Idriss 1er - Casablanca ang. rue Tabit Bnou Qorra porte 7 4éme et.,,,,,,,,,,,Khadiri Omayma,e-rdv.ma
Dr Nisrine Maarouf,dentistry,Casablanca,,lot. Anassi résid. Achorouk 1°ét. Assalam,,,,,,,,,,,Maarouf Nisrine,e-rdv.ma
Dr Achraf Nja,dentistry,Casablanca,,522 bd El Khalil (Aïn Chok) hay My Abdellah,,,,,,,,,,,Nja Achraf,e-rdv.ma
Dr Adil Bouhlal,dentistry,Casablanca,Mers Sultan,117 rue de Rome 1°ét. Quartier mers sultan 1,,,,,,,,,,,Bouhlal Adil,e-rdv.ma
Dr Jamila Chakir,dentistry,Casablanca,,40 rue Oued Tassaout,,,,,,,,,,,Chakir Jamila,e-rdv.ma
Dr Karima Idelmouden,dentistry,Casablanca,,63 lotiss. Al Wifak - Casablanca imm GH9 rdc,,,,,,,,,,,Idelmouden Karima,e-rdv.ma
Dr Abderrahim Gaadi,dentistry,Casablanca,,355 bd de la Grande Ceinture (h.Mohammadi) 1°ét.,,,,,,,,,,,Gaadi Abderrahim,e-rdv.ma
Dr Assia Chergui Agouram,dentistry,Casablanca,,201 bd Yacoub El Mansour (Beauséjour) 1°ét.,,,,,,,,,,,Chergui Agouram Assia,e-rdv.ma
Dr Sanaa Chekkour,dentistry,Casablanca,,98 avenue Ali Yata -ex Foum Lahsan - Casablanca bloc 1 1er ét.,,,,,,,,,,,Chekkour Sanaa,e-rdv.ma
Dr Jihane Dinar,dentistry,Casablanca,,lot. Anassi Ge entrée 16 n°250,,,,,,,,,,,Dinar Jihane,e-rdv.ma
Dr Soufiane Jabri,dentistry,Casablanca,,33 bd Ain Taoujtate -ex Jouffroy,,,,,,,,,,,Jabri Soufiane,e-rdv.ma
Dr Ahmed Laraqui,dentistry,Casablanca,,70 rue de Normandie 2°ét.,,,,,,,,,,,Laraqui Ahmed,e-rdv.ma
Dr Fatimazahra Ayazi,dentistry,Casablanca,,925 avenue du Deux Mars,,,,,,,,,,,Ayazi Fatimazahra,e-rdv.ma
Dr Souad Elboury,dentistry,Casablanca,,425 bd Mohammed V - Casablanca 5°ét. appt.11,,,,,,,,,,,Elboury Souad,e-rdv.ma
Dr Houria Zennini,dentistry,Casablanca,,232 bd Ziraoui 1°ét. appt. n°1 Hassan,,,,,,,,,,,Zennini Houria,e-rdv.ma
Dr Khalid Semlali,dentistry,Casablanca,,92 bd Moulay Idriss 1er 1°ét.,,,,,,,,,,,Semlali Khalid,e-rdv.ma
Dr Hassan El Khattabi,dentistry,Casablanca,,32 rue Taha Houcine -ex Galilée,,,,,,,,,,,El Khattabi Hassan,e-rdv.ma
Dr Laila Lahroud,dentistry,Casablanca,,866 bd El Qods hay Mandarona,,,,,,,,,,,Lahroud Laila,e-rdv.ma
Dr Karima Zehzouhi,dentistry,Casablanca,,94 bd du Onze Janvier,,,,,,,,,,,Zehzouhi Karima,e-rdv.ma
Dr Assia Khalil,dentistry,Casablanca,,3 bd d' Inezgane 1° ét.,,,,,,,,,,,Khalil Assia,e-rdv.ma
Dr Mohamed Hadji,dentistry,Casablanca,,lot. Al Azhar Madinati GH9 imm.2B n°23 2°ét.,,,,,,,,,,,Hadji Mohamed,e-rdv.ma
Dr Meriam ElHaimer,dentistry,Casablanca,,19 rue Berlioz (Belvédère) 1°ét.,,,,,,,,,,,ElHaimer Meriam,e-rdv.ma
Dr Ouidad Bennouna,dentistry,Casablanca,,67 Lotissement Assafa,,,,,,,,,,,Bennouna  Ouidad,e-rdv.ma
Dr Nada Alami,dentistry,Casablanca,,bd Abou Bakr El Kadiri Evasion Squar imm. E 3°ét. bur. n°36,,,,,,,,,,,Alami Nada,e-rdv.ma
Dr Meriem Chehab,dentistry,Casablanca,,92 bd Panoramique 2°ét.,,,,,,,,,,,Chehab Meriem,e-rdv.ma
Dr Laïla Sennaoui,dentistry,Casablanca,,350 avenue Lahraouine -ex C (cité Djemâa) 2°ét.,,,,,,,,,,,Sennaoui Laïla,e-rdv.ma
Dr Hassan Ouinaksi,dentistry,Casablanca,,51 rue Nabouls - ex Schlucht résid. Réda Allah appt. B1,,,,,,,,,,,Ouinaksi Hassan,e-rdv.ma
Dr Youssef Annor,dentistry,Casablanca,,46 bd de Fès,,,,,,,,,,,Annor Youssef,e-rdv.ma
Dr Badia Refass,dentistry,Casablanca,,2 rue de Neuf Brisach,,,,,,,,,,,Refass Badia,e-rdv.ma
Dr Asmaa Bahbouhi,dentistry,Casablanca,,48 bd Abdelkrim Khattabi - Casablanca centre médico social Marsa,,,,,,,,,,,Bahbouhi Asmaa,e-rdv.ma
Dr Yazid Bardag,dentistry,Casablanca,,bd Abdelmoumen - Casablanca ang. rue de Chatila 5éme ét.,,,,,,,,,,,Bardag Yazid,e-rdv.ma
Dr Meryem Serghini Wald-Ghzala,dentistry,Casablanca,,av. Omar El Khayam - ex Mermoz ang. rue Banafsaj résid. Yasmine 3°ét.,,,,,,,,,,,Serghini Wald-Ghzala Meryem,e-rdv.ma
Dr Tarik Ennouh,dentistry,Casablanca,Sidi Bernoussi,hay Amal IV (Sidi Bernoussi) rue 55 n°62 1°ét.,,,,,,,,,,,Ennouh Tarik,e-rdv.ma
Dr Zineb Fouad,dentistry,Casablanca,,hay Ifriquia - Casablanca ang. bd Med 6 et rue 30 n°8,,,,,,,,,,,Fouad Zineb,e-rdv.ma
Dr Noureddine Leshaf,dentistry,Casablanca,,rue Mohamed El Fidouzi -ex Jenner ang. bd Med. Zerktouni résid. Soirem II 2°ét.,,,,,,,,,,,Leshaf Noureddine,e-rdv.ma
Dr Salma Elarif,dentistry,Casablanca,,219 bd Lalla Asmaa - ex G - Casablanca 1er ét.,,,,,,,,,,,Elarif Salma,e-rdv.ma
Dr Hinde Chouiti,dentistry,Casablanca,,89 avenue Stendhal 3°ét. n°9,,,,,,,,,,,Chouiti Hinde,e-rdv.ma
Dr Lahoussine Sabir,dentistry,Casablanca,,quartier Beausite Doha 1 imm. L95 appt. n°3 El Gantour,,,,,,,,,,,Sabir Lahoussine,e-rdv.ma
Dr Zakaria Ibnoussina,dentistry,Casablanca,,83 I lotiss. Zoubeir - Casablanca 1er ét.,,,,,,,,,,,Ibnoussina Zakaria,e-rdv.ma
Dr Redouane Dahab,dentistry,Casablanca,Sidi Maârouf,156 lotiss. Haddioui 1°ét. Sidi Maârouf,,,,,,,,,,,Dahab Redouane,e-rdv.ma
Dr Fatima Benkaddouss,dentistry,Casablanca,,hay Tarik - Casablanca rue 24 n°20,,,,,,,,,,,Benkaddouss Fatima,e-rdv.ma
Dr Sanaa Lyazidi,dentistry,Casablanca,Lissasfa,quartier Lissasfa I (route d'El Jadida) hay Essalam 2 GH 10 imm.5 n°1222,,,,,,,,,,,Lyazidi Sanaa,e-rdv.ma
Dr Sanae Bencheqroun,dentistry,Casablanca,,bd El Qods - Casablanca Polyclinique Cnss hay inara,,,,,,,,,,,Bencheqroun Sanae,e-rdv.ma
Dr Hasna El Filali,dentistry,Casablanca,,12 rue du Roussillon,,,,,,,,,,,El Filali Hasna,e-rdv.ma
Dr Zouhair Ziad,dentistry,Casablanca,,64 allée des Sophoras 1°ét. appt. n°8 El Gantour,,,,,,,,,,,Ziad Zouhair,e-rdv.ma
Dr Halima Kabbaj Ayouche,dentistry,Casablanca,,7 rue Abou Dhabi -ex Cernay,,,,,,,,,,,Kabbaj Ayouche Halima,e-rdv.ma
Dr Loubna Benjelloun Zahar,dentistry,Casablanca,,lotiss. Al Moustakbal Gh 1A imm. L081 1°ét. appt.3,,,,,,,,,,,Benjelloun Zahar Loubna,e-rdv.ma
Dr Mahdia Harrak,dentistry,Casablanca,,29 rue Ilya Abou Maadi -ex Buffon 1° ét,,,,,,,,,,,Harrak Mahdia,e-rdv.ma
Dr Samya Barakate,dentistry,Casablanca,,rue Bachir Laalej -ex Iles Jafarines - Casablanca résid. Les Iris appt. 2,,,,,,,,,,,Barakate Samya,e-rdv.ma
Dr Hicham Guessous Mohamed,dentistry,Casablanca,,26 rue Ennasrine-ex Glaieuls imm. Fortune III appt. 14 rdc,,,,,,,,,,,Guessous Mohamed Hicham,e-rdv.ma
Dr Adnane Alami Aroussi,dentistry,Casablanca,,338 bd Abdellah Senhaji - ex C Drissia 1 1°ét.,,,,,,,,,,,Alami Aroussi Adnane,e-rdv.ma
Dr Amal Othmani,dentistry,Casablanca,,av Mohamed Zefzaf -ex A résid. Talby 1°ét. appt. n°4,,,,,,,,,,,Othmani Amal,e-rdv.ma
Dr Dounia Harourate,dentistry,Casablanca,,3 rue Abou Rakrak -ex Verdun - Casablanca résid. Atab,,,,,,,,,,,Harourate Dounia,e-rdv.ma
Dr Khadija Astaib,dentistry,Casablanca,,22 avenue des Forces Auxiliaires (Mly Rchid) hay Raja II,,,,,,,,,,,Astaib Khadija,e-rdv.ma
Dr Souâd Brahni,dentistry,Casablanca,,223 bd Abdelmoumen résid. Reda Abdelmoumen 1°ét. n°6,,,,,,,,,,,Brahni Souâd,e-rdv.ma
Dr Ghizlane Figuigui,dentistry,Casablanca,,62 hay Amal IV rue 55 Amal 4 1°ét.,,,,,,,,,,,Figuigui Ghizlane,e-rdv.ma
Dr Abderrahman Riahi,dentistry,Casablanca,,472 avenue du Cdt Driss Lharti - ex A,,,,,,,,,,,Riahi Abderrahman,e-rdv.ma
Dr Salwa Khairat,dentistry,Casablanca,,41 bd Mohamed Zerktouni - Casablanca residence Istikrar 5ème étage,,,,,,,,,,,Khairat Salwa,e-rdv.ma
Dr Rabi Ibtissam,dentistry,Casablanca,,bd El Qods - Casablanca Opération Addamane Gh 6. Imm. 33 rdc,,,,,,,,,,,Ibtissam Rabi,e-rdv.ma
Dr Abdellatif AlHyar,dentistry,Casablanca,Sidi Bernoussi,lot. Saada (Sidi Bernoussi) rue 7 n°14 1°ét.,,,,,,,,,,,AlHyar Abdellatif,e-rdv.ma
Dr Imane El Hattab,dentistry,Casablanca,,159 bd Yacoub El Mansour entree A 3°ét. appt. 11,,,,,,,,,,,El Hattab Imane,e-rdv.ma
Dr Khadija Boulkrouch,dentistry,Casablanca,,lot. Salmia II rue 32 imm.8 2°ét. appt. n°5,,,,,,,,,,,Boulkrouch Khadija,e-rdv.ma
Dr Bahia Bouanane,dentistry,Casablanca,,rue Mostapha El Maani - Casablanca ang. bd 11 Janvier immb. Prima Office 3éme ét.n°20,,,,,,,,,,,Bouanane Bahia,e-rdv.ma
Dr Nadia Nadir,dentistry,Casablanca,,derb El Kheir rue 9 n°82,,,,,,,,,,,Nadir Nadia,e-rdv.ma
Dr Mostapha Kettani Ahmed El,dentistry,Casablanca,,765 bd Modibo Keita (Rond-Point Bachkou),,,,,,,,,,,Kettani Ahmed El Mostapha,e-rdv.ma
Dr Karim Bennani,dentistry,Casablanca,,353 rue Mostapha El Maani 1°ét. Bettania,,,,,,,,,,,Bennani Karim,e-rdv.ma
Dr Mustapha Benjelloun,dentistry,Casablanca,Bourgogne,bd de Bourgogne résid. AlMachrik 2 1er ét.,,,,,,,,,,,Benjelloun Mustapha,e-rdv.ma
Dr Saïd ElWahidi ElAlaoui,dentistry,Casablanca,,quartier Beausite résid. Addoha 1 imm. A 61 appt. n°1 Aïn Sebaâ El Gantour,,,,,,,,,,,ElWahidi ElAlaoui Saïd,e-rdv.ma
Dr Meryem Berrada,dentistry,Casablanca,,10 avenue du Deux Mars 2°ét.,,,,,,,,,,,Berrada Meryem,e-rdv.ma
Dr Abderrahman Roqai Chaoui,dentistry,Casablanca,,54 bd Rahal El Meskini 1°ét.,,,,,,,,,,,Roqai Chaoui Abderrahman,e-rdv.ma
Dr Tarik Benjelloun,dentistry,Casablanca,,896 avenue du Cdt Driss Lharti - ex A,,,,,,,,,,,Benjelloun Tarik,e-rdv.ma
Dr Kenza Sentissi,dentistry,Casablanca,,3 rue de Constantinople - Casablanca Habbous,,,,,,,,,,,Sentissi Kenza,e-rdv.ma
Dr Hanane Abid,dentistry,Casablanca,,cité Sidi Othmane - Casablanca av Nil bloc 37 n°49,,,,,,,,,,,Abid Hanane,e-rdv.ma
Dr Saoussane Mellouk,dentistry,Casablanca,,3 rue Biougra -ex Iles de Lérins,,,,,,,,,,,Mellouk Saoussane,e-rdv.ma
Dr Elabidine Tazi Abdallah Zine,dentistry,Casablanca,,23 rue Brahim El Amraoui -ex Nolly 1°ét. Aïn Chok,,,,,,,,,,,Tazi Abdallah Zine Elabidine,e-rdv.ma
Dr Ghita Benkirane,dentistry,Casablanca,,150 route de l' Oasis - Casablanca résid. Jawhara 1er ét. appt. 3,,,,,,,,,,,Benkirane Ghita,e-rdv.ma
Dr Asmaâ Markoum,dentistry,Casablanca,,868 bd Mohammed VI résid. Ennasr Imm. Gh2 2°ét. appt. 7,,,,,,,,,,,Markoum Asmaâ,e-rdv.ma
Dr Douaa Nait Ijja,dentistry,Casablanca,,78 bd Panoramique,,,,,,,,,,,Nait Ijja Douaa,e-rdv.ma
Dr Imane Bassit,dentistry,Casablanca,,155 avenue Mohamed Bouziane 1°ét. Salama 3,,,,,,,,,,,Bassit Imane,e-rdv.ma
Dr Jawad Alami Idrissi,dentistry,Casablanca,,33 rue du Yémen ex Jouvencel 4°ét. appt. n°14,,,,,,,,,,,Alami Idrissi Jawad,e-rdv.ma
Dr Jawad Benabadji,dentistry,Casablanca,Sidi Bernoussi,hay Tarik (Sidi Bernoussi I) rue 43 n°14,,,,,,,,,,,Benabadji Jawad,e-rdv.ma
Dr Sanaa Sabbar,dentistry,Casablanca,,68 bd Oued Ouargha - Casablanca Alia 1 rdc.,,,,,,,,,,,Sabbar Sanaa,e-rdv.ma
Dr Mehdi Khirane El,dentistry,Casablanca,,625 bd de Goulmima - Casablanca résidence Fatihat Elkhair 1er ét. appt. 13,,,,,,,,,,,Khirane El Mehdi,e-rdv.ma
Dr Ihssane Benyahia,dentistry,Casablanca,,244 bd Mohammed V 1°ét. appt. n°70 Aïn Sebaâ,,,,,,,,,,,Benyahia Ihssane,e-rdv.ma
Dr Abdelali Tahiri,dentistry,Casablanca,,rue Gustave Nadaud ang. bd Mly Youssef 2°ét. appt.n°3 Hassan,,,,,,,,,,,Tahiri Abdelali,e-rdv.ma
Dr Yassine Lemtiri,dentistry,Casablanca,,5 rue Ibn Adara El Marrakouchi - Casablanca ang. bd Ibn Tachfine espace Neil B 2ème ét.,,,,,,,,,,,Lemtiri Yassine,e-rdv.ma
Dr Nadia Ausalah Taoufik,dentistry,Casablanca,,234 bd Anoual -ex Felix Faure résid. Anwal Afrah 1°ét; appt. n°2,,,,,,,,,,,Ausalah Taoufik Nadia,e-rdv.ma
Dr Ahmed Fettane,dentistry,Casablanca,,540 avenue Oued Daoura lotiss. Haj Fateh,,,,,,,,,,,Fettane Ahmed,e-rdv.ma
Dr Mounia Slaoui Alami,dentistry,Casablanca,,61 avenue Moulay Hassan 1er 3°ét. Branes,,,,,,,,,,,Slaoui Alami Mounia,e-rdv.ma
Dr Fatima Ouarrak,dentistry,Casablanca,,100 av. Mokhtar B.Ahmed Guernaoui 1°ét.,,,,,,,,,,,Ouarrak Fatima,e-rdv.ma
Dr Assya Ahlamine,dentistry,Casablanca,,avenue Akid Allam - Casablanca résid. Nakhla 5 2ème ét. n° 7,,,,,,,,,,,Ahlamine Assya,e-rdv.ma
Dr Khalid Dermoumi,dentistry,Casablanca,,42 rue de Tarablous ex-Lamoricière Bettania,,,,,,,,,,,Dermoumi Khalid,e-rdv.ma
Dr Karim Guessous,dentistry,Casablanca,,17 bd Bir Anzarane - ex Danton résid. Ibnou Nafiss 2°ét. n°11,,,,,,,,,,,Guessous Karim,e-rdv.ma
Dr Amina Najjara,dentistry,Casablanca,Mers Sultan,258 rue Mostapha El Maani 1°ét. n° 3 Quartier mers sultan 1,,,,,,,,,,,Najjara Amina,e-rdv.ma
Dr Kawtar Belmekki,dentistry,Casablanca,Maarif,8 bd Yacoub El Mansour - Casablanca 2°ét. appt. 22 Maarif,,,,,,,,,,,Belmekki Kawtar,e-rdv.ma
Dr Doha Ennarhech,dentistry,Casablanca,,hay Tarik - Casablanca rue 41 n°6 2°ét.,,,,,,,,,,,Ennarhech Doha,e-rdv.ma
Dr Youssef Kabbaj,dentistry,Casablanca,,5 rue Abdelkader Mouftakar ex Clémence 2°ét. Aïn Sebaâ,,,,,,,,,,,Kabbaj Youssef,e-rdv.ma
Dr Hanane Bat,dentistry,Casablanca,,bd El Qods résid Al Qods GH8 1°ét. appt. n°11,,,,,,,,,,,Bat Hanane,e-rdv.ma
Dr Said Khattabi Filali,dentistry,Casablanca,,33 avenue Hassan Souktani 1°ét. appt. n°1,,,,,,,,,,,Khattabi Filali Said,e-rdv.ma
Dr Hmad Moussaid,dentistry,Casablanca,Sidi Maarouf,derb Sidi Maarouf (A.Chok) - Casablanca route 110 lotiss. Dandone 1er ét.,,,,,,,,,,,Moussaid Hmad,e-rdv.ma
Dr Sofia Channane,dentistry,Casablanca,Sidi Bernoussi,K130 cité Sidi Bernoussi rte de Casa Rabat Km 13,,,,,,,,,,,Channane Sofia,e-rdv.ma
Dr Zouhair Abidine,dentistry,Casablanca,,105 avenue du Deux Mars 2°ét. n°5,,,,,,,,,,,Abidine Zouhair,e-rdv.ma
Dr Salma Anis,dentistry,Casablanca,Anfa,120 bd d' Anfa ang. rue d'Algerie 3°ét. appt. 5 Hassan,,,,,,,,,,,Anis Salma,e-rdv.ma
Dr Hind Berrada Mekki,dentistry,Casablanca,Anfa,201 bd d' Anfa 2°ét,,,,,,,,,,,Berrada Mekki Hind,e-rdv.ma
Dr Salma Haline,dentistry,Casablanca,,bd Oued Moulouya - Casablanca lotiss. Selouane bât. Office 51 1er ét. 1 porte 3,,,,,,,,,,,Haline Salma,e-rdv.ma
Dr Reda Elqabli,dentistry,Casablanca,,213 bd Mohammed V - Casablanca 2éme ét.,,,,,,,,,,,Elqabli Reda,e-rdv.ma
Dr Hassan Lahlou,dentistry,Casablanca,,124 bd de la Liberté 1°ét.,,,,,,,,,,,Lahlou Hassan,e-rdv.ma
Dr Hicham ElOuazzani,dentistry,Casablanca,Anfa,route d' El Jadida ang. r. Nassiheddine imm. Anfa 2 2°ét. appt.221,,,,,,,,,,,ElOuazzani Hicham,e-rdv.ma
Dr Diaâ Habzi,dentistry,Casablanca,,20 allée des Mimosas (Aïn Sebâa) El Gantour,,,,,,,,,,,Habzi Diaâ,e-rdv.ma
Dr Tarik Bourzigui,dentistry,Casablanca,,75 rue Abou Al Alaa Zahar -ex Vésale n°2,,,,,,,,,,,Bourzigui Tarik,e-rdv.ma
Dr Hasnaa Hamrouch,dentistry,Casablanca,,4 avenue Abdelkader Essahraoui résid. Al Baida II Gh 96 appt. 4,,,,,,,,,,,Hamrouch Hasnaa,e-rdv.ma
Dr khalid Khayali,dentistry,Casablanca,,30 boulevard Panoramique 1°ét.,,,,,,,,,,,Khayali khalid,e-rdv.ma
Dr Hind M'chachti,dentistry,Casablanca,,44 rue Abou Abdellah Nafii -ex Bourbon.,,,,,,,,,,,M'chachti Hind,e-rdv.ma
Dr Jihane Tok,dentistry,Casablanca,,54 rue El Fourat-ex Roncevaux,,,,,,,,,,,Tok Jihane,e-rdv.ma
Dr Abdellatif Elomari,dentistry,Casablanca,,1 rue Caïd El Achtar - ex Girondins 2°ét. appt. n°2,,,,,,,,,,,Elomari Abdellatif,e-rdv.ma
Dr Ali Ouazzani,dentistry,Casablanca,,167 rue Attabari Lot. Chantimar,,,,,,,,,,,Ouazzani Ali,e-rdv.ma
Dr Oussama Benabdellah,dentistry,Casablanca,Anfa,158 bd d' Anfa - Casablanca 3éme ét. appt. n°18,,,,,,,,,,,Benabdellah Oussama,e-rdv.ma
Dr Imane Labriki,dentistry,Casablanca,Oulfa,hay El Oulfa - Casablanca lotiss. Kasbat Al Amine GH2 immb. 3 appt. 4,,,,,,,,,,,Labriki Imane,e-rdv.ma
Dr Lamiaa Askaoui,dentistry,Casablanca,Sidi Maarouf,derb Sidi Maarouf (A.Chok) - Casablanca bd Zoulikha Naciri,,,,,,,,,,,Askaoui Lamiaa,e-rdv.ma
Dr Aziz Berrada,dentistry,Casablanca,,63 avenue Lalla Yacout 2°ét. Massira 1B,,,,,,,,,,,Berrada Aziz,e-rdv.ma
Dr Sara Boulegriss,dentistry,Casablanca,,66 bd Chefchaouni - Casablanca Espace Rayan,,,,,,,,,,,Boulegriss Sara,e-rdv.ma
Dr Malika Tamine,dentistry,Casablanca,Oulfa,hay El Oulfa lotiss. Essalam II GH 1 imm. 3 n°344,,,,,,,,,,,Tamine Malika,e-rdv.ma
Dr Halima Hissouf,dentistry,Casablanca,,hay Idrissia I (Ben M'Sik Sud) rue 12 n°28 1°ét.,,,,,,,,,,,Hissouf Halima,e-rdv.ma
Dr Majida Daoudi,dentistry,Casablanca,,415 avenue du Deux Mars 1°ét.,,,,,,,,,,,Daoudi Majida,e-rdv.ma
Dr Hanane Kadiri Hassani,dentistry,Casablanca,Mers Sultan,62 bd Moulay Idriss 1er 1°ét. Quartier mers sultan 1,,,,,,,,,,,Kadiri Hassani Hanane,e-rdv.ma
Dr Fatiha Sbaï,dentistry,Casablanca,Maarif,8 bd Yacoub El Mansour (Maarif) 2°ét. appt.22,,,,,,,,,,,Sbaï Fatiha,e-rdv.ma
Dr Salma Mikou,dentistry,Casablanca,,145 bd Ibn Sina - ex Avicenne ang. bd Bir Anzarane immb. Romandie A 2ème ét. bur. 21,,,,,,,,,,,Mikou Salma,e-rdv.ma
Dr Siham Nouh,dentistry,Casablanca,,hay El Farah rue 51 n°168,,,,,,,,,,,Nouh Siham,e-rdv.ma
Dr Sofia Benkirane,dentistry,Casablanca,,59 bd de Bordeaux - Casablanca résid. Taha 1°ét. n°3,,,,,,,,,,,Benkirane Sofia,e-rdv.ma
Dr Badr Chriyha,dentistry,Casablanca,,hay Moubaraka - Casablanca grp. 40 n° 11 2ème ét.,,,,,,,,,,,Chriyha Badr,e-rdv.ma
Dr Zayneb Fanjaoui,dentistry,Casablanca,,12 bd Mohamed Abdou - Casablanca rdc.,,,,,,,,,,,Fanjaoui Zayneb,e-rdv.ma
Dr Nawal Boucheqif,dentistry,Casablanca,,2 rue El Kalaa des Mgouna -ex Péguy résid. Ziad Jassim 1°ét. n°46 Hassan,,,,,,,,,,,Boucheqif Nawal,e-rdv.ma
Dr Rachid Miri,dentistry,Casablanca,,256 bd Abdellah Senhaji - ex C hay ElAmal I 1°ét.,,,,,,,,,,,Miri Rachid,e-rdv.ma
Dr Sghir Mouafiri Med,dentistry,Casablanca,,736 bd Aba Chouaïb Doukali,,,,,,,,,,,Mouafiri Med Sghir,e-rdv.ma
Dr Najat Lahdadi,dentistry,Casablanca,,252 avenue du Cdt Driss Lharti - ex A,,,,,,,,,,,Lahdadi Najat,e-rdv.ma
Dr Salma Lahssaini,dentistry,Casablanca,,Hay Inara I rue 160 1°ét. n°5 av. Deux Mars,,,,,,,,,,,Lahssaini Salma,e-rdv.ma
Dr Tarik Rahmani,dentistry,Casablanca,,13 rue Aït Ourir -ex Montgolfier 1°ét. Hassan,,,,,,,,,,,Rahmani Tarik,e-rdv.ma
Dr Hafid Kettani,dentistry,Casablanca,,avenue du Dix Mars 1982 (Sidi Othman) . bloc 8 n°22 2°ét.,,,,,,,,,,,Kettani Hafid,e-rdv.ma
Dr Selwa Rihani,dentistry,Casablanca,,264 bd Ghandi - Casablanca ang. rue Omar El Khayam appt. n°30,,,,,,,,,,,Rihani Selwa,e-rdv.ma
Dr Jalil Senhaji,dentistry,Casablanca,,bd de Goulmima ang. rue Ait Baha résid. Al Fadila n°2 Hassan,,,,,,,,,,,Senhaji Jalil,e-rdv.ma
Dr Mohamed Driouich,dentistry,Casablanca,,64 rue Regraga -ex Diderot imm. Bouarfa 6 1°ét. appt. n°5 Hassan,,,,,,,,,,,Driouich Mohamed,e-rdv.ma
Dr Mustapha Tajmouati,dentistry,Casablanca,,123 bd Anoual -ex Felix Faure imm.kaoutar,,,,,,,,,,,Tajmouati Mustapha,e-rdv.ma
Dr Asmae Boumahdi,dentistry,Casablanca,,437 avenue du Cdt Driss Lharti - ex A - Casablanca cité Djemaa,,,,,,,,,,,Boumahdi Asmae,e-rdv.ma
Dr Youssef Foudali,dentistry,Casablanca,Sidi Maârouf,1 lotiss. Amine Sidi Maârouf,,,,,,,,,,,Foudali Youssef,e-rdv.ma
Dr Hind Chraibi,dentistry,Casablanca,,159 bd Moukaouama - ex Résistance,,,,,,,,,,,Chraibi Hind,e-rdv.ma
Dr Zakaria Mouakit,dentistry,Casablanca,,44 rue Al Wouroud -ex Roses 1er ét. appt. 2 hay Raha,,,,,,,,,,,Mouakit Zakaria,e-rdv.ma
Dr Chakir Bellamine,dentistry,Casablanca,,3 rue Abou Bakr Baklani -ex Monge,,,,,,,,,,,Bellamine Chakir,e-rdv.ma
Dr Abderrafih Charai,dentistry,Casablanca,Mers Sultan,59 avenue Hassan II 2°ét. Quartier mers sultan 1,,,,,,,,,,,Charai Abderrafih,e-rdv.ma
Dr Said Menjra,dentistry,Casablanca,,91 bd de la Liberté 1°ét.,,,,,,,,,,,Menjra Said,e-rdv.ma
Dr Ibtissam Mazouzi,dentistry,Casablanca,Oulfa,hay El Oulfa résid. Amine immb. 1 1er ét. n° 5 Al Azhar,,,,,,,,,,,Mazouzi Ibtissam,e-rdv.ma
Dr Abdelaziz Benjaâ,dentistry,Casablanca,,383 avenue Souhaib Erroumi exH (s.Bernoussi 2°ét.,,,,,,,,,,,Benjaâ Abdelaziz,e-rdv.ma
Dr Hicham Khayat,dentistry,Casablanca,,765 bd Modibo Keita (Rond-Point Bachkou),,,,,,,,,,,Khayat Hicham,e-rdv.ma
Dr Irina Lepina,dentistry,Casablanca,,197 bd Abdellah Ben Yacine 3°ét,,,,,,,,,,,Lepina Irina,e-rdv.ma
Dr Hind Nagid,dentistry,Casablanca,,rue Oued Laou - Casablanca lot 48 résid. Le Dôme de Marjane Missimi,,,,,,,,,,,Nagid Hind,e-rdv.ma
Dr Yasser Makhlouk,dentistry,Casablanca,,derb Koréa - Casablanca rue 5 144 Bis Derb Korea,,,,,,,,,,,Makhlouk Yasser,e-rdv.ma
Dr Laïla ElOufir Amrani,dentistry,Casablanca,Sidi Maârouf,rte 1029 résid. AlAhali imm. C appt. 132 hay Najah Sidi Maârouf,,,,,,,,,,,ElOufir Amrani Laïla,e-rdv.ma
Dr Hicham Bouragba,dentistry,Casablanca,,bd El Qods (Inara) Inara II imm.11 n°2; Fath 2,,,,,,,,,,,Bouragba Hicham,e-rdv.ma
Dr Hakima Laabaidi,dentistry,Casablanca,,avenue Souhaib Erroumi -ex H bloc 30 n°46,,,,,,,,,,,Laabaidi Hakima,e-rdv.ma
Dr Abdellatif Benbiga,dentistry,Casablanca,,220 bd El Moutanna Benharita - ex D Amal 1,,,,,,,,,,,Benbiga Abdellatif,e-rdv.ma
Dr Ali Batras,dentistry,Casablanca,,181 bd Abdelmoumen résid. Yamama C,,,,,,,,,,,Batras Ali,e-rdv.ma
Dr Mohammed Bousfiha,dentistry,Casablanca,,2 rue Wouroude -ex Pont à Mousson 1°ét. Bettania,,,,,,,,,,,Bousfiha Mohammed,e-rdv.ma
Dr Khalid Mouaqit,dentistry,Casablanca,,75 bd Moulay Youssef 2°ét. appt n°8 Hassan,,,,,,,,,,,Mouaqit Khalid,e-rdv.ma
Dr Ibrahim El Idrissi,dentistry,Casablanca,,hay Tarik rue 57 n°37,,,,,,,,,,,El Idrissi Ibrahim,e-rdv.ma
Dr Lotfi Bentahila,dentistry,Casablanca,,bd Moukaouama - ex Résistance 1°ét. appt. n°17 Massira 1B,,,,,,,,,,,Bentahila Lotfi,e-rdv.ma
Dr Youssef Chaoui Roqai,dentistry,Casablanca,,3 rue Houdhoud - ex Calais,,,,,,,,,,,Chaoui Roqai Youssef,e-rdv.ma
Dr Mustapha Ibnouali,dentistry,Casablanca,,51 rue Nabouls - ex Schlucht résid. Réda Allah appt.B1 rdc,,,,,,,,,,,Ibnouali Mustapha,e-rdv.ma
Dr Aouatif Benabdelkhalek,dentistry,Casablanca,,3 rue Ahmed Joumari -ex Auvergne - Casablanca n°2,,,,,,,,,,,Benabdelkhalek Aouatif,e-rdv.ma
Dr Olya Ghazouli Gdoudou Salwa,dentistry,Casablanca,,1 rue Ibn Essoufi - ex Gobelins 1°ét.,,,,,,,,,,,Ghazouli Gdoudou Salwa Olya,e-rdv.ma
Dr Karim Mortaki,dentistry,Casablanca,,lotiss. Alkhouzama - Casablanca E 4 n° 7,,,,,,,,,,,Mortaki Karim,e-rdv.ma
Dr Mohcine Khabbal,dentistry,Casablanca,,564 bd El Qods 2°ét. appt. 2 hay Inara 1,,,,,,,,,,,Khabbal Mohcine,e-rdv.ma
Dr Elmostapha Moubarik,dentistry,Casablanca,,rue du Tafilalt -ex Docteur Gieure - Casablanca rue 8 n°58,,,,,,,,,,,Moubarik Elmostapha,e-rdv.ma
Dr Khaoula Gassabi,dentistry,Casablanca,,. bd Abbas ElGhaddaoui -ex C Hay Moubaraka Bloc 4 n°1,,,,,,,,,,,Gassabi Khaoula,e-rdv.ma
Dr Chakib El Boury,dentistry,Casablanca,,1 rue Abou Bakr Elkadiri ang. bd El Qods,,,,,,,,,,,El Boury Chakib,e-rdv.ma
Dr Rim Bennani,dentistry,Casablanca,,1 bd de la Grande Ceinture (h.Mohammadi),,,,,,,,,,,Bennani Rim,e-rdv.ma
Dr Salim Benabdeljlil,dentistry,Casablanca,,38 bd Rahal El Meskini 2°ét. n°7,,,,,,,,,,,Benabdeljlil Salim,e-rdv.ma
Dr Amine Marbouh,dentistry,Casablanca,,38 bd Mohammed V Bureau Salma II 3éme Etage N12 Aïn Chok,,,,,,,,,,,Marbouh Amine,e-rdv.ma
Dr Saloua Hakim,dentistry,Casablanca,,14 rue Haifa (aïn Chok) - Casablanca résid. Émeraude Center lotiss. Sakane Mounawar 3eme ét.,,,,,,,,,,,Hakim Saloua,e-rdv.ma
Dr Sanae Benchekroun,dentistry,Casablanca,,6 rue des Hôpitaux -ex Banaflous résid. du Parc 1°ét.,,,,,,,,,,,Benchekroun Sanae,e-rdv.ma
Dr Abdelkrim Keradi,dentistry,Casablanca,,196 avenue Oued Dahab (cité Jemâa) Jamila 7 1°ét.,,,,,,,,,,,Keradi Abdelkrim,e-rdv.ma
Dr Jaouad Boutayeb,dentistry,Casablanca,,hay Moulay Abdallah (Ain Chok) bd Taza rue 89 n°101,,,,,,,,,,,Boutayeb Jaouad,e-rdv.ma
Dr Camelia Berny,dentistry,Casablanca,,115 bd Abderrahim Bouabid -ex Jerrada - Casablanca Oasis,,,,,,,,,,,Berny Camelia,e-rdv.ma
Dr Laila Lazrak,dentistry,Casablanca,,14 bd Yacoub El Mansour,,,,,,,,,,,Lazrak Laila,e-rdv.ma
Dr Mouhssine Benchekroun,dentistry,Casablanca,,36 rue d' Aman -ex caporal Beaux 2°ét.appt. n°4,,,,,,,,,,,Benchekroun Mouhssine,e-rdv.ma
Dr Leila Benyahia Margaoui,dentistry,Casablanca,,5 rue Mohamed Diouri 1°ét. Aïn Sebaâ,,,,,,,,,,,Benyahia Margaoui Leila,e-rdv.ma
Dr Karim Hadj Said,dentistry,Casablanca,,10 bd Tantan -ex Monte carlo - Casablanca résid. Annour 1er ét. appt. 103 Hassan,,,,,,,,,,,Hadj Said Karim,e-rdv.ma
Dr Sofia Benjelloun,dentistry,Casablanca,,32 C rue Abbas Ibnou Farnass - ex Achili,,,,,,,,,,,Benjelloun Sofia,e-rdv.ma
Dr Omar Kasri,dentistry,Casablanca,Anfa,209 bd d' Anfa résid. Eugenie 2°ét.,,,,,,,,,,,Kasri Omar,e-rdv.ma
Dr Houda Alami Hassani,dentistry,Casablanca,,187 bd Abdelmoumen résid. Walili 2°ét. n°6,,,,,,,,,,,Alami Hassani Houda,e-rdv.ma
Dr Hicham Taoussi,dentistry,Casablanca,Hay Hassani,70 bd d' Afghanistan (hay Hassani) 3° ét Farah 1,,,,,,,,,,,Taoussi Hicham,e-rdv.ma
Dr Elmamoun ElAlami,dentistry,Casablanca,Mers Sultan,70 bd Mohamed Zerktouni 8°ét. n°18 Quartier mers sultan 1,,,,,,,,,,,ElAlami Elmamoun,e-rdv.ma
Dr Nacer Ouazzani Touhami,dentistry,Casablanca,Anfa,20 bd Abdelkrim Khattabi - ex Alex. 1° centre dentaire Val d'Anfa,,,,,,,,,,,Ouazzani Touhami Nacer,e-rdv.ma
Dr Salima Zohir,dentistry,Casablanca,Bourgogne,165 bd de Bourgogne résid. Omar Al Khiyame Appt. n°3,,,,,,,,,,,Zohir Salima,e-rdv.ma
Dr Ali Darrage Mohamed,dentistry,Casablanca,,94 bd du Onze Janvier,,,,,,,,,,,Darrage Mohamed Ali,e-rdv.ma
Dr Anass Kabbaj,dentistry,Casablanca,,45 bd Ghandi résid. Yasmine n°17,,,,,,,,,,,Kabbaj Anass,e-rdv.ma
Dr Hanaa Gaidi,dentistry,Casablanca,,bd Moulay Ismaïl - Casablanca center Yasmina 3ème ét.,,,,,,,,,,,Gaidi Hanaa,e-rdv.ma
Dr Abderrahim Ben Addou Idrissi,dentistry,Casablanca,Mers Sultan,160 rue Mostapha El Maani 2°ét. Quartier mers sultan 1,,,,,,,,,,,Ben Addou Idrissi Abderrahim,e-rdv.ma
Dr Kamal Bendourou,dentistry,Casablanca,,bd Ibn Tachfine ang. rue Ibnou AlAdaraa ElMourakouchi résid.Fatima Zahra 2,,,,,,,,,,,Bendourou Kamal,e-rdv.ma
Dr Nada BenAbdelkrim,dentistry,Casablanca,Sidi Moumen,rue Lhoussine Assoussi (Sidi Moumen) résid. Al Adarissa A4 n°5,,,,,,,,,,,BenAbdelkrim Nada,e-rdv.ma
Dr Fouad Tazi,dentistry,Casablanca,,45 rue de l' Atlas (Mâarif) 2°ét.,,,,,,,,,,,Tazi Fouad,e-rdv.ma
Dr Karim Mnebhi Loudyi,dentistry,Casablanca,,169 bd Yacoub El Mansour (Beauséjour) 4°ét. résid. AlBaraka appt. 7,,,,,,,,,,,Mnebhi Loudyi Karim,e-rdv.ma
Dr Lamia Kamali,dentistry,Casablanca,,90 bd Ibn Tachfine,,,,,,,,,,,Kamali Lamia,e-rdv.ma
Dr Hicham Benhayoun,dentistry,Casablanca,,3 bd Mohamed Abdou 1°ét. q. du Parc Ville Nouvelle,,,,,,,,,,,Benhayoun Hicham,e-rdv.ma
Dr Kaoutar Echchadi,dentistry,Casablanca,,490 bd El Qods,,,,,,,,,,,Echchadi Kaoutar,e-rdv.ma
Dr Abdelfattah Gharraz,dentistry,Casablanca,,23 rue Talsinte -ex Paul Bert Hassan,,,,,,,,,,,Gharraz Abdelfattah,e-rdv.ma
Dr Zahira Akdime,dentistry,Casablanca,,210 avenue du Cdt Driss Lharti - ex A - Casablanca Jamila 3,,,,,,,,,,,Akdime Zahira,e-rdv.ma
Dr Salma Selmi,dentistry,Casablanca,,8 rue de Tarablous -ex Lamoricière - Casablanca 2éme ét.,,,,,,,,,,,Selmi Salma,e-rdv.ma
Dr Mohamed Hoummi,dentistry,Casablanca,,bd Moad Benjabal-ex A (S.bernoussi) rue 8 n°7 Katafa,,,,,,,,,,,Hoummi Mohamed,e-rdv.ma
Dr Fatima-Zahra Layoussifi,dentistry,Casablanca,,12 bd Mohamed Abdou,,,,,,,,,,,Layoussifi Fatima-Zahra,e-rdv.ma
Dr Ilham Essaqr,dentistry,Casablanca,,458 lotiss. Al Moustakbal GH3 n°94A appt. n°1,,,,,,,,,,,Essaqr Ilham,e-rdv.ma
Dr Nabil Chaoui,dentistry,Casablanca,Mers Sultan,207 bd Moukaouama - ex Résistance 4°ét. imm. le Casablanca Quartier mers sultan 1,,,,,,,,,,,Chaoui Nabil,e-rdv.ma
Dr Amina ElMazouni Hamimaz,dentistry,Casablanca,,lotiss. Waha lot C12 rue 1 1°ét. appt.1 Bachkou,,,,,,,,,,,ElMazouni Hamimaz Amina,e-rdv.ma
Dr Samira Zarhloule,dentistry,Casablanca,,200 bd Ziraoui 4°ét. appt.8 Hassan,,,,,,,,,,,Zarhloule Samira,e-rdv.ma
Dr Rajaa Bouhaj,dentistry,Casablanca,,bd El Qods ang. av. Dakhla résid. les Rosiers,,,,,,,,,,,Bouhaj Rajaa,e-rdv.ma
Dr Rachid Meknassi Salim,dentistry,Casablanca,,322 rue Mostapha El Maani 1°ét. Bettania,,,,,,,,,,,Meknassi Salim Rachid,e-rdv.ma
Dr Sofia Leknizi,dentistry,Casablanca,,2 rue Abou Alfaid Elmasri -ex Régnier 1°ét. Branes,,,,,,,,,,,Leknizi Sofia,e-rdv.ma
Dr Amine Ait Kaddour,dentistry,Casablanca,,hay Omar Ibn Khattab rue 35 résid. Nour imm.B,,,,,,,,,,,Ait Kaddour Amine,e-rdv.ma
Dr Amal ElHaila,dentistry,Casablanca,,2 rue de Neufchatel 1°ét. appt. n°1,,,,,,,,,,,ElHaila Amal,e-rdv.ma
Dr Nawal Laraïchi Chraïbi,dentistry,Casablanca,,avenue Mohamed Sijelmassi -ex Phare ang. av. de Nice résid. Normandi 2 4°ét. appt. n°8,,,,,,,,,,,Laraïchi Chraïbi Nawal,e-rdv.ma
Dr Abderrahmane Chakib,dentistry,Casablanca,,hay Moulay Abdallah (Ain Chok) rue 249 n°3,,,,,,,,,,,Chakib Abderrahmane,e-rdv.ma
Dr Naoufel ElKasri,dentistry,Casablanca,,27 rue El Bachir Laalej -ex F. Ponsard résid. Val Joli 1°ét. n°7,,,,,,,,,,,ElKasri Naoufel,e-rdv.ma
Dr Mostafa Cherqaoui,dentistry,Casablanca,,534 bd Modibo Keita 1°ét.,,,,,,,,,,,Cherqaoui Mostafa,e-rdv.ma
Dr Wahiba Samai,dentistry,Casablanca,,126 avenue Sakia El Hamra - Casablanca 1er ét.,,,,,,,,,,,Samai Wahiba,e-rdv.ma
Dr Chérif Abrous Mohamed,dentistry,Casablanca,,4 X rue Badr Assayab -ex Picardie ang. Moussa Ibn Noussair 2°ét.,,,,,,,,,,,Abrous Mohamed Chérif,e-rdv.ma
Dr Youssef Nassor,dentistry,Casablanca,,30 rue du Marché résid. Bensaïd 2°ét. Mâarif,,,,,,,,,,,Nassor Youssef,e-rdv.ma
Dr Mustapha Douiri,dentistry,Casablanca,,bd Abou Bakr El Kadiri résid. Evasion Square imm. E 3°ét. bur. E314,,,,,,,,,,,Douiri Mustapha,e-rdv.ma
Dr Zahra Khellou Fatima,dentistry,Casablanca,,avenue Mohamed Bouziane résid. Farhatine imm. 3 appt. n°9,,,,,,,,,,,Khellou Fatima Zahra,e-rdv.ma
Dr Mouna Ambari,dentistry,Casablanca,,159 lotiss. Dandoune,,,,,,,,,,,Ambari Mouna,e-rdv.ma
Dr Mohamed Hmamed,dentistry,Casablanca,,28 avenue Saïd Abou Jemaa 1°ét. appt. 3,,,,,,,,,,,Hmamed Mohamed,e-rdv.ma
Dr Lamiaâ Renuli,dentistry,Casablanca,,bd El Khalil (Aïn Chok) rue 151 n°1,,,,,,,,,,,Renuli Lamiaâ,e-rdv.ma
Dr Saïd Azim,dentistry,Casablanca,,95 bd Mohammed V passage Gallinari 2°ét. Aïn Chok,,,,,,,,,,,Azim Saïd,e-rdv.ma
Dr Mohamed Jaakik,dentistry,Casablanca,,44 bd Amgala - ex A 1°ét. Yasmina 1,,,,,,,,,,,Jaakik Mohamed,e-rdv.ma
Dr Meryeme ElAfifi,dentistry,Casablanca,,30 rue du Marché résid. Ben Saïd 2°ét. appt. n°3,,,,,,,,,,,ElAfifi Meryeme,e-rdv.ma
Dr Zineb Rachdy,dentistry,Casablanca,,272 av Oued Tensift,,,,,,,,,,,Rachdy Zineb,e-rdv.ma
Dr Hafida Qadiri,dentistry,Casablanca,Sidi Moumen,hay Sidi Moumen - Casablanca n°266 rue 15 rés Al Amal,,,,,,,,,,,Qadiri Hafida,e-rdv.ma
Dr Touria Amane Assou,dentistry,Casablanca,,74 avenue Haj Amar Riffi 1°ét.,,,,,,,,,,,Amane Assou Touria,e-rdv.ma
Dr Mounia Bensari,dentistry,Casablanca,,159 bd Oqba Bnou Nafiaa 3°ét.,,,,,,,,,,,Bensari Mounia,e-rdv.ma
Dr Youssef Saber Elidrissi Mly,dentistry,Casablanca,,19 bd d' Inezgane 2°ét.,,,,,,,,,,,Saber Elidrissi Mly Youssef,e-rdv.ma
Dr Zouhir Jadib,dentistry,Casablanca,,7 avenue Abou Houraïra,,,,,,,,,,,Jadib Zouhir,e-rdv.ma
Dr Soumia Maarouri,dentistry,Casablanca,,223 bd Abdelmoumen,,,,,,,,,,,Maarouri Soumia,e-rdv.ma
Dr Ouiam Bensaid Talbi,dentistry,Casablanca,,bd de Fès résid. Ghita rue 2 n°9,,,,,,,,,,,Bensaid Talbi Ouiam,e-rdv.ma
Dr Yasmina Benlemlih,dentistry,Casablanca,,33 bd Bir Anzarane - ex Danton,,,,,,,,,,,Benlemlih Yasmina,e-rdv.ma
Dr Mehdi ElMousti,dentistry,Casablanca,Oulfa,hay El Oulfa cité dar Essalam imm. 3 appt.4 rte My Thami,,,,,,,,,,,ElMousti Mehdi,e-rdv.ma
Dr Amine Amrani Joutey,dentistry,Casablanca,,56 rue Nassih Eddine - ex Eglantines n°1,,,,,,,,,,,Amrani Joutey Amine,e-rdv.ma
Dr Adil Azim,dentistry,Casablanca,,avenue Ali Yata -ex Foum Lahsan résid. AlAssil imm.55 1°ét. appt.4,,,,,,,,,,,Azim Adil,e-rdv.ma
Dr Amal ElLahou,dentistry,Casablanca,,quartier Beausite coplxe. résid. Al Amane imm. 68 Gh8 rdc appt.1 El Gantour,,,,,,,,,,,ElLahou Amal,e-rdv.ma
Dr Anas Bousaidi,dentistry,Casablanca,,583 avenue du Cdt Driss Lharti - ex A,,,,,,,,,,,Bousaidi Anas,e-rdv.ma
Dr Touria ElMallah Wakef,dentistry,Casablanca,,hay Sadri (Bournazel) grp.3 rue 10 n°123,,,,,,,,,,,ElMallah Wakef Touria,e-rdv.ma
Dr Amine Benokba,dentistry,Casablanca,Sidi Bernoussi,hay Amal II (Sidi Bernoussi) rue 1 n°6,,,,,,,,,,,Benokba Amine,e-rdv.ma
Dr Salwa Rezki,dentistry,Casablanca,,22 rue Attabari - Casablanca 1er ét.,,,,,,,,,,,Rezki Salwa,e-rdv.ma
Dr Ali Benmoussa,dentistry,Casablanca,,3 rue Abou Marouan Abdelmalek résid. Hicham 1°ét.,,,,,,,,,,,Benmoussa Ali,e-rdv.ma
Dr Abdelkrim BenAllal,dentistry,Casablanca,,lot. Al Azhar Tranche 9 bloc G 18 imm. 1 n°21,,,,,,,,,,,BenAllal Abdelkrim,e-rdv.ma
Dr Meryem Teghraoui,dentistry,Casablanca,,8 bd Bir Anzarane - ex Danton résid. Rabii appt.n°2,,,,,,,,,,,Teghraoui Meryem,e-rdv.ma
Dr Hanane Alami Mejjati Dioury,dentistry,Casablanca,,64 rue Allal Ben Abdallah 2°ét. Aïn Chok,,,,,,,,,,,Alami Mejjati Dioury Hanane,e-rdv.ma
Dr Hassan Alwahab,dentistry,Casablanca,,6 rue Oued Kabir -ex Remiremont,,,,,,,,,,,Alwahab Hassan,e-rdv.ma
Dr Salma Mourjane,dentistry,Casablanca,,7 bd El Hachemi El Filali résid. BLiving offices (rond-point bachkou) 1°étg. bur. 105,,,,,,,,,,,Mourjane Salma,e-rdv.ma
Dr Albert Benzaquen,dentistry,Casablanca,,129 rue du Prince Moulay Abdallah,,,,,,,,,,,Benzaquen Albert,e-rdv.ma
Dr Ibtissam Zarif,dentistry,Casablanca,,bd Abou Bakr El Kadiri - Casablanca centre Ben Omar immb. A 1er ét. n°2,,,,,,,,,,,Zarif Ibtissam,e-rdv.ma
Dr Rouquia Ounejjar,dentistry,Casablanca,,53 rue de Metz 1°ét. appt.2,,,,,,,,,,,Ounejjar Rouquia,e-rdv.ma
Dr Hind Boukry,dentistry,Casablanca,,277 bd Brahim Roudani 1°ét.,,,,,,,,,,,Boukry Hind,e-rdv.ma
Dr Salima El Omari,dentistry,Casablanca,,5 rue Ibn Mounir - ex Estérel appt. n°1,,,,,,,,,,,El Omari Salima,e-rdv.ma
Dr Badr Salhi,dentistry,Casablanca,,rue Haifa (aïn Chok) - Casablanca résid. Smart Business Center n°47 Sakane Mounawar 1er ét.,,,,,,,,,,,Salhi Badr,e-rdv.ma
Dr Hicham Benchekroun,dentistry,Casablanca,,394 rue Brahim Nakhai - ex Mont Cinto,,,,,,,,,,,Benchekroun Hicham,e-rdv.ma
Dr Younes Laalou,dentistry,Casablanca,,bd Abderrahim Bouabid -ex Jerrada ang. rue des Papillons q.Oasis n°34,,,,,,,,,,,Laalou Younes,e-rdv.ma
Dr Adelmajid Yassine,dentistry,Casablanca,,41 rue Beni M'Guild,,,,,,,,,,,Yassine Adelmajid,e-rdv.ma
Dr Afifa Zahzouhi,dentistry,Casablanca,Hay Hassani,hay Hassani - Casablanca rue 61 n°43 cabinet dentaire OMFAM,,,,,,,,,,,Zahzouhi Afifa,e-rdv.ma
Dr Itissam El Khdaiji,dentistry,Casablanca,Californie,cité Aïn Chok - Casablanca résid. Lina 4 Jnane Californie R.N 3 rdc. Chifa,,,,,,,,,,,El Khdaiji Itissam,e-rdv.ma
Dr Noureddine Najam,dentistry,Casablanca,,295 avenue du Cdt Driss Lharti - ex A 1°ét,,,,,,,,,,,Najam Noureddine,e-rdv.ma
Dr Salma Zerhouni,dentistry,Casablanca,,197 bd Bir Anzarane - ex Danton résid. ElWalida 1°ét. appt.6,,,,,,,,,,,Zerhouni Salma,e-rdv.ma
Dr Rachid Lamrini,dentistry,Casablanca,,avenue Hassan II - Casablanca C.O. / D.G.S.S. / Far,,,,,,,,,,,Lamrini Rachid,e-rdv.ma
Dr Mohamed Sekkat,dentistry,Casablanca,,49 avenue du Deux Mars résid. les Roseaux 1°ét. appt. n°1,,,,,,,,,,,Sekkat Mohamed,e-rdv.ma
Dr Sakina Benchekroun,dentistry,Casablanca,,394 rue Brahim Nakhai - ex Mont Cinto,,,,,,,,,,,Benchekroun Sakina,e-rdv.ma
Dr Sanaâ ElOmari,dentistry,Casablanca,,105 bd Day Ouled Sidi Baba -ex Watteau,,,,,,,,,,,ElOmari Sanaâ,e-rdv.ma
Dr Sanaa Harrif,dentistry,Casablanca,,207 bd Mohamed Zerktouni 3°ét.,,,,,,,,,,,Harrif Sanaa,e-rdv.ma
Dr Loubna Mejjanid,dentistry,Casablanca,,57 bd Bir Anzarane - ex Danton 2°ét. appt. 4,,,,,,,,,,,Mejjanid Loubna,e-rdv.ma
Dr Imane Serrhini,dentistry,Casablanca,,bd Oued Oum Errabia - Casablanca résid. 2eme ét. appt. 7 Mazola,,,,,,,,,,,Serrhini Imane,e-rdv.ma
Dr Samira Benyahya,dentistry,Casablanca,,1 bd Anoual -ex Felix Faure imm. Abdelmoumen Center 4°ét. n° 410,,,,,,,,,,,Benyahya Samira,e-rdv.ma
Dr Manal Elmoujahid,dentistry,Casablanca,Oulfa,636 bd Oued Sebou (hay El Oulfa),,,,,,,,,,,Elmoujahid Manal,e-rdv.ma
Dr Kawtar Babamou,dentistry,Casablanca,,18 rue Abou El Kacem Kotbari -ex Chevr. - Casablanca Rue abou el kacem koutbari app 12 res,,,,,,,,,,,Babamou Kawtar,e-rdv.ma
Dr Ghita Benmerzouq,dentistry,Casablanca,El Fida,225 bd El Fida,,,,,,,,,,,Benmerzouq Ghita,e-rdv.ma
Dr Jalal Harchaoui,dentistry,Casablanca,,89 hay Moulay Abdallah (Ain Chok) rue 100 bd Taza,,,,,,,,,,,Harchaoui Jalal,e-rdv.ma
Dr Tarik Toufik,dentistry,Casablanca,,26 rue Idriss Lahrizi 2°ét. Aïn Chok,,,,,,,,,,,Toufik Tarik,e-rdv.ma
Dr Sabah Rayk Benabdellah,dentistry,Casablanca,,1 rue de Craonne 2°ét.,,,,,,,,,,,Rayk Benabdellah Sabah,e-rdv.ma
Dr Houda Bouslikhane,dentistry,Casablanca,,lot. Al Azhar tranche 5/2 imm.1 appt.n°42,,,,,,,,,,,Bouslikhane Houda,e-rdv.ma
Dr Mohamed Bennouna Hassan,dentistry,Casablanca,,54 rue Socrate résid. Sabah 1°ét. appt.3,,,,,,,,,,,Bennouna Hassan Mohamed,e-rdv.ma
Dr Hanane Belhouji,dentistry,Casablanca,,14 bd Ain Taoujtate -ex Jouffroy résid. Riad 2°ét. n°16 Hassan,,,,,,,,,,,Belhouji Hanane,e-rdv.ma
Dr Mustapha Benkhalqui,dentistry,Casablanca,,90 rue des Sraghnas (nouv. médina) 1°ét.,,,,,,,,,,,Benkhalqui Mustapha,e-rdv.ma
Dr Abderrahmane Benbrahim,dentistry,Casablanca,,151 rue Oussama Ibn Zaid - ex Jura 1°ét.,,,,,,,,,,,Benbrahim Abderrahmane,e-rdv.ma
Dr Azzeddine Bakouri,dentistry,Casablanca,,avenue Abdelkader Essahraoui résid. Menzah imm. 1 appt. n°1,,,,,,,,,,,Bakouri Azzeddine,e-rdv.ma
Dr Salma Iben Chekroun,dentistry,Casablanca,,36 rue Ibn Souraïj - ex Morvan - Casablanca résid. Ghita 4°ét. appt. 8 bd Bir Anzarane,,,,,,,,,,,Iben Chekroun Salma,e-rdv.ma
Dr Mounia Guessous,dentistry,Casablanca,,50 avenue Haj Amar Riffi 2°ét. appt. n°3,,,,,,,,,,,Guessous Mounia,e-rdv.ma
Dr Tarik Bajjaji,dentistry,Casablanca,,84 rue Soumaya - ex Pierre Puget - Casablanca immb. Chahrazad 1er ét.,,,,,,,,,,,Bajjaji Tarik,e-rdv.ma
Dr Yasmina Abid,dentistry,Casablanca,,147 hay Nassim appt. n°10,,,,,,,,,,,Abid Yasmina,e-rdv.ma
Dr Abdelmajid Elhassouni,dentistry,Casablanca,,rue Ahmed Joumari -ex Auvergne,,,,,,,,,,,Elhassouni Abdelmajid,e-rdv.ma
Dr Chouaïb Derbani,dentistry,Casablanca,,65 bd de Dakhla Jamila 3,,,,,,,,,,,Derbani Chouaïb,e-rdv.ma
Dr Omar Benchekroun,dentistry,Casablanca,Anfa,58 rue Mustapha El Manfalouti -Malherbe 2°ét.,,,,,,,,,,,Benchekroun Omar,e-rdv.ma
Dr Amina El Faiz,dentistry,Casablanca,,81 avenue Mohamed Bouziane grp. 4 2°ét.,,,,,,,,,,,El Faiz Amina,e-rdv.ma
Dr Hajar Elfaid,dentistry,Casablanca,,307 bd de la Grande Ceinture (h.Mohammadi) - Casablanca bloc Saada n°302 2eme ét.,,,,,,,,,,,Elfaid Hajar,e-rdv.ma
Dr Myriam Elkassimy,dentistry,Casablanca,,route d' El Jadida c.com. Nadia imm.1 1°ét.,,,,,,,,,,,Elkassimy Myriam,e-rdv.ma
Dr Karima Idhammou,dentistry,Casablanca,Sidi Moumen,rue Lhoussine Assoussi (Sidi Moumen) lot. Echaraf GH 5 imm. 1 n°554 1°ét.,,,,,,,,,,,Idhammou Karima,e-rdv.ma
Dr Zineb Chraibi,dentistry,Casablanca,,18 rue Oumaima Sayah -ex Rolland 3°ét. n°8,,,,,,,,,,,Chraibi Zineb,e-rdv.ma
Dr Loubna Messaoudi,dentistry,Casablanca,El Fida,288 bd El Fida,,,,,,,,,,,Messaoudi Loubna,e-rdv.ma
Dr Saïda Naki ElIdrissi,dentistry,Casablanca,,avenue du Cdt Driss Lharti - ex A lot. 33 appt. 2 hay My Rachid,,,,,,,,,,,Naki ElIdrissi Saïda,e-rdv.ma
Dr Mohamed Dkhichi,dentistry,Casablanca,,bd M'Barek BenBoubker Hammadi - Casablanca lotiss. Bernoussi 2 n°37 2°ét.,,,,,,,,,,,Dkhichi Mohamed,e-rdv.ma
Dr Rachid Sekkat,dentistry,Casablanca,,16 rue El Kassar - ex Wagram 3°ét.,,,,,,,,,,,Sekkat Rachid,e-rdv.ma
Dr Latifa Benabdallah,dentistry,Casablanca,Mers Sultan,39 rue Omar Slaoui résid. Taoufik 1°ét. n°7 Quartier mers sultan 1,,,,,,,,,,,Benabdallah Latifa,e-rdv.ma
Dr Amine Elharchi,dentistry,Casablanca,,bd Ibn Sina - ex Avicenne - Casablanca Kasba entrée D n°9 2ème ét.,,,,,,,,,,,Elharchi Amine,e-rdv.ma
Dr Fatima Touiti,dentistry,Casablanca,,92 lotiss. Al Moustakbal GH2 1°ét. n°3,,,,,,,,,,,Touiti Fatima,e-rdv.ma
Dr Amina ElOmrani,dentistry,Casablanca,,7 rue de Sebta résid. Rami 2°ét. n°5,,,,,,,,,,,ElOmrani Amina,e-rdv.ma
Dr Wafaa Halloumi,dentistry,Casablanca,El Fida,bd El Fida rue 16 n°38 1°ét,,,,,,,,,,,Halloumi Wafaa,e-rdv.ma
Dr Bouchra Daoudi,dentistry,Casablanca,,70 av. Mokhtar Ben Ahmed Guernaoui,,,,,,,,,,,Daoudi Bouchra,e-rdv.ma
Dr Anna Kasyanova Elbahi,dentistry,Casablanca,,191 bd de Dakhla Jamila 3,,,,,,,,,,,Kasyanova Elbahi Anna,e-rdv.ma
Dr Farid Lakehal,dentistry,Casablanca,,3 rue Ibn El Arif - ex Flandres résid. Yasmina 1°ét.,,,,,,,,,,,Lakehal Farid,e-rdv.ma
Dr Ali Benkirane,dentistry,Casablanca,Mers Sultan,52 bd Mohamed Zerktouni espace Erreda 4°ét. n°33 Quartier mers sultan 1,,,,,,,,,,,Benkirane Ali,e-rdv.ma
Dr Lamyae Serraj Andaloussi,dentistry,Casablanca,Sidi Moumen,avenue Lhoussine Assoussi (Sidi Moumen) résid. AlAlaa imm. D3,,,,,,,,,,,Serraj Andaloussi Lamyae,e-rdv.ma
Dr Ghali Boutaleb,dentistry,Casablanca,,51 bd Rahal El Meskini 4°ét. résid. Essafa,,,,,,,,,,,Boutaleb Ghali,e-rdv.ma
Dr Meriem Mozher,dentistry,Casablanca,,lotiss. Waha lot. C imm.C2,,,,,,,,,,,Mozher Meriem,e-rdv.ma
Dr Saad Elarchi,dentistry,Casablanca,,rue Aziz Bellal - Casablanca Farah Salam Al Azhar,,,,,,,,,,,Elarchi Saad,e-rdv.ma
Dr Zaineb Zioud,dentistry,Casablanca,,211 bd Moukaouama - ex Résistance,,,,,,,,,,,Zioud Zaineb,e-rdv.ma
Dr Jalil Bennani,dentistry,Casablanca,,11 rue de Blida résid. Nour 4°ét.,,,,,,,,,,,Bennani Jalil,e-rdv.ma
Dr Soussane El Abed Yakoubi,dentistry,Casablanca,,31 bd Oued Oum Errabia résid. Al Firdaouss Gh 25A,,,,,,,,,,,El Abed Yakoubi Soussane,e-rdv.ma
Dr Nihal Abassi,cardiology,Casablanca,,"☆ ☆ ☆ ☆ ☆ (0 avis) <div class=""result-search-item",,,,,,,,,,,Abassi Nihal,telecontact.ma
Dr Salma Abdeladim,cardiology,Casablanca,,"☆ ☆ ☆ ☆ ☆ (0 avis) <div class=""result-sear",,,,,,,,,,,Abdeladim Salma,telecontact.ma
Dr Safae Abderazzak,cardiology,Casablanca,,"☆ ☆ ☆ ☆ ☆ (0 avis) <div class=""result-s",,,,,,,,,,,Abderazzak Safae,telecontact.ma
Dr Mouhcine Abidallah,cardiology,Casablanca,,"☆ ☆ ☆ ☆ ☆ (0 avis) <div class=""re",,,,,,,,,,,Abidallah Mouhcine,telecontact.ma
Dr Ghizlane Abidi,cardiology,Casablanca,,"☆ ☆ ☆ ☆ ☆ (0 avis) <div class=""result-search",,,,,,,,,,,Abidi Ghizlane,telecontact.ma
Dr Khalid Adnan,cardiology,Casablanca,,"☆ ☆ ☆ ☆ ☆ (0 avis) <div class=""result-search-item-n",,,,,,,,,,,Adnan Khalid,telecontact.ma
Dr Hind Adnane,cardiology,Casablanca,,"☆ ☆ ☆ ☆ ☆ (0 avis) <div class=""result-search-item-non",,,,,,,,,,,Adnane Hind,telecontact.ma
Dr Khadija Afiri,cardiology,Casablanca,,"☆ ☆ ☆ ☆ ☆ (0 avis) <div class=""result-search-ite",,,,,,,,,,,Afiri Khadija,telecontact.ma
Dr Moaad Aguezmai,cardiology,Casablanca,,"☆ ☆ ☆ ☆ ☆ (0 avis) <div class=""result-search",,,,,,,,,,,Aguezmai Moaad,telecontact.ma
Dr Mohamed Alami,cardiology,Casablanca,,"☆ ☆ ☆ ☆ ☆ (0 avis) <div class=""result-search-ite",,,,,,,,,,,Alami Mohamed,telecontact.ma
Dr Noureddine Alami,cardiology,Casablanca,,"☆ ☆ ☆ ☆ ☆ (0 avis) <div class=""result-s",,,,,,,,,,,Alami Noureddine,telecontact.ma
Dr Mehdi Alaoui Mohamed,cardiology,Casablanca,,☆ ☆ ☆ ☆ ☆ (0 avis) <div cla,,,,,,,,,,,Alaoui Mohamed Mehdi,telecontact.ma
Dr Meryem Alj,cardiology,Casablanca,,"☆ ☆ ☆ ☆ ☆ (0 avis) <div class=""result-search-item-non-ann",,,,,,,,,,,Alj Meryem,telecontact.ma
Dr Youssef Allali,cardiology,Casablanca,,"☆ ☆ ☆ ☆ ☆ (0 avis) <div class=""result-search",,,,,,,,,,,Allali Youssef,telecontact.ma
Dr Mohamed Allaoui,cardiology,Casablanca,,"☆ ☆ ☆ ☆ ☆ (0 avis) <div class=""result-sear",,,,,,,,,,,Allaoui Mohamed,telecontact.ma
Dr Marouane Allouch,cardiology,Casablanca,,"☆ ☆ ☆ ☆ ☆ (0 avis) <div class=""result-s",,,,,,,,,,,Allouch Marouane,telecontact.ma
Dr Elalem Elalmi,cardiology,Dar Bouazza,Dar Bouazza,"☆ ☆ ☆ ☆ ☆ (0 avis) <div class=""result-search-i",,,,,,,,,,,Elalmi Elalem,telecontact.ma
Dr Bouchra Senhaji,cardiology,Dar Bouazza,Dar Bouazza,"☆ ☆ ☆ ☆ ☆ (0 avis) <div class=""result-se",,,,,,,,,,,Senhaji Bouchra,telecontact.ma
Dr Mohammed Bouraqadi,cardiology,Bouskoura,Bouskoura,"☆ ☆ ☆ ☆ ☆ (0 avis) <div class=""resu",,,,,,,,,,,Bouraqadi Mohammed,telecontact.ma
Dr Taoufik Boutayeb,cardiology,Bouskoura,Bouskoura,"☆ ☆ ☆ ☆ ☆ (0 avis) <div class=""result-sea",,,,,,,,,,,Boutayeb Taoufik,telecontact.ma
Dr Yassine Ragbaoui,cardiology,Bouskoura,Bouskoura,"☆ ☆ ☆ ☆ ☆ (0 avis) <div class=""result-sea",,,,,,,,,,,Ragbaoui Yassine,telecontact.ma
Dr Nouzha Benhammacht,cardiology,Mohammedia,Mohammedia,"☆ ☆ ☆ ☆ ☆ (0 avis) <div class=""re",,,,,,,,,,,Benhammacht Nouzha,telecontact.ma
Dr Abderrahim Bentammar,cardiology,Mohammedia,Mohammedia,☆ ☆ ☆ ☆ ☆ (0 avis) <div cla,,,,,,,,,,,Bentammar Abderrahim,telecontact.ma
Dr Selsabille El Haddaji,cardiology,Mohammedia,Mohammedia,☆ ☆ ☆ ☆ ☆ (0 avis) <div,,,,,,,,,,,El Haddaji Selsabille,telecontact.ma
Dr Alaa Fliti,cardiology,Mohammedia,Mohammedia,"☆ ☆ ☆ ☆ ☆ (0 avis) <div class=""result-search-item-non-ann",,,,,,,,,,,Fliti Alaa,telecontact.ma
Dr Saïd Liamani,cardiology,Mohammedia,Mohammedia,"☆ ☆ ☆ ☆ ☆ (0 avis) <div class=""result-search-item-n",,,,,,,,,,,Liamani Saïd,telecontact.ma
Dr Soumia Mhanna,cardiology,Mohammedia,Mohammedia,"☆ ☆ ☆ ☆ ☆ (0 avis) <div class=""result-search-ite",,,,,,,,,,,Mhanna Soumia,telecontact.ma
Dr Mourad Ouazry,cardiology,Mohammedia,Mohammedia,"☆ ☆ ☆ ☆ ☆ (0 avis) <div class=""result-search-ite",,,,,,,,,,,Ouazry Mourad,telecontact.ma
Dr Jaouhar Rharbaoui,cardiology,Mohammedia,Mohammedia,"☆ ☆ ☆ ☆ ☆ (0 avis) <div class=""resul",,,,,,,,,,,Rharbaoui Jaouhar,telecontact.ma
Dr Abderrahim Tajaoui,cardiology,Mohammedia,Mohammedia,"☆ ☆ ☆ ☆ ☆ (0 avis) <div class=""re",,,,,,,,,,,Tajaoui Abderrahim,telecontact.ma
Dr Kaoutar Kharbouche,cardiology,Tit Mellil,Tit Mellil,"☆ ☆ ☆ ☆ ☆ (0 avis) <div class=""re",,,,,,,,,,,Kharbouche Kaoutar,telecontact.ma
Dr Naima Baaddy,cardiology,Casablanca,,hay El Qods résid. Riad El Bernoussi imm. C 2°ét. n°9,,,,,,,,,,,Baaddy Naima,e-rdv.ma
Dr Hanane Kamoum,cardiology,Casablanca,,29 avenue Akid Allam hay Salam 3,,,,,,,,,,,Kamoum Hanane,e-rdv.ma
Dr Mustafa Chibani,cardiology,Casablanca,,231 bd Bir Anzarane,,,,,,,,,,,Chibani Mustafa,e-rdv.ma
Dr Soufiane Amine,cardiology,Casablanca,,bd Tantan -ex Monte carlo ang. av Mohamed Sijelmassi Hassan,,,,,,,,,,,Amine Soufiane,e-rdv.ma
Dr Balkis Babou,cardiology,Casablanca,,600 avenue du Cdt Driss Lharti - ex A 1°ét. Ben Msik,,,,,,,,,,,Babou Balkis,e-rdv.ma
Dr Abdelhamid Benghazi,cardiology,Casablanca,,275 bd Mohamed Zerktouni 2°ét.,,,,,,,,,,,Benghazi Abdelhamid,e-rdv.ma
Dr Ichraq Nassiri,cardiology,Casablanca,,249 bd Yacoub El Mansour appt n°1,,,,,,,,,,,Nassiri Ichraq,e-rdv.ma
Dr Anass Inchaouh,cardiology,Casablanca,,319 bd Lalla Asmaa - ex G - Casablanca 1°ét.,,,,,,,,,,,Inchaouh Anass,e-rdv.ma
Dr Anas Loutfi,cardiology,Casablanca,Bourgogne,633 bd de Goulmima - Casablanca 2°ét. n°14 Bourgogne Hassan,,,,,,,,,,,Loutfi Anas,e-rdv.ma
Dr Hanane El Mosalami,cardiology,Casablanca,,203 bd Panoramique imm. Pnoramique 2 3°ét. n° 38,,,,,,,,,,,El Mosalami Hanane,e-rdv.ma
Dr Karim Benjelloun Mohamed,cardiology,Casablanca,,511 bd El Qods,,,,,,,,,,,Benjelloun Mohamed Karim,e-rdv.ma
Dr Mohamed Lebbar,cardiology,Casablanca,,4 rue Tarik Bnou Ziad q. des hôpitaux,,,,,,,,,,,Lebbar Mohamed,e-rdv.ma
Dr Amine Elkhadir,cardiology,Casablanca,,728 bd Modibo Keita - Casablanca Clinique Dar Salam,,,,,,,,,,,Elkhadir Amine,e-rdv.ma
Dr Ayoub Elhammiri,cardiology,Casablanca,,393 bd Ghandi - Casablanca ang rue Mohamed Fouiteh clinique France-ville,,,,,,,,,,,Elhammiri Ayoub,e-rdv.ma
Dr Rachid BenKhattab Sefrioui,cardiology,Casablanca,,bd Abou Dar Ghafari-ex E Bernousi Amal III rue 3 n°6,,,,,,,,,,,BenKhattab Sefrioui Rachid,e-rdv.ma
Dr Saïd Oudghiri,cardiology,Casablanca,Anfa,19 bd Ibn Sina - ex Avicenne c. cardiologique Casa-Anfa,,,,,,,,,,,Oudghiri Saïd,e-rdv.ma
Dr Amale ElAmrani,cardiology,Casablanca,Californie,545 boulevard Panoramique californie,,,,,,,,,,,ElAmrani Amale,e-rdv.ma
Dr Moukhliss Amal,cardiology,Casablanca,,avenue Mohamed Bouziane - Casablanca Résid. Bilad Lkhir 10,,,,,,,,,,,Amal Moukhliss,e-rdv.ma
Dr Abdellatif Belkhayat,cardiology,Casablanca,,62 bd du Onze Janvier,,,,,,,,,,,Belkhayat Abdellatif,e-rdv.ma
Dr Bouchaib Faris,cardiology,Casablanca,,19 bd Ibn Sina - ex Avicenne,,,,,,,,,,,Faris Bouchaib,e-rdv.ma
Dr Houda El Hadi,cardiology,Casablanca,Sidi Maarouf,lotiss. Dandoun Sidi Maarouf,,,,,,,,,,,El Hadi Houda,e-rdv.ma
Dr Amina Samih,cardiology,Casablanca,,13 bd Abou Bakr El Kadiri - Casablanca Panorama Office 2éme étg. n°9,,,,,,,,,,,Samih Amina,e-rdv.ma
Dr Abdelouahab Slaoui,cardiology,Casablanca,Anfa,209 bd d' Anfa,,,,,,,,,,,Slaoui Abdelouahab,e-rdv.ma
Dr Hassan Hlimi,cardiology,Casablanca,,37 bd Oued Oum Errabia 1°ét.,,,,,,,,,,,Hlimi Hassan,e-rdv.ma
Dr Abdelkhalek Chouladi,cardiology,Casablanca,,50 rue Mostapha El Maani 2°ét. Massira 1B,,,,,,,,,,,Chouladi Abdelkhalek,e-rdv.ma
Dr Noureddine Errafii,cardiology,Casablanca,,314 rue Mostapha El Maani 1°ét. Bettania,,,,,,,,,,,Errafii Noureddine,e-rdv.ma
Dr Rizlane Cherkaoui,cardiology,Casablanca,Bourgogne,bd de Bourgogne ang. rue Abou Wakt Khallaf résid. Dar Annakhil II rdc,,,,,,,,,,,Cherkaoui Rizlane,e-rdv.ma
Dr Chafia Chehbouni,cardiology,Casablanca,,bd Abou Bakr El Kadiri - Casablanca résid. Ahfad imm D 1°ét. n°1,,,,,,,,,,,Chehbouni Chafia,e-rdv.ma
Dr Mohamed Sefrioui Hosni,cardiology,Casablanca,,rue de la Sécurité sociale -ex Jules Grévy polycl.cnss,,,,,,,,,,,Sefrioui Hosni Mohamed,e-rdv.ma
Dr Abdellatif Darif,cardiology,Casablanca,,rue Souleimane El Farissi résid Maouadda imm.A appt n°8 bd Ibn Tachfine,,,,,,,,,,,Darif Abdellatif,e-rdv.ma
Dr Abdelhamid Fsihi,cardiology,Casablanca,,728 bd Modibo Keita Clinique Dar Salam,,,,,,,,,,,Fsihi Abdelhamid,e-rdv.ma
Dr Ahmed khamlichi,cardiology,Casablanca,,115 bd Mohammed V,,,,,,,,,,,khamlichi Ahmed,e-rdv.ma
Dr Jihane El Jaouhari,cardiology,Casablanca,,bd Abou Bakr El Kadiri - Casablanca résid. Naim imm. 5 3°ét. appt. n°9,,,,,,,,,,,El Jaouhari Jihane,e-rdv.ma
Dr Mouad Criquech,cardiology,Casablanca,,262 bd Yacoub El Mansour (Beauséjour) 1°ét. n°9,,,,,,,,,,,Criquech Mouad,e-rdv.ma
Dr Hanane Mechal,cardiology,Casablanca,,95 bd Anoual -ex Felix Faure - Casablanca ang. rue Tabit Ibnou Qorra résid. Ismailiya 2ème ét. n°23,,,,,,,,,,,Mechal Hanane,e-rdv.ma
Dr Fairouz Haloui,cardiology,Casablanca,,43 quartier Ahl Loghlam projet Salam 1 résid. AlFoutouh grp.D 2°ét. appt. 4 D2b,,,,,,,,,,,Haloui Fairouz,e-rdv.ma
Dr Fouad Bennani Kemmoun,cardiology,Casablanca,Bouskoura,route de Bouskoura - Casablanca bloc Faraj n°136,,,,,,,,,,,Bennani Kemmoun Fouad,e-rdv.ma
Dr Meryem Askour,cardiology,Casablanca,Oulfa,bd. Laymoun Rés. Ryad Garden Lot. Yousra Rue n°7 Zoubir Oulfa Imm2,,,,,,,,,,,Askour Meryem,e-rdv.ma
Dr Dounia Ghellab,cardiology,Casablanca,,22 bd Yacoub El Mansour résid. Espace El Mansour bur. 8 Entresol,,,,,,,,,,,Ghellab Dounia,e-rdv.ma
Dr Soukaina Safir,cardiology,Casablanca,,110 avenue des Forces Auxiliaires - Casablanca 1er ét. appt. 2 hay Sadri,,,,,,,,,,,Safir Soukaina,e-rdv.ma
Dr Ahmed Bennis,cardiology,Casablanca,,98 rue Cadi Iass - ex Mont Cénis ang. Abou Salt Andaloussi,,,,,,,,,,,Bennis Ahmed,e-rdv.ma
Dr Zineb Lamrani,cardiology,Casablanca,,301 bd Abdelmoumen ang. bd Anoual Centre El Miaraj 5°et. n°67,,,,,,,,,,,Lamrani Zineb,e-rdv.ma
Dr Azzahra Miftah Fatima,cardiology,Casablanca,,185 bd Abdelmoumen rézid. Walili Parc 1°ét. appt. n°4,,,,,,,,,,,Miftah Fatima Azzahra,e-rdv.ma
Dr Ilham El Haddad,cardiology,Casablanca,,avenue Reda Guédira -ex Nil bloc 35 n°14 1°ét.,,,,,,,,,,,El Haddad Ilham,e-rdv.ma
Dr Azzeddine Tahiri Joutey,cardiology,Casablanca,,55 bd Mohamed Zerktouni 3°ét. appt. n°9,,,,,,,,,,,Tahiri Joutey Azzeddine,e-rdv.ma
Dr Naoual Boukhima,cardiology,Casablanca,Mers Sultan,52 bd Mohamed Zerktouni espace Erreda 1°ét. Quartier mers sultan 1,,,,,,,,,,,Boukhima Naoual,e-rdv.ma
Dr Asmaa Benfarji,cardiology,Casablanca,Ain Sebaa,lot. Firdaous (Ain Sebaa) - Casablanca Gh1 Imm.2 1°ét. n°5,,,,,,,,,,,Benfarji Asmaa,e-rdv.ma
Dr Rime Benmalek,cardiology,Casablanca,,548 avenue du Deux Mars - Casablanca résidence Sonna 3ème ét. appt. 12,,,,,,,,,,,Benmalek Rime,e-rdv.ma
Dr Mohamed Chami Khazraji,cardiology,Casablanca,,17 place Louis Pasteur -ex Charles Nicolle,,,,,,,,,,,Chami Khazraji Mohamed,e-rdv.ma
Dr Jamal Jbara,cardiology,Casablanca,,237 bd Mohamed Zerktouni - Casablanca résid Kheir,,,,,,,,,,,Jbara Jamal,e-rdv.ma
Dr Hayat Najih,cardiology,Casablanca,,cité El Houria bloc 225 n°1 2°ét. Farah 1,,,,,,,,,,,Najih Hayat,e-rdv.ma
Dr Mostafa Skalli,cardiology,Casablanca,,400 bd Brahim Roudani 2°ét.,,,,,,,,,,,Skalli Mostafa,e-rdv.ma
Dr Karim Hafdi,cardiology,Casablanca,,3 av Mohamed Zefzaf -ex A - Casablanca résid. Haytam hay Al Walaa,,,,,,,,,,,Hafdi Karim,e-rdv.ma
Dr Milouda Soualy,cardiology,Casablanca,Errahma,route d' Azemmour ang.bd. Sidi Abderrahman imm.communal Entrée B n°10 1°ét. Farah 1,,,,,,,,,,,Soualy Milouda,e-rdv.ma
Dr Soumaya Cherqaoui,cardiology,Casablanca,,hay Jamila II (cité Djemaa) rue 12 n°10,,,,,,,,,,,Cherqaoui Soumaya,e-rdv.ma
Dr Houda Mouad,cardiology,Casablanca,,187 bd Abdelmoumen espace walili 2°ét. n°8,,,,,,,,,,,Mouad Houda,e-rdv.ma
Dr Hassan Jammi,cardiology,Casablanca,,20 rue Oumama Saih -ex Madame Rolland résid. Star Youness 2°ét. bd AlMassira,,,,,,,,,,,Jammi Hassan,e-rdv.ma
Dr Abdelkhirane Chérif,cardiology,Casablanca,,rue Omar El Idrissi,,,,,,,,,,,Chérif Abdelkhirane,e-rdv.ma
Dr Miloud Belhaj,cardiology,Casablanca,Californie,545 boulevard Panoramique Californie,,,,,,,,,,,Belhaj Miloud,e-rdv.ma
Dr Naima Maaroufi,cardiology,Casablanca,,20 rue de Franceville - Casablanca clinique du Cœur Casa Oasis,,,,,,,,,,,Maaroufi Naima,e-rdv.ma
Dr Youssef Drissi,cardiology,Casablanca,,100 bd Oued Oum Rabie résid. AlOfoq,,,,,,,,,,,Drissi Youssef,e-rdv.ma
Dr Mohamed Chraibi,cardiology,Casablanca,,21 rue Ibrahim Hafid -ex Chateaubriand 3°ét.,,,,,,,,,,,Chraibi Mohamed,e-rdv.ma
Dr Khadija Khay,cardiology,Casablanca,,1 bd Abdellah Senhaji - ex C - Casablanca office Al Amal 5ème ét. n°40,,,,,,,,,,,Khay Khadija,e-rdv.ma
Dr Hasnaâ Salih,cardiology,Casablanca,,1 bd Mohamed Al Bakkali lotiss. Jaouhara D 1°ét.,,,,,,,,,,,Salih Hasnaâ,e-rdv.ma
Dr Mohamed Boussif,cardiology,Casablanca,,119 bd Abdelmoumen,,,,,,,,,,,Boussif Mohamed,e-rdv.ma
Dr Rajaa Bennani,cardiology,Casablanca,,405 bd El Qods résid. Assafa 3°ét. n°19,,,,,,,,,,,Bennani Rajaa,e-rdv.ma
Dr Siham Zaimi,cardiology,Casablanca,,bd Ghandi Ghandi Mall n°27,,,,,,,,,,,Zaimi Siham,e-rdv.ma
Dr Abdellah Haytoumi,cardiology,Casablanca,,ang. bd Mohamed Bouziane,,,,,,,,,,,Haytoumi Abdellah,e-rdv.ma
Dr Laïla Saher,cardiology,Casablanca,,rue Georges Sand ang. av Stendhal résid. Bender imm. C 3°ét.,,,,,,,,,,,Saher Laïla,e-rdv.ma
Dr Ahmed Bidani,cardiology,Casablanca,,166 bd de Dakhla Jamila 3,,,,,,,,,,,Bidani Ahmed,e-rdv.ma
Dr Maati Sabri,cardiology,Casablanca,,bd Ziraoui polycl. C.n.s.s. Hassan,,,,,,,,,,,Sabri Maati,e-rdv.ma
Dr Ahmed Qamari,cardiology,Casablanca,,426 bd Abdellah Senhaji - ex C Drissia I,,,,,,,,,,,Qamari Ahmed,e-rdv.ma
Dr Abdelaziz Bennouna,cardiology,Casablanca,,124 bd Rahal El Meskini 3°ét.,,,,,,,,,,,Bennouna Abdelaziz,e-rdv.ma
Dr Taibi Chahir Idrissi,cardiology,Casablanca,,15 lotiss. Safa II appt. 4,,,,,,,,,,,Chahir Idrissi Taibi,e-rdv.ma
Dr Mohamed Bouzoubaâ,cardiology,Casablanca,,13 bd Ain Taoujtate -ex Jouffroy résid. Ilias 3°ét. appt.n°6,,,,,,,,,,,Bouzoubaâ Mohamed,e-rdv.ma
Dr Ilham Touhami,cardiology,Casablanca,,44 rue des Hôpitaux - Casablanca 4° ét. N°21,,,,,,,,,,,Touhami Ilham,e-rdv.ma
Dr Hassane Mir,cardiology,Casablanca,,79 rue Jaber ben Hayane -exVerlet-Hanus Hassan,,,,,,,,,,,Mir Hassane,e-rdv.ma
Dr Ilham Bensahi,cardiology,Casablanca,,bd Mohamed Taieb Naciri - Casablanca Hôpital Universitaire International Cheick Khalifa.,,,,,,,,,,,Bensahi Ilham,e-rdv.ma
Dr Abdelilah Zahar,cardiology,Casablanca,,avenue du Dix Mars (Sidi Othman) rue 31 n°97,,,,,,,,,,,Zahar Abdelilah,e-rdv.ma
Dr Khalid Benjelloun,cardiology,Casablanca,,3 rue Bir Jdid -ex Maurice Leglay bloc des Domaines appt. n°3 Hassan,,,,,,,,,,,Benjelloun  Khalid,e-rdv.ma
Dr Ahmed Setti,cardiology,Casablanca,,175 rue Boukraa -ex Jules Mauran résid. Jassim Houssam 1°ét. Hassan,,,,,,,,,,,Setti Ahmed,e-rdv.ma
Dr Lahbabi Guennioui,cardiology,Casablanca,,67 rue El Fourat-ex Roncevaux 4°ét. n°7,,,,,,,,,,,Guennioui Lahbabi,e-rdv.ma
Dr Amine Khadiri,cardiology,Casablanca,,119 rue Tabit Bnou Korra -ex Millant - Casablanca ang. bd Mly Driss 5°ét. n°9,,,,,,,,,,,Khadiri Amine,e-rdv.ma
Dr Mohamed Saadaoui,cardiology,Casablanca,,728 bd Modibo Keita Clinique Dar Salam,,,,,,,,,,,Saadaoui Mohamed,e-rdv.ma
Dr Adeb Bourja,cardiology,Casablanca,Sidi Bernoussi,. cité Sidi Bernoussi - Casablanca bloc 97 n°8,,,,,,,,,,,Bourja Adeb,e-rdv.ma
Dr Fouad Elouardi,cardiology,Casablanca,,452 bd Abdelmoumen ang. bd Anoual Abdelmoumen Center 3°ét. n°305,,,,,,,,,,,Elouardi Fouad,e-rdv.ma
Dr Abdelaoui Badre,cardiology,Casablanca,Sidi Maârouf,778 bd El Qods (Sidi Maârouf) - Casablanca résid. La Perle Del Qods Mandarona,,,,,,,,,,,Badre Abdelaoui,e-rdv.ma
Dr Siham Belaiche,cardiology,Casablanca,,bd Ibn Tachfine Ibn Adara El Marrakouchi ang. Ibn Adara Marrakouchi résid. Fatima Zahra II 3°ét.n°5,,,,,,,,,,,Belaiche Siham,e-rdv.ma
Dr Amina Kerroumi,cardiology,Casablanca,,av Mohamed Zefzaf -ex A - Casablanca résid. Arrayane 2 1°ét. Anassi,,,,,,,,,,,Kerroumi Amina,e-rdv.ma
Dr Meriem Lalami,cardiology,Casablanca,,31 avenue du Dix Mars - Casablanca ang. rue Abou Houraira,,,,,,,,,,,Lalami Meriem,e-rdv.ma
Dr Nahid Erraboun,cardiology,Casablanca,,bd Oqba Bnou Nafiaa - Casablanca ang. bd de la Grande Ceinture résid. Eldorado appt. 5,,,,,,,,,,,Erraboun Nahid,e-rdv.ma
Dr Mustapha Atlab,cardiology,Casablanca,,119 bd Abdelmoumen,,,,,,,,,,,Atlab Mustapha,e-rdv.ma
Dr Fatima-zahra Benabbes,cardiology,Casablanca,,bd El Qods résid. Addaman A 23 n° 2 rdc. Inara I,,,,,,,,,,,Benabbes Fatima-zahra,e-rdv.ma
Dr Najah Benchekroun,cardiology,Casablanca,,11 bd Ain Taoujtate -ex Jouffroy - Casablanca rdc. n°1,,,,,,,,,,,Benchekroun Najah,e-rdv.ma
Dr Abdellatif Lakhssassi,cardiology,Casablanca,,33 bd Abdellatif Ben Kaddour 2°ét.,,,,,,,,,,,Lakhssassi Abdellatif,e-rdv.ma
Dr Mourad Moukhliss,cardiology,Casablanca,,avenue Souhaib Erroumi -ex H - Casablanca Mansour 3 bloc 60 n°1,,,,,,,,,,,Moukhliss Mourad,e-rdv.ma
Dr Fatima Zoheir,cardiology,Casablanca,,230 bd Brahim Roudani -ex route El Jadida,,,,,,,,,,,Zoheir Fatima,e-rdv.ma
Dr Hamid Moussetaini,cardiology,Casablanca,Errahma,367 bd Sidi Abderrahman,,,,,,,,,,,Moussetaini Hamid,e-rdv.ma
Dr Najia Chaachoui,cardiology,Casablanca,Mers Sultan,314 rue Mostapha El Maani - Casablanca Quartier mers sultan 1,,,,,,,,,,,Chaachoui Najia,e-rdv.ma
Dr Zinabdin Zoubidi Mohamed,cardiology,Casablanca,,67 bd Abderrahim Bouabid -ex Jerrada,,,,,,,,,,,Zoubidi Mohamed Zinabdin,e-rdv.ma
Dr Hanane Boutkhemt,cardiology,Casablanca,,bd Abou Bakr El Kadiri résid. Naim imm. 4 appt. n°7,,,,,,,,,,,Boutkhemt Hanane,e-rdv.ma
Dr Ali Bennani Mohamed,cardiology,Casablanca,,avenue Reda Guédira -ex Nil 1°ét.,,,,,,,,,,,Bennani Mohamed Ali,e-rdv.ma
Dr Mohamed Berrada,cardiology,Casablanca,,11 bd Mohamed Zerktouni résid. Tarfaya 2°ét.,,,,,,,,,,,Berrada Mohamed,e-rdv.ma
Dr Jamal Sibaï,cardiology,Casablanca,Mers Sultan,1 rue El Araar -ex Gay Lussac 1°ét. Quartier mers sultan 1,,,,,,,,,,,Sibaï Jamal,e-rdv.ma
Dr Najlaa Boughaidi,cardiology,Casablanca,El Fida,391 bd El Fida - Casablanca 1er ét.,,,,,,,,,,,Boughaidi Najlaa,e-rdv.ma
Dr Ismail Ismail,cardiology,Casablanca,,bd Bir Anzarane - Casablanca hôpital privé International de,,,,,,,,,,,Ismail Ismail,e-rdv.ma
Dr Mahassine El Harras,cardiology,Casablanca,,22 bd Yacoub El Mansour Espace El Mansour bureau 8,,,,,,,,,,,El Harras Mahassine,e-rdv.ma
Dr Karim Cherkaoui,cardiology,Casablanca,,résid. ElHamd imm. BR III B 2°ét. n°3 El Gantour,,,,,,,,,,,Cherkaoui Karim,e-rdv.ma
Dr Ez-zahraa Talhi Fatima,cardiology,Casablanca,,av Mohamed Zefzaf -ex A - Casablanca résid. El Wiaam 8 2éme ét. Anassi,,,,,,,,,,,Talhi Fatima Ez-zahraa,e-rdv.ma
Dr Faouz Bennani,cardiology,Casablanca,Mers Sultan,34 bd Mohamed Zerktouni 2°ét. Quartier mers sultan 1,,,,,,,,,,,Bennani Faouz,e-rdv.ma
Dr Hafsa Chahid,cardiology,Casablanca,,245 avenue du Nil - ex E/M,,,,,,,,,,,Chahid Hafsa,e-rdv.ma
Dr Soumaïa Bensafiddine ElBied,cardiology,Casablanca,,2 rue Cadi Iass - ex Mont Cénis 3°ét. place du Marché,,,,,,,,,,,Bensafiddine ElBied Soumaïa,e-rdv.ma
Dr khalid Mabchouri,cardiology,Casablanca,,76 bd de la Grande Ceinture (h.Mohammadi) résid. El Khair n°123 1°ét.,,,,,,,,,,,Mabchouri khalid,e-rdv.ma
Dr Nouhad Jardi,cardiology,Casablanca,,bd Oued Oum Errabia 3 rue 61 2°ét.,,,,,,,,,,,Jardi Nouhad,e-rdv.ma
Dr Kenza Benmallem,cardiology,Casablanca,,273 bd El Moutanna Benharita - ex D - Casablanca 1°ét. bloc Attakadoum,,,,,,,,,,,Benmallem Kenza,e-rdv.ma
Dr Hassan Elamar,cardiology,Casablanca,Anfa,158 bd d' Anfa,,,,,,,,,,,Elamar Hassan,e-rdv.ma
Dr Kamal Belmadani,cardiology,Casablanca,,avenue du Deux Mars ang. bd Al Qods résid. Al Majd imm. I 1° ét. n°6,,,,,,,,,,,Belmadani Kamal,e-rdv.ma
Dr Aziza Laarje,cardiology,Casablanca,,bd El Qods ang. bd Haifa résid. Ryad Al Qods 1er ét.,,,,,,,,,,,Laarje Aziza,e-rdv.ma
Dr Fayçal Boughaleb,cardiology,Casablanca,,24 boulevard Rachidi 3°ét. Branes,,,,,,,,,,,Boughaleb Fayçal,e-rdv.ma
Dr Anis Kadi,cardiology,Casablanca,,39 rue Abou Amr Ben Alaa ex- Vouzier ang. bd Emile Zola 3°ét. appt n°7,,,,,,,,,,,Kadi Anis,e-rdv.ma
Dr Imane Zouir,cardiology,Casablanca,,hay Sadri (Bournazel) grp. 4 rue 11 n°140,,,,,,,,,,,Zouir Imane,e-rdv.ma
Dr Chadia Bencheqroun,cardiology,Casablanca,Anfa,63 bd d' Anfa ang. Washington,,,,,,,,,,,Bencheqroun Chadia,e-rdv.ma
Dr Tahri Joutey Hind,cardiology,Casablanca,,55 bd Mohamed Zerktouni - Casablanca 3°ét. appt. n°9 Qu. les Hôpitaux,,,,,,,,,,,Joutey Hind Tahri,e-rdv.ma
Dr Driss Kabbage,cardiology,Casablanca,,60 rue de Smyrne,,,,,,,,,,,Kabbage Driss,e-rdv.ma
Dr Mekki Essalai,cardiology,Casablanca,,12 rue Ibn Batouta,,,,,,,,,,,Essalai Mekki,e-rdv.ma
Dr Fayçal Sebti,cardiology,Casablanca,,avenue Mohamed Bouziane - Casablanca résid. Farhatine imm. 4 1°ét. appt. 3,,,,,,,,,,,Sebti Fayçal,e-rdv.ma
Dr Hajar Guennioui,cardiology,Casablanca,,101 bd Yacoub El Mansour - Casablanca Business Square 2ème étage,,,,,,,,,,,Guennioui Hajar,e-rdv.ma
Dr Mohamed Sabry,cardiology,Casablanca,,10 bd Oued Moulouya - Casablanca Sami centre lot Selouane 2ème ét. n°20,,,,,,,,,,,Sabry Mohamed,e-rdv.ma
Dr Abdesselam Sebti,cardiology,Casablanca,,134 av Hassan Seghir ang. rue Attabari,,,,,,,,,,,Sebti Abdesselam,e-rdv.ma
Dr Ilham ElJaoui,cardiology,Casablanca,,58 rue Moussa Ibn Noussair,,,,,,,,,,,ElJaoui Ilham,e-rdv.ma
Dr Abdelhak Benseddik,cardiology,Casablanca,,rue de la Sécurité sociale -ex Jules Grévy - Casablanca Polyclinique CNSS,,,,,,,,,,,Benseddik Abdelhak,e-rdv.ma
Dr Amine Jirari,cardiology,Casablanca,Anfa,75 bd d' Anfa ang. rue Clos de provence appt.C6 6°ét,,,,,,,,,,,Jirari Amine,e-rdv.ma
Dr Ali ElMakhlouf,cardiology,Casablanca,,5 bd Mohamed Abdou résid. Le Parc appt. 2 Ville Nouvelle,,,,,,,,,,,ElMakhlouf Ali,e-rdv.ma
Dr Najoua Yamoul,cardiology,Casablanca,,344 avenue Oued Daoura 1°ét. appt n°3 lot Haj Fath,,,,,,,,,,,Yamoul Najoua,e-rdv.ma
Dr Rachid Joundy,cardiology,Casablanca,,417 avenue Souhaib Erroumi -ex H 1°ét.,,,,,,,,,,,Joundy Rachid,e-rdv.ma
Dr Abdelilah Abbour,dermatology,Casablanca,,"☆ ☆ ☆ ☆ ☆ (0 avis) <div class=""result-s",,,,,,,,,,,Abbour Abdelilah,telecontact.ma
Dr Omar Abouyoub,dermatology,Casablanca,,"☆ ☆ ☆ ☆ ☆ (0 avis) <div class=""result-search-ite",,,,,,,,,,,Abouyoub Omar,telecontact.ma
Dr Nisrine Adouan,dermatology,Casablanca,,"☆ ☆ ☆ ☆ ☆ (0 avis) <div class=""result-search",,,,,,,,,,,Adouan Nisrine,telecontact.ma
Dr Aziza Afailal,dermatology,Casablanca,,"☆ ☆ ☆ ☆ ☆ (0 avis) <div class=""result-search-ite",,,,,,,,,,,Afailal Aziza,telecontact.ma
Dr Rkia Ajaaouani,dermatology,Casablanca,,"☆ ☆ ☆ ☆ ☆ (0 avis) <div class=""result-search",,,,,,,,,,,Ajaaouani Rkia,telecontact.ma
Dr Malika Ajbabdi,dermatology,Casablanca,,"☆ ☆ ☆ ☆ ☆ (0 avis) <div class=""result-search",,,,,,,,,,,Ajbabdi Malika,telecontact.ma
Dr Siham Alaoui Elhassani,dermatology,Casablanca,,☆ ☆ ☆ ☆ ☆ (0 avis) <d,,,,,,,,,,,Alaoui Elhassani Siham,telecontact.ma
Dr Maha Alj,dermatology,Casablanca,,"☆ ☆ ☆ ☆ ☆ (0 avis) <div class=""result-search-item-non-annonceur",,,,,,,,,,,Alj Maha,telecontact.ma
Dr Souad Allali Gofti,dermatology,Casablanca,,"☆ ☆ ☆ ☆ ☆ (0 avis) <div class=""re",,,,,,,,,,,Allali Gofti Souad,telecontact.ma
Dr Hajar Amarouch Bouslikhane,dermatology,Casablanca,,☆ ☆ ☆ ☆ ☆ (0 avis) <,,,,,,,,,,,Amarouch Bouslikhane Hajar,telecontact.ma
Dr Yassine Aouani,dermatology,Casablanca,,"☆ ☆ ☆ ☆ ☆ (0 avis) <div class=""result-search",,,,,,,,,,,Aouani Yassine,telecontact.ma
Dr Lamiae Araqi Houssaini,dermatology,Casablanca,,☆ ☆ ☆ ☆ ☆ (0 avis) <d,,,,,,,,,,,Araqi Houssaini Lamiae,telecontact.ma
Dr Ahlam Asriri,dermatology,Casablanca,,"☆ ☆ ☆ ☆ ☆ (0 avis) <div class=""result-search-item-n",,,,,,,,,,,Asriri Ahlam,telecontact.ma
Dr Najat Atide,dermatology,Casablanca,,"☆ ☆ ☆ ☆ ☆ (0 avis) <div class=""result-search-item-non",,,,,,,,,,,Atide Najat,telecontact.ma
Dr Fouzia Barrada Fatma,dermatology,Casablanca,,☆ ☆ ☆ ☆ ☆ (0 avis) <div cla,,,,,,,,,,,Barrada Fatma Fouzia,telecontact.ma
Dr Fouad Belahmer Med,dermatology,Casablanca,,★ ★ ★ ★ ☆ (1 avis) <div cla,,,,,,,,,,,Belahmer Med Fouad,telecontact.ma
Dr Abderrahman Belhoucine Drissi,dermatology,Casablanca,,☆ ☆ ☆ ☆ ☆ (0 avis) </d,,,,,,,,,,,Belhoucine Drissi Abderrahman,telecontact.ma
Dr Lamia Belloul,dermatology,Casablanca,,"☆ ☆ ☆ ☆ ☆ (0 avis) <div class=""result-search-ite",,,,,,,,,,,Belloul Lamia,telecontact.ma
Dr Samira Belyamani,dermatology,Casablanca,,"☆ ☆ ☆ ☆ ☆ (0 avis) <div class=""result-s",,,,,,,,,,,Belyamani Samira,telecontact.ma
Dr Atika Adraoui Yamani,dermatology,Mohammedia,Mohammedia,☆ ☆ ☆ ☆ ☆ (0 avis) <div cla,,,,,,,,,,,Adraoui Yamani Atika,telecontact.ma
Dr Imane Biaz,dermatology,Mohammedia,Mohammedia,"☆ ☆ ☆ ☆ ☆ (0 avis) <div class=""result-search-item-non-ann",,,,,,,,,,,Biaz Imane,telecontact.ma
Dr Fatiha El Farkh H'midouche,dermatology,Mohammedia,Mohammedia,☆ ☆ ☆ ☆ ☆ (0 avis) <,,,,,,,,,,,El Farkh H'midouche Fatiha,telecontact.ma
Dr Madiha El Jazouly,dermatology,Mohammedia,Mohammedia,"☆ ☆ ☆ ☆ ☆ (0 avis) <div class=""resul",,,,,,,,,,,El Jazouly Madiha,telecontact.ma
Dr Kamelia Jawhari Idrissi Lalla,dermatology,Mohammedia,Mohammedia,☆ ☆ ☆ ☆ ☆ (0 avis) </d,,,,,,,,,,,Jawhari Idrissi Lalla Kamelia,telecontact.ma
Dr Amal Kerouach,dermatology,Mohammedia,Mohammedia,"☆ ☆ ☆ ☆ ☆ (0 avis) <div class=""result-search-ite",,,,,,,,,,,Kerouach Amal,telecontact.ma
Dr Samir Khadir,dermatology,Mohammedia,Mohammedia,"☆ ☆ ☆ ☆ ☆ (0 avis) <div class=""result-search-item-n",,,,,,,,,,,Khadir Samir,telecontact.ma
Dr Amina Kissou,dermatology,Mohammedia,Mohammedia,"☆ ☆ ☆ ☆ ☆ (0 avis) <div class=""result-search-item-n",,,,,,,,,,,Kissou Amina,telecontact.ma
Dr Wafaa Labbardi,dermatology,Mohammedia,Mohammedia,"☆ ☆ ☆ ☆ ☆ (0 avis) <div class=""result-search",,,,,,,,,,,Labbardi Wafaa,telecontact.ma
Dr Moha Lmortaji,dermatology,Mohammedia,Mohammedia,"☆ ☆ ☆ ☆ ☆ (0 avis) <div class=""result-search-ite",,,,,,,,,,,Lmortaji Moha,telecontact.ma
Dr Kenza Rhissassi,dermatology,Mohammedia,Mohammedia,"☆ ☆ ☆ ☆ ☆ (0 avis) <div class=""result-sear",,,,,,,,,,,Rhissassi Kenza,telecontact.ma
Dr Ali Fellahi,dermatology,Casablanca,,av. Mokhtar Ben Ahmed Guernaoui grp. 115 n°5,,,,,,,,,,,Fellahi Ali,e-rdv.ma
Dr Majid Lahlou,dermatology,Casablanca,,72 rue Ahmed El Mejatti -ex Alpes 2°étage,,,,,,,,,,,Lahlou Majid,e-rdv.ma
Dr Samira ElHaimeur Bentounsi,dermatology,Casablanca,,653 bd de Goulmima résid. Louvre 5 1°ét. n°3 Hassan,,,,,,,,,,,ElHaimeur Bentounsi Samira,e-rdv.ma
Dr Kaoutar Janati,dermatology,Casablanca,Hay Hassani,lotiss. Moulay Thami résid. Charaf II Ryad Hay Hassani 1°ét.,,,,,,,,,,,Janati Kaoutar,e-rdv.ma
Dr Ghizlane Korchi,dermatology,Casablanca,,avenue Akid Allam résid. Annakhla 2 2°ét. appt. n°5,,,,,,,,,,,Korchi Ghizlane,e-rdv.ma
Dr Sofia Elmesbahi,dermatology,Casablanca,,bd El Qods résid. Ryad Al Qods GH3 imm.1n°6,,,,,,,,,,,Elmesbahi Sofia,e-rdv.ma
Dr Ibtissam Benjdya,dermatology,Casablanca,,67 rue El Fourat-ex Roncevaux résid. Bernaben 3°ét. n°5,,,,,,,,,,,Benjdya Ibtissam,e-rdv.ma
Dr Saïd Berrada,dermatology,Casablanca,,338 avenue du Cdt Driss Lharti - ex A cité Djemaâ,,,,,,,,,,,Berrada Saïd,e-rdv.ma
Dr Sanaa Hannoud Chaoui,dermatology,Casablanca,,408 bd Mohamed Zerktouni résid. Listikrar A 2°ét. appt. 7 Hassan,,,,,,,,,,,Hannoud Chaoui Sanaa,e-rdv.ma
Dr Zineb Guessous,dermatology,Casablanca,,bd Brahim Roudani -ex route El Jadida c. com. Nadia imm.2 1°ét. n°4,,,,,,,,,,,Guessous Zineb,e-rdv.ma
Dr Driss Oudad,dermatology,Casablanca,,104 X bd Abdelmoumen résid. Acapulco 1°ét. n°101,,,,,,,,,,,Oudad Driss,e-rdv.ma
Dr Zahra Nasreddine Fatima,dermatology,Casablanca,,av Mohamed Zefzaf -ex A - Casablanca résid. Arrayane II 2°ét.,,,,,,,,,,,Nasreddine Fatima Zahra,e-rdv.ma
Dr Asmaa El Kissouni,dermatology,Casablanca,,170 bd Taza - Casablanca 1°ét.,,,,,,,,,,,El Kissouni  Asmaa,e-rdv.ma
Dr Ghita Sami,dermatology,Casablanca,,241 bd Emile Zola - Casablanca 4°ét. appt. 7,,,,,,,,,,,Sami Ghita,e-rdv.ma
Dr Nadia Kadiri,dermatology,Casablanca,,141 avenue Moulay Hassan 1er 1°ét. Branes,,,,,,,,,,,Kadiri Nadia,e-rdv.ma
Dr Laila Iraqi,dermatology,Casablanca,,234 bd de Témara 1°ét.,,,,,,,,,,,Iraqi Laila,e-rdv.ma
Dr Iman Hassar,dermatology,Casablanca,,868 bd Mohammed VI résid. Ennasr GH II 4° ét. appt. 14,,,,,,,,,,,Hassar Iman,e-rdv.ma
Dr Khalid Lamniai,dermatology,Casablanca,Errahma,bd Abdelhadi Boutaleb ex Azemmour ang. Sidi Abderrahman imm. communal 2°ét. n°7 A Farah 1,,,,,,,,,,,Lamniai Khalid,e-rdv.ma
Dr Latifa Moussaid,dermatology,Casablanca,,193 bd Oued Oum Errabia résid. Oum Errabia appt. n°15,,,,,,,,,,,Moussaid Latifa,e-rdv.ma
Dr Jamil Bennouna Zhar,dermatology,Casablanca,,59 avenue Mohamed Bouziane résid. Farhatine 2,,,,,,,,,,,Bennouna Zhar Jamil,e-rdv.ma
Dr Hafssa Chehab,dermatology,Casablanca,,5 bd Panoramique,,,,,,,,,,,Chehab Hafssa,e-rdv.ma
Dr Badia Gharbi,dermatology,Casablanca,,223 bd Abdelmoumen résid. Réda Abdelmoumen 2°ét. appt.10,,,,,,,,,,,Gharbi Badia,e-rdv.ma
Dr Colette Locatelli,dermatology,Casablanca,,45 rue de l' Atlas (Mâarif) 1°ét.,,,,,,,,,,,Locatelli Colette,e-rdv.ma
Dr Houria Hamdi Benali,dermatology,Casablanca,,356 rue Mostapha El Maani 2°ét. Bettania,,,,,,,,,,,Hamdi Benali Houria,e-rdv.ma
Dr Yasmine Slimani,dermatology,Casablanca,,78 bd Abdelmoumen - Casablanca ang. rue. Arrachati Capital Office 4°ét.,,,,,,,,,,,Slimani Yasmine,e-rdv.ma
Dr Fadwa Lahlou,dermatology,Casablanca,,1 bd Anoual -ex Felix Faure ang. bd Abdelkrim Raiss résid. Abdelmoumen imm.10 1°ét.,,,,,,,,,,,Lahlou Fadwa,e-rdv.ma
Dr Abdellah Mortaki,dermatology,Casablanca,,131 bd Abdelmoumen résid. Jawharat Abdelmoumen 3°ét.n °10,,,,,,,,,,,Mortaki Abdellah,e-rdv.ma
Dr Imane Bennani,dermatology,Casablanca,Errahma,64 bd Sidi Abderrahman -ex Gde. Ceinture résid. Misselma 3°ét.,,,,,,,,,,,Bennani Imane,e-rdv.ma
Dr Zahra Debbarh Fatima,dermatology,Casablanca,,35 rue Zineb Ishak Riad Ibn Tachafine. n°29,,,,,,,,,,,Debbarh Fatima Zahra,e-rdv.ma
Dr Maryem Rimaoui,dermatology,Casablanca,,74 bd Oued Ouargha - Casablanca Bir Rami Est,,,,,,,,,,,Rimaoui Maryem,e-rdv.ma
Dr Mohamed Laglaoui Bakhiyi,dermatology,Casablanca,,11 rue Allal Ben Abdallah 3°ét. Aïn Chok,,,,,,,,,,,Laglaoui Bakhiyi Mohamed,e-rdv.ma
Dr Selma ElBadir,dermatology,Casablanca,,7 rue Cadi Iass - ex Mont Cénis résid. Wassia 2°ét.,,,,,,,,,,,ElBadir Selma,e-rdv.ma
Dr Mohamed Bou-Ouhrich,dermatology,Casablanca,El Fida,356 bd El Fida 2°ét.,,,,,,,,,,,Bou-Ouhrich Mohamed,e-rdv.ma
Dr Sofia Sefrioui Chaoui,dermatology,Casablanca,Mers Sultan,196 avenue Mers Sultan 2°ét. Bettania,,,,,,,,,,,Sefrioui Chaoui Sofia,e-rdv.ma
Dr Zohra Elwady Fatima,dermatology,Casablanca,,21 place Louis Pasteur -ex Charles Nicolle 4°ét. appt.16,,,,,,,,,,,Elwady Fatima Zohra,e-rdv.ma
Dr Mostafa ElKassouani,dermatology,Casablanca,Sidi Maârouf,bd El Qods (Sidi Maârouf) ang. av. Abou Bakr El Kadiri,,,,,,,,,,,ElKassouani Mostafa,e-rdv.ma
Dr Zahra Kettani Fatima,dermatology,Casablanca,Anfa,79 bd d' Anfa - Casablanca ang. rue Jabir Ibn Hayan,,,,,,,,,,,Kettani Fatima Zahra,e-rdv.ma
Dr Houyam Moundib,dermatology,Casablanca,,10 lotiss. Moulay Thami - Casablanca bd Oum Rabii 1°ét. n°2,,,,,,,,,,,Moundib Houyam,e-rdv.ma
Dr Siham Mkinsi Bargach,dermatology,Casablanca,,rue du Marché résid. Benomar porte D 2°ét. appt.2,,,,,,,,,,,Mkinsi Bargach Siham,e-rdv.ma
Dr Soumia El Mabady,dermatology,Casablanca,,lot. Jaouhara imm. F5 n°2,,,,,,,,,,,El Mabady Soumia,e-rdv.ma
Dr Rachida Naciri,dermatology,Casablanca,,132 avenue Hassan II 5°ét. Ville Nouvelle,,,,,,,,,,,Naciri Rachida,e-rdv.ma
Dr Naïma Id Hmida,dermatology,Casablanca,,310 avenue Oued Dahab (cité Jemâa) Jamila 7 1°ét.,,,,,,,,,,,Id Hmida Naïma,e-rdv.ma
Dr Said Skali,dermatology,Casablanca,Mers Sultan,132 rue Mostapha El Maani 2°ét. Quartier mers sultan 1,,,,,,,,,,,Skali Said,e-rdv.ma
Dr Faouzia Smahi Zaoui,dermatology,Casablanca,,27 rue Ilya Abou Madi -ex Buffon,,,,,,,,,,,Smahi Zaoui Faouzia,e-rdv.ma
Dr Leïla Benamar,dermatology,Casablanca,Bourgogne,150 bd de Bourgogne résid. Firas Jassim 1°ét. n°2 Hassan,,,,,,,,,,,Benamar Leïla,e-rdv.ma
Dr Samia Ouhajjou,dermatology,Casablanca,,bd Abou Bakr El Kadiri résid. Naim imm. 7 n°4 2°ét.,,,,,,,,,,,Ouhajjou Samia,e-rdv.ma
Dr Victory Devico,dermatology,Casablanca,,218 bd Ambassadeur Ben Aïcha 1°ét.,,,,,,,,,,,Devico Victory,e-rdv.ma
Dr Hind Ramid,dermatology,Casablanca,,bd El Qods - Casablanca résid. les Princes imm. B 2°ét. n°6,,,,,,,,,,,Ramid Hind,e-rdv.ma
Dr Samira Mansouri,dermatology,Casablanca,,17 bd Bir Anzarane - ex Danton Résid. Ibnou Nafiss 2°ét.,,,,,,,,,,,Mansouri Samira,e-rdv.ma
Dr Amina Lahrichi,dermatology,Casablanca,,239 bd Moulay Youssef - Casablanca ang. rue Nadud 5°ét. appt. 10 Hassan,,,,,,,,,,,Lahrichi Amina,e-rdv.ma
Dr Kenza El Ghrari,dermatology,Casablanca,,175 rue Boukraa -ex Jules Mauran résid. Houssam Jassim 2°ét. Hassan,,,,,,,,,,,El Ghrari Kenza,e-rdv.ma
Dr Houria Boufaim Chraïbi,dermatology,Casablanca,,319 rue Mostapha El Maani 1°ét. Bettania,,,,,,,,,,,Boufaim Chraïbi Houria,e-rdv.ma
Dr Mouna Jamali,dermatology,Casablanca,,cité Chabab grp. 4 3°ét. appt. 10 El Gantour,,,,,,,,,,,Jamali Mouna,e-rdv.ma
Dr Rachid Jarmouni Idrissi,dermatology,Casablanca,,203 bd Mohamed Zerktouni résid. Benham 4°ét.,,,,,,,,,,,Jarmouni Idrissi Rachid,e-rdv.ma
Dr Wissal El Soussi Ait Said,dermatology,Casablanca,,741 avenue du Deux Mars - Casablanca 2°ét. Andalouss III,,,,,,,,,,,El Soussi Ait Said Wissal,e-rdv.ma
Dr Hanane Elkorchi,dermatology,Casablanca,El Fida,11 bd de la Grande ceinture (El Fida) 1°ét. n°1 Idrissia 4,,,,,,,,,,,Elkorchi Hanane,e-rdv.ma
Dr Hind Haim,dermatology,Casablanca,,165 bd Abdelmoumen résid. les Champs Center imm. A 4°ét. appt. n°5,,,,,,,,,,,Haim Hind,e-rdv.ma
Dr Zahra Oumiddoch Fatima,dermatology,Casablanca,,rue Ahmed El Mejatti -ex Alpes - Casablanca ang. rue Kadi Iass,,,,,,,,,,,Oumiddoch Fatima Zahra,e-rdv.ma
Dr Fatna Nejjam,dermatology,Casablanca,,293 bd Abdelmoumen résid. Marjana 2°ét n°2,,,,,,,,,,,Nejjam Fatna,e-rdv.ma
Dr Ouafae Benhiba,dermatology,Casablanca,,bd Tantan -ex Monte carlo ang. bd Mohamed Sijelmassi Hassan,,,,,,,,,,,Benhiba Ouafae,e-rdv.ma
Dr Salwa Chaoui El faiz,dermatology,Casablanca,,38 bd Bir Anzarane - Casablanca Résid. Ennour 1°ét.,,,,,,,,,,,Chaoui El faiz Salwa,e-rdv.ma
Dr Mohja Ouadfel,dermatology,Casablanca,,1 rue Abou Hadil Allaf -ex Rostand,,,,,,,,,,,Ouadfel Mohja,e-rdv.ma
Dr Khadija Raji,dermatology,Casablanca,Hay Hassani,392 bd d' Afghanistan (hay Hassani) bloc 501 1°ét. Farah 1,,,,,,,,,,,Raji Khadija,e-rdv.ma
Dr Hakima Lakhdar,dermatology,Casablanca,,275 bd Mohamed Zerktouni,,,,,,,,,,,Lakhdar Hakima,e-rdv.ma
Dr Rachida Saqi,dermatology,Casablanca,,12 avenue Hassan Souktani,,,,,,,,,,,Saqi Rachida,e-rdv.ma
Dr Imane Khrichfa,dermatology,Casablanca,,9 rue El Bachir Laalej -ex F. Ponsard - Casablanca résid. Oushman 1 1°ét. appt n°6,,,,,,,,,,,Khrichfa Imane,e-rdv.ma
Dr Laila Daoui,dermatology,Casablanca,,100 bd Moulay Idriss 1er,,,,,,,,,,,Daoui Laila,e-rdv.ma
Dr Amina Latifi halli,dermatology,Casablanca,,102 bd Oued Oum Errabia résid. Selma 1° ét,,,,,,,,,,,Latifi halli Amina,e-rdv.ma
Dr Fadwa Maliani,dermatology,Casablanca,,36 rue des Eperviers résid. Villa Houda Riviera,,,,,,,,,,,Maliani Fadwa,e-rdv.ma
Dr Abdelmajid Berrada,dermatology,Casablanca,Mers Sultan,62 bd du Onze Janvier 3°ét. Quartier mers sultan 1,,,,,,,,,,,Berrada Abdelmajid,e-rdv.ma
Dr Ahmad Daaboul,dermatology,Casablanca,,778 bd El Qods hay Chrifa q. Mandarouna 1°ét. appt. n°1,,,,,,,,,,,Daaboul Ahmad,e-rdv.ma
Dr Tam ElOuazzani Ech-Chahdi,dermatology,Casablanca,,75 bd Massira El Khadra -ex Camille,,,,,,,,,,,ElOuazzani Ech-Chahdi Tam,e-rdv.ma
Dr Mounia Sefrioui,dermatology,Casablanca,,240 avenue du Deux Mars 1°ét. Riad ElAli,,,,,,,,,,,Sefrioui Mounia,e-rdv.ma
Dr Noureddine Bennani,dermatology,Casablanca,,180 bd Oued Sebou ang. bd Oum Rabie,,,,,,,,,,,Bennani Noureddine,e-rdv.ma
Dr Zakia Khalil,dermatology,Casablanca,,199 bd Bir Anzarane - ex Danton résid. El Walida 2°ét. n° 7,,,,,,,,,,,Khalil Zakia,e-rdv.ma
Dr Sara Mjahed Najid,dermatology,Casablanca,,18 Lot. Saâd El Khair 24 HH résid. Al Hamd imm. D 1°ét. n°2,,,,,,,,,,,Mjahed Najid Sara,e-rdv.ma
Dr Oumayma Kamal Idrissi,dermatology,Casablanca,,bd Moulay Ismaïl - Casablanca Signature Centre Imm 9 3°ét. n°13,,,,,,,,,,,Kamal Idrissi Oumayma,e-rdv.ma
Dr Mohamed Aboutika,gynecology,Casablanca,,"☆ ☆ ☆ ☆ ☆ (0 avis) <div class=""result-s",,,,,,,,,,,Aboutika Mohamed,telecontact.ma
Dr Eddine Achour Nour,gynecology,Casablanca,,"☆ ☆ ☆ ☆ ☆ (0 avis) <div class=""re",,,,,,,,,,,Achour Nour Eddine,telecontact.ma
Dr Lamia Addahre Ben Younes,gynecology,Casablanca,,☆ ☆ ☆ ☆ ☆ (0 avis),,,,,,,,,,,Addahre Ben Younes Lamia,telecontact.ma
Dr Adnane Afifi,gynecology,Casablanca,,"☆ ☆ ☆ ☆ ☆ (0 avis) <div class=""result-search-item-n",,,,,,,,,,,Afifi Adnane,telecontact.ma
Dr Saâd Agoumi,gynecology,Casablanca,,"☆ ☆ ☆ ☆ ☆ (0 avis) <div class=""result-search-item-non",,,,,,,,,,,Agoumi Saâd,telecontact.ma
Dr Mouna Ajbabdi El Bouaanani,gynecology,Casablanca,,☆ ☆ ☆ ☆ ☆ (0 avis) <,,,,,,,,,,,Ajbabdi El Bouaanani Mouna,telecontact.ma
Dr Abdelhak Alami Chaouni,gynecology,Casablanca,,☆ ☆ ☆ ☆ ☆ (0 avis) <d,,,,,,,,,,,Alami Chaouni Abdelhak,telecontact.ma
Dr Mohammed Alami,gynecology,Casablanca,,"☆ ☆ ☆ ☆ ☆ (0 avis) <div class=""result-search",,,,,,,,,,,Alami Mohammed,telecontact.ma
Dr Khadija Amouzigh,gynecology,Casablanca,,"☆ ☆ ☆ ☆ ☆ (0 avis) <div class=""result-s",,,,,,,,,,,Amouzigh Khadija,telecontact.ma
Dr Imane Amrani,gynecology,Casablanca,,"☆ ☆ ☆ ☆ ☆ (0 avis) <div class=""result-search-item-n",,,,,,,,,,,Amrani Imane,telecontact.ma
Dr Mounia Arazzakou Alaoui,gynecology,Casablanca,,☆ ☆ ☆ ☆ ☆ (0 avis),,,,,,,,,,,Arazzakou Alaoui Mounia,telecontact.ma
Dr Jalal Aribal,gynecology,Casablanca,,"☆ ☆ ☆ ☆ ☆ (0 avis) <div class=""result-search-item-n",,,,,,,,,,,Aribal Jalal,telecontact.ma
Dr Oumeyma Baroud,gynecology,Casablanca,,"☆ ☆ ☆ ☆ ☆ (0 avis) <div class=""result-search",,,,,,,,,,,Baroud Oumeyma,telecontact.ma
Dr Ghizlane Bassir,gynecology,Casablanca,,"☆ ☆ ☆ ☆ ☆ (0 avis) <div class=""result-se",,,,,,,,,,,Bassir Ghizlane,telecontact.ma
Dr Larbi Batras,gynecology,Casablanca,,"☆ ☆ ☆ ☆ ☆ (0 avis) <div class=""result-search-item-n",,,,,,,,,,,Batras Larbi,telecontact.ma
Dr Ahmed Bayed,gynecology,Casablanca,,"☆ ☆ ☆ ☆ ☆ (0 avis) <div class=""result-search-item-non",,,,,,,,,,,Bayed Ahmed,telecontact.ma
Dr Zakaria Bechar,gynecology,Casablanca,,"☆ ☆ ☆ ☆ ☆ (0 avis) <div class=""result-search",,,,,,,,,,,Bechar Zakaria,telecontact.ma
Dr Mohamed Bekkay,gynecology,Casablanca,,"☆ ☆ ☆ ☆ ☆ (0 avis) <div class=""result-search",,,,,,,,,,,Bekkay Mohamed,telecontact.ma
Dr Mariya Abuna,gynecology,Mohammedia,Mohammedia,"☆ ☆ ☆ ☆ ☆ (0 avis) <div class=""result-search-item-n",,,,,,,,,,,Abuna Mariya,telecontact.ma
Dr Mostapha Afiri,gynecology,Mohammedia,Mohammedia,"☆ ☆ ☆ ☆ ☆ (0 avis) <div class=""result-search",,,,,,,,,,,Afiri Mostapha,telecontact.ma
Dr Hicham Alami,gynecology,Mohammedia,Mohammedia,"★ ★ ★ ★ ★ (1 avis) <div class=""result-sea",,,,,,,,,,,Alami Hicham,telecontact.ma
Dr Rachida Azirar,gynecology,Mohammedia,Mohammedia,"☆ ☆ ☆ ☆ ☆ (0 avis) <div class=""result-searc",,,,,,,,,,,Azirar Rachida,telecontact.ma
Dr Morad Benomar Mohamed,gynecology,Mohammedia,Mohammedia,☆ ☆ ☆ ☆ ☆ (0 avis) <div,,,,,,,,,,,Benomar Mohamed Morad,telecontact.ma
Dr Badia Benslimane,gynecology,Mohammedia,Mohammedia,"☆ ☆ ☆ ☆ ☆ (0 avis) <div class=""result-s",,,,,,,,,,,Benslimane Badia,telecontact.ma
Dr Majdouline Boujoual,gynecology,Mohammedia,Mohammedia,☆ ☆ ☆ ☆ ☆ (0 avis) <div class=,,,,,,,,,,,Boujoual Majdouline,telecontact.ma
Dr Ouafae El Jebari,gynecology,Mohammedia,Mohammedia,"☆ ☆ ☆ ☆ ☆ (0 avis) <div class=""result-s",,,,,,,,,,,El Jebari Ouafae,telecontact.ma
Dr Imad El Kouarty,gynecology,Mohammedia,Mohammedia,"☆ ☆ ☆ ☆ ☆ (0 avis) <div class=""result-sear",,,,,,,,,,,El Kouarty Imad,telecontact.ma
Dr Kamal El Mouatacim,gynecology,Mohammedia,Mohammedia,"★ ☆ ☆ ☆ ☆ (2 avis) <div class=""",,,,,,,,,,,El Mouatacim Kamal,telecontact.ma
Dr Lahcen Falaq,gynecology,Mohammedia,Mohammedia,"☆ ☆ ☆ ☆ ☆ (0 avis) <div class=""result-search-item-n",,,,,,,,,,,Falaq Lahcen,telecontact.ma
Dr Mustapha Jemmali,gynecology,Mohammedia,Mohammedia,"☆ ☆ ☆ ☆ ☆ (0 avis) <div class=""result-s",,,,,,,,,,,Jemmali Mustapha,telecontact.ma
Dr Hicham Kammouri Alami,gynecology,Mohammedia,Mohammedia,☆ ☆ ☆ ☆ ☆ (0 avis) <di,,,,,,,,,,,Kammouri Alami Hicham,telecontact.ma
Dr Mohamed Nabih,gynecology,Mohammedia,Mohammedia,"☆ ☆ ☆ ☆ ☆ (0 avis) <div class=""result-search-ite",,,,,,,,,,,Nabih Mohamed,telecontact.ma
Dr Ismaïl Raoui Moulay,gynecology,Mohammedia,Mohammedia,☆ ☆ ☆ ☆ ☆ (0 avis) <div class=,,,,,,,,,,,Raoui Moulay Ismaïl,telecontact.ma
Dr Rim Samhari,gynecology,Mohammedia,Mohammedia,"☆ ☆ ☆ ☆ ☆ (0 avis) <div class=""result-search-item-non",,,,,,,,,,,Samhari Rim,telecontact.ma
Dr Najia Sebaï,gynecology,Mohammedia,Mohammedia,"☆ ☆ ☆ ☆ ☆ (0 avis) <div class=""result-search-item-non",,,,,,,,,,,Sebaï Najia,telecontact.ma
Dr Ahmed Tahiri Joutey,gynecology,Mohammedia,Mohammedia,☆ ☆ ☆ ☆ ☆ (0 avis) <div class=,,,,,,,,,,,Tahiri Joutey Ahmed,telecontact.ma
Dr Najlaa Oumari,gynecology,Casablanca,,140 bd d' Afghanistan 1°ét. Farah 1,,,,,,,,,,,Oumari Najlaa,e-rdv.ma
Dr Badaoui Belafia El,gynecology,Casablanca,,hay Anassi résid. Riad Alfoutouh Machroua Assalam tranche 45 2°ét.,,,,,,,,,,,Belafia El Badaoui,e-rdv.ma
Dr Abdelilah Lahlou,gynecology,Casablanca,,29 avenue Hassan Souktani 2°ét.,,,,,,,,,,,Lahlou Abdelilah,e-rdv.ma
Dr Ghizlane Benjelloun,gynecology,Casablanca,,95 bd Anoual -ex Felix Faure - Casablanca ang. rue Tabit Bnou Kourra 3°ét. n°34,,,,,,,,,,,Benjelloun Ghizlane,e-rdv.ma
Dr Mohamed Sakkat,gynecology,Casablanca,,bd Yacoub El Mansour résid. Oulmes Offices 1°et. n°3 rue Al Wouroud n°129,,,,,,,,,,,Sakkat Mohamed,e-rdv.ma
Dr Hayat ElAbbassi Bergam,gynecology,Casablanca,Oulfa,lotiss. Al Firdaouss (Oulfa) Gh 25 A 2°ét. appt. n°9,,,,,,,,,,,ElAbbassi Bergam Hayat,e-rdv.ma
Dr Tawfik ElIdrissi Quitouni,gynecology,Casablanca,,98 rue Abou Salt Andaloussi 1°ét,,,,,,,,,,,ElIdrissi Quitouni Tawfik,e-rdv.ma
Dr Faouzia Layachi Tahiri,gynecology,Casablanca,,73 rue Abou Abdellah Nafii -ex Bourbon. 2°ét.,,,,,,,,,,,Layachi Tahiri Faouzia,e-rdv.ma
Dr Ilham Hakim,gynecology,Casablanca,,633 bd de Goulmima 1°ét. n°6 Hassan,,,,,,,,,,,Hakim Ilham,e-rdv.ma
Dr Omar Bennani,gynecology,Casablanca,,11 rue de Blida Rond-point Hassan II résid. Nour 1°ét.,,,,,,,,,,,Bennani Omar,e-rdv.ma
Dr Ali Berrada Mohamed,gynecology,Casablanca,Anfa,158 bd d' Anfa 1°ét.,,,,,,,,,,,Berrada Mohamed Ali,e-rdv.ma
Dr Meriem Serraj Andaloussi,gynecology,Casablanca,Sidi Maarouf,bd Abou Bakr El Kadiri - Casablanca résid. Naim 3°ét. appt. n°11 Sidi Maarouf,,,,,,,,,,,Serraj Andaloussi Meriem,e-rdv.ma
Dr Mohcine Cherkaoui Dekkaki,gynecology,Casablanca,,22 bd Yacoub El Mansour résid. Espace Al Mansour 1°ét. Bur. N°15,,,,,,,,,,,Cherkaoui Dekkaki Mohcine,e-rdv.ma
Dr Touria Skalli Alaoui,gynecology,Casablanca,,264 bd Brahim Roudani -ex rte El Jadida agl. rue des Acacias 1°ét App. n°13,,,,,,,,,,,Skalli Alaoui Touria,e-rdv.ma
Dr Abdelwahab Lemseffer,gynecology,Casablanca,,301 bd Ghandi c/o clinique Riviera 3°ét.,,,,,,,,,,,Lemseffer Abdelwahab,e-rdv.ma
Dr Wassym Senhaji Rhazi,gynecology,Casablanca,Mers Sultan,207 bd Moukaouama - ex Résistance 3°ét. Quartier mers sultan 1,,,,,,,,,,,Senhaji Rhazi Wassym,e-rdv.ma
Dr Sabah Moukhlis,gynecology,Casablanca,Sidi Maarouf,137 bd El Adarissa - Casablanca ang. bd Sidi Maarouf lot Dandoune résid. Znaga,,,,,,,,,,,Moukhlis Sabah,e-rdv.ma
Dr Mariana Milu,gynecology,Casablanca,,117 rue Ibn Mounir - ex Estérel résid. Azzarka 3°ét. appt 22,,,,,,,,,,,Milu Mariana,e-rdv.ma
Dr Abderrahim Jamil,gynecology,Casablanca,,bd El Qods polycl. cnss Inara II,,,,,,,,,,,Jamil Abderrahim,e-rdv.ma
Dr Eddine Benyahya Salah,gynecology,Casablanca,,bd Oued Oum Errabia résid. Dar Essalm imm. 39 n°1 rdc. Essafa,,,,,,,,,,,Benyahya Salah Eddine,e-rdv.ma
Dr Karima Fichtali,gynecology,Casablanca,,185 bd Abdelmoumen - Casablanca 2ème Etage Appt 7,,,,,,,,,,,Fichtali Karima,e-rdv.ma
Dr Wafaâ Chahed Ouazzani,gynecology,Casablanca,,23 rue du Prince Moulay Abdallah 3°ét. Aïn Chok,,,,,,,,,,,Chahed Ouazzani Wafaâ,e-rdv.ma
Dr Abdelhafid Chemaou ElFihri,gynecology,Casablanca,,223 bd Abdelmoumen résid. Réda Abdelmoumen 1°ét. n°1,,,,,,,,,,,Chemaou ElFihri Abdelhafid,e-rdv.ma
Dr Sara Ibnoulkhatib Charai,gynecology,Casablanca,,10 rue Haifa (aïn Chok) - Casablanca résid. California Center 4°ét.,,,,,,,,,,,Ibnoulkhatib Charai Sara,e-rdv.ma
Dr Abdelmajid Benchekroun Belabbes,gynecology,Casablanca,,51 bd Elfilali Hachimi ex Taddert (les Crêtes) lotiss. Bachkou,,,,,,,,,,,Benchekroun Belabbes Abdelmajid,e-rdv.ma
Dr Hasnae Benazzouz,gynecology,Casablanca,,106 bd Taza,,,,,,,,,,,Benazzouz Hasnae,e-rdv.ma
Dr Zineb Rochdi,gynecology,Casablanca,,av Mohamed Zefzaf -ex A résid. Taliby 7 1°ét. appt. n°3,,,,,,,,,,,Rochdi Zineb,e-rdv.ma
Dr Khadija Moujab,gynecology,Casablanca,,avenue Akid Allam résid. Annakhla 7 appt. n°3,,,,,,,,,,,Moujab Khadija,e-rdv.ma
Dr Youssef Boutaleb,gynecology,Casablanca,Anfa,12 rue Mustapha El Manfalouti -Malherbe,,,,,,,,,,,Boutaleb Youssef,e-rdv.ma
Dr Abdelaziz Safrany,gynecology,Casablanca,,36 avenue Souhaib Erroumi -ex H bloc 50 Mansour 1 1°ét.,,,,,,,,,,,Safrany Abdelaziz,e-rdv.ma
Dr Abdelilah Chenfouri,gynecology,Casablanca,,304 avenue du Deux Mars 1°ét.,,,,,,,,,,,Chenfouri Abdelilah,e-rdv.ma
Dr Aicha Hakdaoui,gynecology,Casablanca,,avenue de Dakhla -ex H (Inara) résid. Espace Chrifa imm. A n° 3,,,,,,,,,,,Hakdaoui Aicha,e-rdv.ma
Dr Siham Mouffak,gynecology,Casablanca,,av Oued Tensift - Casablanca rue 117 n°32 Farah 1,,,,,,,,,,,Mouffak Siham,e-rdv.ma
Dr Allah ElAmin Ataa,gynecology,Casablanca,Sidi Bernoussi,hay El Qods (Sidi Bernoussi) quartier Moubaraka imm.24 n°1,,,,,,,,,,,ElAmin Ataa Allah,e-rdv.ma
Dr Anas Hamdouch,gynecology,Casablanca,,192 bd Mohamed Zerktouni résid. Baghdad 2°ét.,,,,,,,,,,,Hamdouch Anas,e-rdv.ma
Dr Nadia Zougari Benkhayat,gynecology,Casablanca,,276 bd Ibn Tachfine 1°ét.,,,,,,,,,,,Zougari Benkhayat Nadia,e-rdv.ma
Dr Said Hermas,gynecology,Casablanca,,131 bd Abdelmoumen résid. Jawhara Abdelmoumen appt. 11,,,,,,,,,,,Hermas Said,e-rdv.ma
Dr Moussa Ezzahraoui,gynecology,Casablanca,,111 rue de Ceuta (Sebta) 2°ét.,,,,,,,,,,,Ezzahraoui Moussa,e-rdv.ma
Dr Mourad Yazid,gynecology,Casablanca,,5 rue Galien bd. abdelmoumen résid. Soumaya 2°ét.,,,,,,,,,,,Yazid Mourad,e-rdv.ma
Dr Mohamed Hissane,gynecology,Casablanca,,11 rue Ibn Babik - ex Assas résid. Ghita 1°ét.,,,,,,,,,,,Hissane Mohamed,e-rdv.ma
Dr Nazha Guennouni Assimi,gynecology,Casablanca,,lot. El Mouahidine imm.Mly Driss 1° bloc A 1°ét. bd grande Ceinture,,,,,,,,,,,Guennouni Assimi Nazha,e-rdv.ma
Dr Touria Zaki Oudghiri,gynecology,Casablanca,,63 bd Mohammed V 3°ét. Aïn Chok,,,,,,,,,,,Zaki Oudghiri Touria,e-rdv.ma
Dr Touria Elinani Amine,gynecology,Casablanca,,44 place Nations Unies 3°ét. Aïn Sebaâ,,,,,,,,,,,Elinani Amine Touria,e-rdv.ma
Dr Mariama Maher,gynecology,Casablanca,Sidi Bernoussi,hay El Qods (Sidi Bernoussi) Polycl. Cnss Bernoussi,,,,,,,,,,,Maher Mariama,e-rdv.ma
Dr Zoubida Ellorhaoui,gynecology,Casablanca,,117 rue Mostapha El Maani 1°ét.,,,,,,,,,,,Ellorhaoui Zoubida,e-rdv.ma
Dr Zoubida Touhami,gynecology,Casablanca,,112 X avenue du Cimetière Hassan,,,,,,,,,,,Touhami Zoubida,e-rdv.ma
Dr Soummaya Sibai,gynecology,Casablanca,,205 boulevard Panoramique 1°ét.,,,,,,,,,,,Sibai Soummaya,e-rdv.ma
Dr Abdelati Chorfi,gynecology,Casablanca,,202 bd Abdelmoumen Galerie Abdelmoumen 1°ét. n°5,,,,,,,,,,,Chorfi Abdelati,e-rdv.ma
Dr Zakaria Benhoucham,gynecology,Casablanca,,12 avenue Hassan Souktani 1°ét.,,,,,,,,,,,Benhoucham Zakaria,e-rdv.ma
Dr Khadija Ikouch,gynecology,Casablanca,,54 av Oued Tensift - Casablanca 3ème étg.,,,,,,,,,,,Ikouch Khadija,e-rdv.ma
Dr Abdelhafid Lamrissi,gynecology,Casablanca,,863 route de Médiouna Drissia 3 1°ét.,,,,,,,,,,,Lamrissi Abdelhafid,e-rdv.ma
Dr Mohamed Laghzaoui,gynecology,Casablanca,Errahma,rue Louis Gentil ang. rue Abderrahmane Sahraoui Aïn Chok,,,,,,,,,,,Laghzaoui Mohamed,e-rdv.ma
Dr Amine Himmi,gynecology,Casablanca,,44 rue des Hôpitaux -ex Banaflous 1°ét.,,,,,,,,,,,Himmi Amine,e-rdv.ma
Dr Jamal Chraibi,gynecology,Casablanca,,1075 bd Mohammed VI cplxe Fath Ezhar hay Ifriquia,,,,,,,,,,,Chraibi Jamal,e-rdv.ma
Dr Driss Cheddadi,gynecology,Casablanca,,114 avenue Moulay Hassan 1°er Branes,,,,,,,,,,,Cheddadi Driss,e-rdv.ma
Dr Souad Hajji,gynecology,Casablanca,Sidi Moumen,hay Sidi Moumen rue 14. n°266. 2°ét,,,,,,,,,,,Hajji Souad,e-rdv.ma
Dr Mohamed Zarqaoui,gynecology,Casablanca,,31 rue Jallal Eddine Essayouti pl. des Iris,,,,,,,,,,,Zarqaoui Mohamed,e-rdv.ma
Dr Fathi Chouihi,gynecology,Casablanca,,hay Othmania rue 21 n°67,,,,,,,,,,,Chouihi Fathi,e-rdv.ma
Dr Abderrahmane Belabbas Moulay,gynecology,Casablanca,,18 rue Oumaima Sayah -ex Rolland 3°ét. appt.8,,,,,,,,,,,Belabbas Moulay Abderrahmane,e-rdv.ma
Dr Majida Elhamzaoui,gynecology,Casablanca,Mers Sultan,70 bd Mohamed Zerktouni 1°ét. Quartier mers sultan 1,,,,,,,,,,,Elhamzaoui Majida,e-rdv.ma
Dr Catherine Sablayrolles Bennouna,gynecology,Casablanca,,3 rue Abou Marouan Abdelmalek résid. Hicham 1°ét.,,,,,,,,,,,Sablayrolles Bennouna Catherine,e-rdv.ma
Dr Fadila Morsad Achour,gynecology,Casablanca,,76 bd Abdelmoumen résid. Koutoubia 3°ét.,,,,,,,,,,,Morsad Achour Fadila,e-rdv.ma
Dr Abdelhanine Makhlouk,gynecology,Casablanca,Mers Sultan,7 bd du Onze Janvier 2°ét. Quartier mers sultan 1,,,,,,,,,,,Makhlouk Abdelhanine,e-rdv.ma
Dr Mahjoub Ghazli,gynecology,Casablanca,,261 bd Abdelmoumen résid. Al Amal imm. B 2°ét. n°10,,,,,,,,,,,Ghazli Mahjoub,e-rdv.ma
Dr Abdallah Gzouli,gynecology,Casablanca,Sidi Bernoussi,cité Sidi Bernoussi bloc 40 n°59,,,,,,,,,,,Gzouli Abdallah,e-rdv.ma
Dr Noureddine Matar,gynecology,Casablanca,,16 X bd Moulay Youssef ang. av. Hassan 1er résid. Sorour 1°ét. Branes,,,,,,,,,,,Matar Noureddine,e-rdv.ma
Dr Naïma Sedrati,gynecology,Casablanca,,12 rue de Taounate -ex Edmond Maymil ang. Ziraoui résid. Zohor appt. 6 2°ét. Hassan,,,,,,,,,,,Sedrati Naïma,e-rdv.ma
Dr Abdelmoumen Mahly,gynecology,Casablanca,,17 place Souleimane El Farani résid. Pasteur 1°ét. appt.14,,,,,,,,,,,Mahly Abdelmoumen,e-rdv.ma
Dr Lilia Hamoumi Chauvet,gynecology,Casablanca,,60 rue Brahim Nakhai - ex Mont Cinto ang. rue Nabouls 3°ét. appt. 11,,,,,,,,,,,Hamoumi Chauvet Lilia,e-rdv.ma
Dr Mohamed Yacoubi,gynecology,Casablanca,,49 rue Tata - ex Poincaré 2°ét. Aïn Chok,,,,,,,,,,,Yacoubi Mohamed,e-rdv.ma
Dr Saïd Lazrak,gynecology,Casablanca,Anfa,39 bd d' Anfa 2°ét. appt.3 Branes,,,,,,,,,,,Lazrak Saïd,e-rdv.ma
Dr Hicham Ben Abbes Taarji,gynecology,Casablanca,,239 bd Moulay Youssef ang. rue Nadaud 2°ét. appt 4 Hassan,,,,,,,,,,,Ben Abbes Taarji Hicham,e-rdv.ma
Dr Imane Bekouchi,gynecology,Casablanca,,bd Abdelhadi Boutaleb ex Azemmour imm. Communal route d'azzemour 2°ét. Farah 1,,,,,,,,,,,Bekouchi Imane,e-rdv.ma
Dr Najat ElKhattar,gynecology,Casablanca,,174 bd Moulay Youssef résid. Ayman ElKaïr appt. 29 Hassan,,,,,,,,,,,ElKhattar Najat,e-rdv.ma
Dr Abdeljaouad Berrannoun,gynecology,Casablanca,,39 rue Omar Slaoui résid. Taoufik 1°ét. n°5 Bettania,,,,,,,,,,,Berrannoun Abdeljaouad,e-rdv.ma
Dr Fatna Moussalli,gynecology,Casablanca,,11 rue Ahmed Ghali -ex Berthelot 2°ét. Aïn Chok,,,,,,,,,,,Moussalli Fatna,e-rdv.ma
Dr Loubna Bounaim,gynecology,Casablanca,,574 bd Modibo Keita 1°ét. Riad El Ali,,,,,,,,,,,Bounaim Loubna,e-rdv.ma
Dr Abdelkrim Chraibi,gynecology,Casablanca,,82 rue Soumaya - ex Pierre Puget 4°ét.,,,,,,,,,,,Chraibi Abdelkrim,e-rdv.ma
Dr Imane Zoubidi,gynecology,Casablanca,,94 av. Mokhtar B.Ahmed Guernaoui,,,,,,,,,,,Zoubidi Imane,e-rdv.ma
Dr Amal Zari,gynecology,Casablanca,,152 bd El Qods Abwab California résid. Dar Salwa 2 1°ét.,,,,,,,,,,,Zari Amal,e-rdv.ma
Dr Nejmeddine Slimani,gynecology,Casablanca,,20 rue Chenier 1°ét. Aïn Chok,,,,,,,,,,,Slimani Nejmeddine,e-rdv.ma
Dr Taoufik Chraibi,gynecology,Casablanca,,199 bd Bir Anzarane - ex Danton résid. El Walida 1°ét. appt.5,,,,,,,,,,,Chraibi Taoufik,e-rdv.ma
Dr Rajaâ Benyahia Tadlaoui,gynecology,Casablanca,,301 bd Abdelmoumen ang. bd. Anoual résid. Al Miâraj 2° ét. n° 28,,,,,,,,,,,Benyahia Tadlaoui Rajaâ,e-rdv.ma
Dr Abderrazak Ezzaher,gynecology,Casablanca,,bd de Bordeaux résid. Taha 1°ét. n°3 Hassan,,,,,,,,,,,Ezzaher Abderrazak,e-rdv.ma
Dr Rachid Lazrak,gynecology,Casablanca,,32 rue Taha Houcine -ex Galilée 1°ét. n°5,,,,,,,,,,,Lazrak Rachid,e-rdv.ma
Dr Bouchra Rachadi,gynecology,Casablanca,,403 avenue Souhaib Erroumi exH (s.Bernoussi Mansour III,,,,,,,,,,,Rachadi Bouchra,e-rdv.ma
Dr Samira Fassah,gynecology,Casablanca,Sidi Bernoussi,hay Tarik (Sidi Bernoussi ) rue 33 n°5,,,,,,,,,,,Fassah Samira,e-rdv.ma
Dr Nabil Idrissi Kamal,gynecology,Casablanca,,408 bd Mohamed Zerktouni résid. Listikrar 2°ét. Hassan,,,,,,,,,,,Idrissi Kamal Nabil,e-rdv.ma
Dr Bouchra Soussi,gynecology,Casablanca,,1 bd El Qods résid. Al Hakim 2°ét. n°1 Assakan Al Anik,,,,,,,,,,,Soussi Bouchra,e-rdv.ma
Dr Aïcha Ennaciri,gynecology,Casablanca,Hay Mohammadi,594 bd. Chouhada (hay Mohammadi) lotiss. Zemmouri,,,,,,,,,,,Ennaciri Aïcha,e-rdv.ma
Dr Wafaa Benyahya,gynecology,Casablanca,,62 avenue Hassan Souktani 1°ét.,,,,,,,,,,,Benyahya Wafaa,e-rdv.ma
Dr Aziz Soulami,gynecology,Casablanca,,237 bd Mohamed Zerktouni résid. Kheir 2°ét.,,,,,,,,,,,Soulami Aziz,e-rdv.ma
Dr Danielle Duvigeant Mestassi,gynecology,Casablanca,,4 place du Capitaine Maréchal 1°ét. Branes,,,,,,,,,,,Duvigeant Mestassi Danielle,e-rdv.ma
Dr Driss Tali,gynecology,Casablanca,El Fida,bd El Fida ang. rue 29 n°17,,,,,,,,,,,Tali Driss,e-rdv.ma
Dr Mohamed Kettani Halabi,gynecology,Casablanca,,175 rue Boukraa -ex Jules Mauran résid. Houssam Jassim 4°ét. Hassan,,,,,,,,,,,Kettani Halabi Mohamed,e-rdv.ma
Dr Ilham Bourouda,gynecology,Casablanca,,bd Abou Bakr El Kadiri résid Annaim imm. 2 1er ét. appt. 3,,,,,,,,,,,Bourouda Ilham,e-rdv.ma
Dr Nadia Kraimi,gynecology,Casablanca,,2 rue Cadi Iass - ex Mont Cénis,,,,,,,,,,,Kraimi Nadia,e-rdv.ma
Dr Marina Bragvadze Mariama,gynecology,Casablanca,,658 bd Mohammed V résid. zine almahaba imm. B appt. n°103,,,,,,,,,,,Bragvadze Mariama Marina,e-rdv.ma
Dr Nabil Lahlou Mohamed,gynecology,Casablanca,,12 rue Sainte Beuve Residence Belair 1er étage,,,,,,,,,,,Lahlou Mohamed Nabil,e-rdv.ma
Dr Saïd Tarari,gynecology,Casablanca,,14 rue du Marché résid. Al Fath,,,,,,,,,,,Tarari Saïd,e-rdv.ma
Dr Mohammed Saifi,gynecology,Casablanca,,hay Amal IV - Casablanca rue 49 n°64 1°ét.,,,,,,,,,,,Saifi Mohammed,e-rdv.ma
Dr Rachid ElKourchi,gynecology,Casablanca,,109 avenue du Cdt Driss Lharti - ex A 1°ét.,,,,,,,,,,,ElKourchi Rachid,e-rdv.ma
Dr Ghita Belkhayat,gynecology,Casablanca,,185 bd Mohamed Zerktouni 2°ét. appt.2,,,,,,,,,,,Belkhayat Ghita,e-rdv.ma
Dr Ghita Kabbaj,gynecology,Casablanca,,400 bd Mohamed Zerktouni - Casablanca 2°ét. n°14,,,,,,,,,,,Kabbaj Ghita,e-rdv.ma
Dr Hassan Berrada,gynecology,Casablanca,Bourgogne,150 bd de Bourgogne rdc. Hassan,,,,,,,,,,,Berrada Hassan,e-rdv.ma
Dr Abdellah Setouani,gynecology,Casablanca,,89 avenue Stendahl 1°ét,,,,,,,,,,,Setouani Abdellah,e-rdv.ma
Dr Mehdi Bouslikhane,gynecology,Casablanca,,10 bd Ibn Tachfine - Casablanca ang bd Abou Adra El Marrakchi résid Espace Neil B 3ème ét,,,,,,,,,,,Bouslikhane  Mehdi,e-rdv.ma
Dr Nadia Bouga,gynecology,Casablanca,,152 bd Ba Hmad 4°ét.,,,,,,,,,,,Bouga Nadia,e-rdv.ma
Dr Abderrahim Elhouari,gynecology,Casablanca,,13 rue de Neufchâteau 2°ét. Bettania,,,,,,,,,,,Elhouari Abderrahim,e-rdv.ma
Dr Ilham Benaâboud,gynecology,Casablanca,,403 bd El Qods - Casablanca résid. Safaa lot. Essakane Al Anik,,,,,,,,,,,Benaâboud Ilham,e-rdv.ma
Dr Rachid Slaoui,gynecology,Casablanca,,lotiss. Al Moustakbal Gh 11 imm. 7 n°1,,,,,,,,,,,Slaoui Rachid,e-rdv.ma
Dr Rafia Kharkhour,gynecology,Casablanca,,129 av du Six Novembre 1975 - ex B,,,,,,,,,,,Kharkhour Rafia,e-rdv.ma
Dr Abdallah Fadil,gynecology,Casablanca,Hay Mohammadi,lot. El Mouahidine (hay Mohammadi) bd la Grande Ceinture imm.youssef III 1°ét.,,,,,,,,,,,Fadil Abdallah,e-rdv.ma
Dr Karima Khabtou,gynecology,Casablanca,,40 lotiss. Moulay Thami 1°ét.. Rond point George,,,,,,,,,,,Khabtou Karima,e-rdv.ma
Dr Leïla Yamine,gynecology,Casablanca,,74 bd de Fès (Aïn Chok) ang. bd Deux Mars,,,,,,,,,,,Yamine Leïla,e-rdv.ma
Dr Mohamed Elouafi,gynecology,Casablanca,,rue de Montmartre,,,,,,,,,,,Elouafi Mohamed,e-rdv.ma
Dr Amina Bendahman,gynecology,Casablanca,,bd Oued Oum Errabia - Casablanca résid. Abouab Oum Rabii imm. C 3°ét. appt. n°9,,,,,,,,,,,Bendahman Amina,e-rdv.ma
Dr Mariem Ezzaoui Rahali,gynecology,Casablanca,,bd Abou Bakr El Kadiri - Casablanca résid. Ahfad imm. D 1°ét.,,,,,,,,,,,Ezzaoui Rahali Mariem,e-rdv.ma
Dr Khalid Slaoui,gynecology,Casablanca,Anfa,89 bd d' Anfa résid. Ibn Zaidoun 1°ét. appt.3B,,,,,,,,,,,Slaoui Khalid,e-rdv.ma
Dr Laila Boughnama,gynecology,Casablanca,,158 bd Yacoub El Mansour,,,,,,,,,,,Boughnama Laila,e-rdv.ma
Dr Sofia Salmi,gynecology,Casablanca,,82 rue Soumaya - ex Pierre Puget - Casablanca résid. Chahrazade 4°ét. appt. n°18,,,,,,,,,,,Salmi Sofia,e-rdv.ma
Dr Ahmed Touimi Benjelloun,gynecology,Casablanca,,47 avenue Stendhal - Casablanca Medipole Stendhal 1°ét. bur. 1,,,,,,,,,,,Touimi Benjelloun Ahmed,e-rdv.ma
Dr Rachid ElMenjra,gynecology,Casablanca,,avenue du Dix Mars 1982 (Sidi Othman) clinique Sidi Othmane,,,,,,,,,,,ElMenjra Rachid,e-rdv.ma
Dr Najy Mekouar,gynecology,Casablanca,,4 bd Mohamed Zerktouni 2°ét. n°3,,,,,,,,,,,Mekouar Najy,e-rdv.ma
Dr Khalid Ibnbrahim,gynecology,Casablanca,,303 bd Oued Oum Rabie 1°ét.,,,,,,,,,,,Ibnbrahim Khalid,e-rdv.ma
Dr Niâma Berrada Benazzouz,gynecology,Casablanca,,119 bd Bir Anzarane - ex Danton résid. Ramzi B 3°ét.,,,,,,,,,,,Berrada Benazzouz Niâma,e-rdv.ma
Dr Khalid El Kerzoun,gynecology,Casablanca,,104 avenue Joulan - ex D - Casablanca 2° ét. Hay El Mansour,,,,,,,,,,,El Kerzoun Khalid,e-rdv.ma
Dr Omar Mekouar,gynecology,Casablanca,,82 rue Soumaya - ex Pierre Puget résid. Shehrazade III 1°ét.,,,,,,,,,,,Mekouar Omar,e-rdv.ma
Dr Youssef Rafiai,gynecology,Casablanca,,bd Oued Oum Rabie résid. Abouab Oum Rabii imm. A appt n° 2,,,,,,,,,,,Rafiai Youssef,e-rdv.ma
Dr Meriem Bencheikh,gynecology,Casablanca,,bd Abou Bakr El Kadiri ang. bd Al Qods imm. B 2°ét. n°21,,,,,,,,,,,Bencheikh Meriem,e-rdv.ma
Dr Khalil Laabdi,gynecology,Casablanca,,8 av Mohamed Zefzaf -ex A résid. Rym 1 appt. n°19 3°ét. Salam 1,,,,,,,,,,,Laabdi Khalil,e-rdv.ma
Dr Abdelaziz Raki,gynecology,Casablanca,,bd Mohammed VI résid. Annasr imm. GH 2 2°ét. appt. 5,,,,,,,,,,,Raki Abdelaziz,e-rdv.ma
Dr Mohamed Lebbar,gynecology,Casablanca,Mers Sultan,71 avenue Hassan II 4°ét. Quartier mers sultan 1,,,,,,,,,,,Lebbar Mohamed,e-rdv.ma
Dr Aziza Naimi Mekchoudi,gynecology,Casablanca,,9 rue El Bachir Laalej -ex F. Ponsard résid. Ouchman I bur.n°1 bd Abdelmoumen,,,,,,,,,,,Naimi Mekchoudi Aziza,e-rdv.ma
Dr Houda Fasla Tahiri,gynecology,Casablanca,,1 rue Soultan Abdelhamid -ex Ajaccio ang. rue Ibn Jahir résid. Zeroual Av Tantan Hassan,,,,,,,,,,,Fasla Tahiri Houda,e-rdv.ma
Dr Rajaa El Qasseh,gynecology,Casablanca,,. lot. El Azhar - Casablanca Salam 30 1er ét. n° 2,,,,,,,,,,,El Qasseh Rajaa,e-rdv.ma
Dr Majid Benjelloun,gynecology,Casablanca,,416 bd Abdelmoumen ang. bd Anoual Anoual Capital Centre entrée A 5°ét. n°24,,,,,,,,,,,Benjelloun Majid,e-rdv.ma
Dr Hind Dlia,gynecology,Casablanca,,quartier Beausite - Casablanca résid. Basma1 imm. 25 1°ét. appt. n°4 El Gantour,,,,,,,,,,,Dlia Hind,e-rdv.ma
Dr Mehdi Hissane El,gynecology,Casablanca,,11 place du Nid d'Iris - Casablanca résid. Ghita 1°ét.,,,,,,,,,,,Hissane El Mehdi,e-rdv.ma
Dr Yasmine Zemmouri,gynecology,Casablanca,,134 rue Attabari - Casablanca 5°ét. Appt. 17,,,,,,,,,,,Zemmouri Yasmine,e-rdv.ma
Dr Houda Menaoui Nour El,gynecology,Casablanca,,336 rue Mostapha El Maani Bettania,,,,,,,,,,,Menaoui Nour El Houda,e-rdv.ma
Dr Imane Hatim,gynecology,Casablanca,,432 avenue du Cdt Driss Lharti - ex A,,,,,,,,,,,Hatim Imane,e-rdv.ma
Dr Souad ElAskalani,gynecology,Casablanca,Sidi Maârouf,133 résid. Faraj 1°ét. sidi Maârouf,,,,,,,,,,,ElAskalani Souad,e-rdv.ma
Dr Abdelouahed Mbarki,gynecology,Casablanca,,avenue Souhaib Erroumi -ex H bloc Takaddoum 30 n°47 1°ét.,,,,,,,,,,,Mbarki Abdelouahed,e-rdv.ma
Dr Mohamed Benscri,gynecology,Casablanca,,15 rue Abou El Abbasse -ex Bouardel résid. Saida,,,,,,,,,,,Benscri Mohamed,e-rdv.ma
Dr Mohamed Lahlou,gynecology,Casablanca,,301 bd Ghandi c/o clinique Riviera,,,,,,,,,,,Lahlou Mohamed,e-rdv.ma
Dr Khalid Mezouar,gynecology,Casablanca,,306 avenue Oued Daoura 1°ét. lotiss. Chahdia,,,,,,,,,,,Mezouar Khalid,e-rdv.ma
Dr Amine Lemseffer,gynecology,Casablanca,,hay Saada - ex Mazola (q. Aviation) rue 9 n°10 Farah 1,,,,,,,,,,,Lemseffer Amine,e-rdv.ma
Dr Bouchra Karaoui,gynecology,Casablanca,,26 av. Omar El Khayam - ex Mermoz résid. Amir 1°ét.,,,,,,,,,,,Karaoui Bouchra,e-rdv.ma
Dr Fatiha Ouadirga,gynecology,Casablanca,,158 bd El Qods 2°ét. Taddart q. des Crêtes,,,,,,,,,,,Ouadirga Fatiha,e-rdv.ma
Dr Khadija Chaker,gynecology,Casablanca,Hay Hassani,hay Hassani Saad AlKhyr n°96 Farah 1,,,,,,,,,,,Chaker Khadija,e-rdv.ma
Dr Saâd Benjelloun,gynecology,Casablanca,,31 place des Sraghnas bd ElFida,,,,,,,,,,,Benjelloun Saâd,e-rdv.ma
Dr Saïd Belghiti,gynecology,Casablanca,,29 rue Ilya Abou Maadi -ex Buffon 2°ét.,,,,,,,,,,,Belghiti Saïd,e-rdv.ma
Dr Ghali Bennani,gynecology,Casablanca,Maârif,340 bd Brahim Roudani résid. Espace Maârif,,,,,,,,,,,Bennani Ghali,e-rdv.ma
Dr Nadia Zinoun,gynecology,Casablanca,,41 bd Mohamed Zerktouni résid. Listikrar 1°ét.,,,,,,,,,,,Zinoun Nadia,e-rdv.ma
Dr Abdelouahab Zizi,gynecology,Casablanca,,44 rue Abou Abdellah Nafii -ex Bourbon,,,,,,,,,,,Zizi Abdelouahab,e-rdv.ma
Dr Houda Chahidi El Ouazzani,gynecology,Casablanca,,lotiss. Al Moustakbal - Casablanca résid. Panorama imm. 13 1°ét.,,,,,,,,,,,Chahidi El Ouazzani Houda,e-rdv.ma
Dr Abdellatif Idelcadi,gynecology,Casablanca,,45 rue de l' Atlas (Mâarif),,,,,,,,,,,Idelcadi Abdellatif,e-rdv.ma
Dr Abdelali Lasry,gynecology,Casablanca,,1 bd Mohamed Al Bakkali lotiss. Jawhara lot D 1°ét.,,,,,,,,,,,Lasry Abdelali,e-rdv.ma
Dr Mohamed Miri,gynecology,Casablanca,,109 avenue Stendahl résid. Benber imm. C 3°ét.,,,,,,,,,,,Miri Mohamed,e-rdv.ma
Dr Afaf Benjelloun,gynecology,Casablanca,,185 bd Mohamed Zerktouni résid. Zerktouni 2°ét.,,,,,,,,,,,Benjelloun Afaf,e-rdv.ma
Dr Said Tihad,gynecology,Casablanca,,8 avenue Mohamed Bouziane - Casablanca résid. Farhatine hay Salama,,,,,,,,,,,Tihad Said,e-rdv.ma
Dr Elena Erradi,gynecology,Casablanca,,bd Mohamed El Baamrani -ex M résid. Chabab C2A imm. F4 1°ét. appt. n°4,,,,,,,,,,,Erradi Elena,e-rdv.ma
Dr Khalid Taïbi,gynecology,Casablanca,,45 bd Bir Anzarane - ex Danton,,,,,,,,,,,Taïbi Khalid,e-rdv.ma
Dr Hassan ElHadiri,gynecology,Casablanca,Oulfa,bd Oued Drâa (El Oulfa) grp. y rue n°33 1°ét. n°4,,,,,,,,,,,ElHadiri Hassan,e-rdv.ma
Dr Laila Zouad,gynecology,Casablanca,,30 bd Anoual -ex Felix Faure - Casablanca résid. Nassima 1°ét. porte 12,,,,,,,,,,,Zouad Laila,e-rdv.ma
Dr Med ElQadiri Boutchich,gynecology,Casablanca,,361 avenue Anoual - ex L (hay Mabrouka) 1°ét. Sidi Othmane,,,,,,,,,,,ElQadiri Boutchich Med,e-rdv.ma
Dr Hassan Aaliouet,ophthalmology,Casablanca,,"☆ ☆ ☆ ☆ ☆ (0 avis) <div class=""result-sear",,,,,,,,,,,Aaliouet Hassan,telecontact.ma
Dr Oumaïma Achagra,ophthalmology,Casablanca,,"☆ ☆ ☆ ☆ ☆ (0 avis) <div class=""result-sear",,,,,,,,,,,Achagra Oumaïma,telecontact.ma
Dr Meryem Alami Kamouri,ophthalmology,Casablanca,,☆ ☆ ☆ ☆ ☆ (0 avis) <div cla,,,,,,,,,,,Alami Kamouri Meryem,telecontact.ma
Dr M'hamed Alaoui Fdili,ophthalmology,Casablanca,,☆ ☆ ☆ ☆ ☆ (0 avis) <div cla,,,,,,,,,,,Alaoui Fdili M'hamed,telecontact.ma
Dr Nadia Ammar,ophthalmology,Casablanca,,"★ ★ ★ ★ ★ (1 avis) <div class=""result-search",,,,,,,,,,,Ammar Nadia,telecontact.ma
Dr Mustapha Aoufouchi,ophthalmology,Casablanca,,"☆ ☆ ☆ ☆ ☆ (0 avis) <div class=""re",,,,,,,,,,,Aoufouchi Mustapha,telecontact.ma
Dr Mohamed Asrarguis,ophthalmology,Casablanca,,"☆ ☆ ☆ ☆ ☆ (0 avis) <div class=""resul",,,,,,,,,,,Asrarguis Mohamed,telecontact.ma
Dr Hanane Atidi,ophthalmology,Casablanca,,"☆ ☆ ☆ ☆ ☆ (0 avis) <div class=""result-search-item-n",,,,,,,,,,,Atidi Hanane,telecontact.ma
Dr Farida Atlas,ophthalmology,Casablanca,,"☆ ☆ ☆ ☆ ☆ (0 avis) <div class=""result-search-item-n",,,,,,,,,,,Atlas Farida,telecontact.ma
Dr Mustapha Azhari,ophthalmology,Casablanca,,"☆ ☆ ☆ ☆ ☆ (0 avis) <div class=""result-sear",,,,,,,,,,,Azhari Mustapha,telecontact.ma
Dr Houda Bada,ophthalmology,Casablanca,,"☆ ☆ ☆ ☆ ☆ (0 avis) <div class=""result-search-item-non-ann",,,,,,,,,,,Bada Houda,telecontact.ma
Dr Abdellatif Badaoui,ophthalmology,Casablanca,,"☆ ☆ ☆ ☆ ☆ (0 avis) <div class=""re",,,,,,,,,,,Badaoui Abdellatif,telecontact.ma
Dr Majed Bakjaji,ophthalmology,Casablanca,,"☆ ☆ ☆ ☆ ☆ (0 avis) <div class=""result-search-ite",,,,,,,,,,,Bakjaji Majed,telecontact.ma
Dr Chakib Bakkali,ophthalmology,Casablanca,,"☆ ☆ ☆ ☆ ☆ (0 avis) <div class=""result-search",,,,,,,,,,,Bakkali Chakib,telecontact.ma
Dr Mohamed Bakrim,ophthalmology,Casablanca,,"☆ ☆ ☆ ☆ ☆ (0 avis) <div class=""result-search",,,,,,,,,,,Bakrim Mohamed,telecontact.ma
Dr Khalid Banine,ophthalmology,Casablanca,,"☆ ☆ ☆ ☆ ☆ (0 avis) <div class=""result-search-ite",,,,,,,,,,,Banine Khalid,telecontact.ma
Dr Salma Berrada,ophthalmology,Bouskoura,Bouskoura,"☆ ☆ ☆ ☆ ☆ (0 avis) <div class=""result-search-item",,,,,,,,,,,Berrada Salma,telecontact.ma
Dr Inas El Abidi,ophthalmology,Bouskoura,Bouskoura,"☆ ☆ ☆ ☆ ☆ (0 avis) <div class=""result-search-item",,,,,,,,,,,El Abidi Inas,telecontact.ma
Dr Amal Elbouihi,ophthalmology,Bouskoura,Bouskoura,"☆ ☆ ☆ ☆ ☆ (0 avis) <div class=""result-search-ite",,,,,,,,,,,Elbouihi Amal,telecontact.ma
Dr Abderrahim Adda,ophthalmology,Mohammedia,Mohammedia,"☆ ☆ ☆ ☆ ☆ (0 avis) <div class=""result-sear",,,,,,,,,,,Adda Abderrahim,telecontact.ma
Dr Amine Bensemlali,ophthalmology,Mohammedia,Mohammedia,"☆ ☆ ☆ ☆ ☆ (0 avis) <div class=""result-s",,,,,,,,,,,Bensemlali Amine,telecontact.ma
Dr Tarik Bouchta,ophthalmology,Mohammedia,Mohammedia,"☆ ☆ ☆ ☆ ☆ (0 avis) <div class=""result-search-ite",,,,,,,,,,,Bouchta Tarik,telecontact.ma
Dr Ilham Elhakour,ophthalmology,Mohammedia,Mohammedia,"☆ ☆ ☆ ☆ ☆ (0 avis) <div class=""result-search",,,,,,,,,,,Elhakour Ilham,telecontact.ma
Dr Mounir Elmaâti,ophthalmology,Mohammedia,Mohammedia,"☆ ☆ ☆ ☆ ☆ (0 avis) <div class=""result-search",,,,,,,,,,,Elmaâti Mounir,telecontact.ma
Dr Mohammed Ezzouhaïri Sidi,ophthalmology,Mohammedia,Mohammedia,☆ ☆ ☆ ☆ ☆ (0 avis),,,,,,,,,,,Ezzouhaïri Sidi Mohammed,telecontact.ma
Dr Souad Lahssini,ophthalmology,Mohammedia,Mohammedia,"☆ ☆ ☆ ☆ ☆ (0 avis) <div class=""result-search",,,,,,,,,,,Lahssini Souad,telecontact.ma
Dr Hasnaa Lamari,ophthalmology,Mohammedia,Mohammedia,"☆ ☆ ☆ ☆ ☆ (0 avis) <div class=""result-search-ite",,,,,,,,,,,Lamari Hasnaa,telecontact.ma
Dr Hanane Oummad,ophthalmology,Mohammedia,Mohammedia,"☆ ☆ ☆ ☆ ☆ (0 avis) <div class=""result-search-ite",,,,,,,,,,,Oummad Hanane,telecontact.ma
Dr Mustapha Qermane,ophthalmology,Mohammedia,Mohammedia,"☆ ☆ ☆ ☆ ☆ (0 avis) <div class=""result-s",,,,,,,,,,,Qermane Mustapha,telecontact.ma
Dr Mohammed Rouh,ophthalmology,Mohammedia,Mohammedia,"☆ ☆ ☆ ☆ ☆ (0 avis) <div class=""result-search-ite",,,,,,,,,,,Rouh Mohammed,telecontact.ma
Dr Hasnae Skiker,ophthalmology,Mohammedia,Mohammedia,"☆ ☆ ☆ ☆ ☆ (0 avis) <div class=""result-search-ite",,,,,,,,,,,Skiker Hasnae,telecontact.ma
Dr Nadia Tritki,ophthalmology,Mohammedia,Mohammedia,"☆ ☆ ☆ ☆ ☆ (0 avis) <div class=""result-search-item-n",,,,,,,,,,,Tritki Nadia,telecontact.ma
Dr Chakib Berrada Souni,ophthalmology,Casablanca,,rue d' Auvergne ang.rue Jura galerie Familia 3°ét.,,,,,,,,,,,Berrada Souni Chakib,e-rdv.ma
Dr Hicham Bennani,ophthalmology,Casablanca,Sidi Maârouf,rte 1029 résid. Al Mawlid XI A2-21 2°ét. Sidi Maârouf,,,,,,,,,,,Bennani Hicham,e-rdv.ma
Dr Zineb Lazrak,ophthalmology,Casablanca,,bd Moulay Youssef ang. rue Nadoud 3°ét. n°5 Hassan,,,,,,,,,,,Lazrak Zineb,e-rdv.ma
Dr Tawfik Jellal,ophthalmology,Casablanca,,24 rue de Baghdad -ex Damrémont 1°ét. Bettania,,,,,,,,,,,Jellal Tawfik,e-rdv.ma
Dr Nora Saifaoui,ophthalmology,Casablanca,,193 bd Oued Oum Errabia lotiss. Wiaam,,,,,,,,,,,Saifaoui Nora,e-rdv.ma
Dr Mohammed Chahbi,ophthalmology,Casablanca,,34 rue Mohamed El Yazidi -ex Rhodes,,,,,,,,,,,Chahbi Mohammed,e-rdv.ma
Dr Abdelkhalek Yakouti,ophthalmology,Casablanca,,1 bd Mohamed B. Ahmed El Abdi -ex B. 2°ét.,,,,,,,,,,,Yakouti Abdelkhalek,e-rdv.ma
Dr Nabil Elkouhen,ophthalmology,Casablanca,,54 bd Rachidi - Casablanca Branes,,,,,,,,,,,Elkouhen Nabil,e-rdv.ma
Dr Mourad ElFadil,ophthalmology,Casablanca,,76 bd de la Grande Ceinture (h.Mohammadi) résid. El Khair n°112 1°ét.,,,,,,,,,,,ElFadil Mourad,e-rdv.ma
Dr Hamid Farah,ophthalmology,Casablanca,,bd Oued Oum Errabia rue 50 n°3,,,,,,,,,,,Farah Hamid,e-rdv.ma
Dr Amine Bennani Mohamed,ophthalmology,Casablanca,,7 rue Ibn Babik bd Massira ElKhadra,,,,,,,,,,,Bennani Mohamed Amine,e-rdv.ma
Dr Karim Nayme,ophthalmology,Casablanca,,5 bd Abdelhadi Boutaleb ex rte d'Azemmour lotiss. Nassim Farah 1,,,,,,,,,,,Nayme Karim,e-rdv.ma
Dr Chakib Marrakchi,ophthalmology,Casablanca,,320 bd Mohamed Zerktouni 1°ét. Hassan,,,,,,,,,,,Marrakchi Chakib,e-rdv.ma
Dr Khalil El Merouani,ophthalmology,Casablanca,,bd Ahl Loghlam - Casablanca Résid. Fotouh Lot. Salam Tranche 45 1°ét. n°4,,,,,,,,,,,El Merouani Khalil,e-rdv.ma
Dr Laila El Maataoui,ophthalmology,Casablanca,,213 hay Nassim résid. Mouna appt. 34,,,,,,,,,,,El Maataoui Laila,e-rdv.ma
Dr Shahrokh Sadighi,ophthalmology,Casablanca,,rue Chérif Amziane -ex Branly ang. rue du prince Mly Abdallah 3°ét. Aïn Chok,,,,,,,,,,,Sadighi Shahrokh,e-rdv.ma
Dr Fayçal Laraki,ophthalmology,Casablanca,,11 bd Mohamed Zerktouni résid. Tarfaya 6°ét.,,,,,,,,,,,Laraki Fayçal,e-rdv.ma
Dr Samira Mataoui,ophthalmology,Casablanca,,141 lotiss. Moulay Thami imm. Mly Thami 2°ét. appt. n°7,,,,,,,,,,,Mataoui Samira,e-rdv.ma
Dr Mohamed Choukaili Adib,ophthalmology,Casablanca,,336 avenue du Cdt Driss Lharti - ex A,,,,,,,,,,,Choukaili Adib Mohamed,e-rdv.ma
Dr Nizar Ouarrach,ophthalmology,Casablanca,,166 avenue Joulan - ex D 1°ét.,,,,,,,,,,,Ouarrach Nizar,e-rdv.ma
Dr Scheherazade Maâroufi,ophthalmology,Casablanca,,48 rue des Hôpitaux -ex Banaflous,,,,,,,,,,,Maâroufi Scheherazade,e-rdv.ma
Dr Anissa Kettani,ophthalmology,Casablanca,,quartier Oulad Taleb rue 1 n°101 Hay Cherifa résid. Rayane,,,,,,,,,,,Kettani Anissa,e-rdv.ma
Dr Ihsane Iklafen,ophthalmology,Casablanca,,912 avenue du Cdt Driss Lharti - ex A,,,,,,,,,,,Iklafen Ihsane,e-rdv.ma
Dr Khadija Benmoussa,ophthalmology,Casablanca,,bd Oued Moulouya lotiss. Salwane n°10-11 3°ét. bur. 33,,,,,,,,,,,Benmoussa Khadija,e-rdv.ma
Dr Abdellatif Ziouiti,ophthalmology,Casablanca,,lotiss. Al Wifak 2 rue 62 n°1 1°ét. Bir Rami Est,,,,,,,,,,,Ziouiti Abdellatif,e-rdv.ma
Dr Faiçal Benamar,ophthalmology,Casablanca,,23 rue du Prince Moulay Abdallah 1°ét. Aïn Sebaâ,,,,,,,,,,,Benamar Faiçal,e-rdv.ma
Dr Ali Zaroury,ophthalmology,Casablanca,,13 rue des Papillons,,,,,,,,,,,Zaroury Ali,e-rdv.ma
Dr Karima Moussaoui,ophthalmology,Casablanca,Sidi Maârouf,237 bd Aba Chouaïb Doukali 1°ét. Sidi Maârouf IV,,,,,,,,,,,Moussaoui Karima,e-rdv.ma
Dr Youssef Belahmer,ophthalmology,Casablanca,Sidi Maârouf,136 lotiss. Lina résid. Faraj 2°ét. n°5 Sidi Maârouf,,,,,,,,,,,Belahmer Youssef,e-rdv.ma
Dr Wafae Bennani,ophthalmology,Casablanca,,6 avenue Mohamed Bouziane résid. Farhatine 2°ét. n°5 Sidi Othman,,,,,,,,,,,Bennani Wafae,e-rdv.ma
Dr Imane Mghinia,ophthalmology,Casablanca,,av Mohamed Zefzaf -ex A résid. Arrayane 1 2°ét.,,,,,,,,,,,Mghinia Imane,e-rdv.ma
Dr Abdallah Razik,ophthalmology,Casablanca,,712 bd Aba Chouaïb Doukali,,,,,,,,,,,Razik Abdallah,e-rdv.ma
Dr Lahcen Zafad,ophthalmology,Casablanca,,rue Mohamed Bahi -ex Meissonnier ang. rue Mansard,,,,,,,,,,,Zafad Lahcen,e-rdv.ma
Dr Mohamed Belghiti,ophthalmology,Casablanca,,46 avenue Ali Yata -ex Foum Lahsan hay Smara 2°ét.,,,,,,,,,,,Belghiti Mohamed,e-rdv.ma
Dr Sabah Berrada Kabbaj,ophthalmology,Casablanca,,223 bd Abdelmoumen résid. Réda Abdelmoumen 2°ét. n°9,,,,,,,,,,,Berrada Kabbaj Sabah,e-rdv.ma
Dr Mohammed Zouari,ophthalmology,Casablanca,,1483 avenue du Cdt Driss Lharti - ex A grp n°4,,,,,,,,,,,Zouari Mohammed,e-rdv.ma
Dr Yasser Bensalah,ophthalmology,Casablanca,,22 bd Yacoub El Mansour 1°ét. bur. n°12,,,,,,,,,,,Bensalah Yasser,e-rdv.ma
Dr Ouafae Benchekroun,ophthalmology,Casablanca,,bd Ghandi ang. bd Yaacoub ElMansour résid. du Palais imm. D 3°ét.,,,,,,,,,,,Benchekroun Ouafae,e-rdv.ma
Dr Khadija Moussaoui,ophthalmology,Casablanca,,bd El Qods résid. Al Hakim 1°ét. appt n°4 Assakan Al Anik,,,,,,,,,,,Moussaoui Khadija,e-rdv.ma
Dr Youssef Tayanne,ophthalmology,Casablanca,,91 bd de la Liberté 4°ét.,,,,,,,,,,,Tayanne Youssef,e-rdv.ma
Dr Mohammed Madi,ophthalmology,Casablanca,Mers Sultan,105 avenue du Deux Mars résid. Aïman II 1°ét. Quartier mers sultan 1,,,,,,,,,,,Madi Mohammed,e-rdv.ma
Dr Souad Ouhadi,ophthalmology,Casablanca,,avenue Akid Allam résid. Annakhla 4 1°ét. n°3,,,,,,,,,,,Ouhadi Souad,e-rdv.ma
Dr Nacer Tazi,ophthalmology,Casablanca,Anfa,96 bd d' Anfa 3°ét.,,,,,,,,,,,Tazi Nacer,e-rdv.ma
Dr Mohamed Lahlou,ophthalmology,Casablanca,,106 av Hassan Seghir 1°ét. Massira 1B,,,,,,,,,,,Lahlou Mohamed,e-rdv.ma
Dr Mohamed Bennouna,ophthalmology,Casablanca,Mers Sultan,47 avenue Hassan II 1°et. Quartier mers sultan 1,,,,,,,,,,,Bennouna Mohamed,e-rdv.ma
Dr Ghita Touzani,ophthalmology,Casablanca,,bd El Qods - Casablanca résid. Les Rosiers 2 3°ét. appt. 34,,,,,,,,,,,Touzani Ghita,e-rdv.ma
Dr Kenza Benouhoud,ophthalmology,Casablanca,,3 Rte de Chabbou résid. Champs du printemps imm. DGH2 1°ét.,,,,,,,,,,,Benouhoud Kenza,e-rdv.ma
Dr Bouchra Chahid BenMerzouk,ophthalmology,Casablanca,Sidi Bernoussi,hay Tarik (Sidi Bernoussi I) rue 40 n°22,,,,,,,,,,,Chahid BenMerzouk Bouchra,e-rdv.ma
Dr Abdelkrim Sai,ophthalmology,Casablanca,,18 bd Tantan -ex Monte carlo - Casablanca résid. les Perles 1°ét n°7 Hassan,,,,,,,,,,,Sai  Abdelkrim,e-rdv.ma
Dr Hind Kharbouch Joundy,ophthalmology,Casablanca,,avenue du Deux Mars ang. bd. Al Qods résid. Al Majd imm. I n°1,,,,,,,,,,,Kharbouch Joundy Hind,e-rdv.ma
Dr Hicham Chami Mohamed,ophthalmology,Casablanca,,114 av. Mokhtar Ben Ahmed Guernaoui,,,,,,,,,,,Chami Mohamed Hicham,e-rdv.ma
Dr Naima Saidi Gharbi,ophthalmology,Casablanca,,184 rue Oued Tassaout 1°ét.,,,,,,,,,,,Saidi Gharbi Naima,e-rdv.ma
Dr Abdelhak Bouchta,ophthalmology,Casablanca,,70 rue Allal Ben Abdallah 1°ét. Aïn Chok,,,,,,,,,,,Bouchta Abdelhak,e-rdv.ma
Dr Fouad Boughnama,ophthalmology,Casablanca,,bd Nil bloc 29 n°33 Sidi Othman,,,,,,,,,,,Boughnama Fouad,e-rdv.ma
Dr Mohamed Zidi,ophthalmology,Casablanca,,route d' Al Jamia lot Gynemer n°25,,,,,,,,,,,Zidi Mohamed,e-rdv.ma
Dr Samira Lazrak Berrada,ophthalmology,Casablanca,,175 rue Boukraa -ex Jules Mauran résid. Houssam Jassim 2°ét. appt. 6 Hassan,,,,,,,,,,,Lazrak Berrada Samira,e-rdv.ma
Dr Abdelwahab Takadoum,ophthalmology,Casablanca,,304 avenue du Deux Mars 1°ét.,,,,,,,,,,,Takadoum Abdelwahab,e-rdv.ma
Dr Asmaa Tantaoui El Araki,ophthalmology,Casablanca,,203 bd Panoramique résid. Panoramique II 1°ét. n°18,,,,,,,,,,,Tantaoui El Araki Asmaa,e-rdv.ma
Dr Abdelilah Morafiq,ophthalmology,Casablanca,,bd Mohammed VI résid. Majid 1 2°ét.,,,,,,,,,,,Morafiq Abdelilah,e-rdv.ma
Dr Amina Benkirane,ophthalmology,Casablanca,Errahma,bd Abdelhadi Boutaleb ex Azemmour ang. Sidi Abderrahman entrée A 2°ét. n°3 Farah 1,,,,,,,,,,,Benkirane Amina,e-rdv.ma
Dr Hicham Tahiri,ophthalmology,Casablanca,,44 rue Chiadma 2°ét.,,,,,,,,,,,Tahiri Hicham,e-rdv.ma
Dr Ali Benabderrazik Mohamed,ophthalmology,Casablanca,,96 avenue du Deux Mars résid. Walili imm. A 2°ét.,,,,,,,,,,,Benabderrazik Mohamed Ali,e-rdv.ma
Dr Imane Bouziane,ophthalmology,Casablanca,,13 bd Abou Bakr El Kadiri - Casablanca Panorama Office 1°ét. Office 2,,,,,,,,,,,Bouziane Imane,e-rdv.ma
Dr Soukaina Haddougui,ophthalmology,Casablanca,,40 bd Abdellah Senhaji - ex C - Casablanca 2°ét. n°1,,,,,,,,,,,Haddougui Soukaina,e-rdv.ma
Dr Abdelali Gourinda,ophthalmology,Casablanca,Hay Mohammadi,479 bd. Chouhada (hay Mohammadi) bloc Castor,,,,,,,,,,,Gourinda Abdelali,e-rdv.ma
Dr Omar Bensouda Koraichi,ophthalmology,Casablanca,,bd Ziraoui Polycl.C.n.s.s. Hassan,,,,,,,,,,,Bensouda Koraichi Omar,e-rdv.ma
Dr Aziz Tazi,ophthalmology,Casablanca,Sidi Bernoussi,hay Tarik (Sidi Bernoussi ) rue 45 2°ét. n°7,,,,,,,,,,,Tazi Aziz,e-rdv.ma
Dr Houda Khlifi,ophthalmology,Casablanca,,bd Bir Anzarane ang. rue Ibnou Souraij résid. Ghita 1°ét. appt.1,,,,,,,,,,,Khlifi Houda,e-rdv.ma
Dr Dalila Sbai Idrissi,ophthalmology,Casablanca,,84 bd Moulay Idriss 1er résid. Wiam 4°ét. appt. 13,,,,,,,,,,,Sbai Idrissi Dalila,e-rdv.ma
Dr loubna Khayar benjelloun,ophthalmology,Casablanca,Anfa,235 bd Yacoub El Mansour (Beauséjour) résid. AlAnfal imm.A 2°ét.,,,,,,,,,,,Khayar benjelloun loubna,e-rdv.ma
Dr Zoubida Lafnoune,ophthalmology,Casablanca,,124 bd El Khalil (Aïn Chok) hay My Abdellah,,,,,,,,,,,Lafnoune Zoubida,e-rdv.ma
Dr Mounia Montasser,ophthalmology,Casablanca,,75 bd Chefchaouni - Casablanca bureau chefchaouni 2 Et N 1,,,,,,,,,,,Montasser Mounia,e-rdv.ma
Dr Abdelkader Moukel,ophthalmology,Casablanca,,24 bd Mohammed V 1°ét. Aïn Chok,,,,,,,,,,,Moukel Abdelkader,e-rdv.ma
Dr Rachid Zafad,ophthalmology,Casablanca,,rue Mohamed Bahi -ex Meissonnier ang. rue Mansard,,,,,,,,,,,Zafad Rachid,e-rdv.ma
Dr Maryem Lamrani,ophthalmology,Casablanca,,38 bd Massira El Khadra -ex Camille résid. Karima 2°ét.,,,,,,,,,,,Lamrani Maryem,e-rdv.ma
Dr Riah Nada,ophthalmology,Casablanca,,bd Haj Fateh - Casablanca 78 Lot Habiba. 2° Ét. Bd. de La Mosquée,,,,,,,,,,,Nada Riah,e-rdv.ma
Dr Othmane Bourmani,ophthalmology,Casablanca,Mers Sultan,20 rue Ibn Khalouya -ex La Haye Quartier mers sultan 1,,,,,,,,,,,Bourmani Othmane,e-rdv.ma
Dr Naima Fahem,ophthalmology,Casablanca,,avenue Ali Yata -ex Foum Lahsan Basma 1 Grp. 3 c18 n°7 El Gantour,,,,,,,,,,,Fahem Naima,e-rdv.ma
Dr Safaâ Jihad,ophthalmology,Casablanca,Arrahma,Agl. bd sidi abdarrahman et bd. Abdellah Boutaleb. entrée A. App 3 2°ét.,,,,,,,,,,,Jihad Safaâ,e-rdv.ma
Dr Amal Rakkaa,ophthalmology,Casablanca,,405 bd El Qods résid. Assafa 1°ét. n°7 lotiss. Assakane Al Anik,,,,,,,,,,,Rakkaa Amal,e-rdv.ma
Dr Houria Benmira Hamdoun,ophthalmology,Casablanca,,bd Nil bloc 29 n°42 1°ét.,,,,,,,,,,,Benmira Hamdoun Houria,e-rdv.ma
Dr Mohammed Mikou,ophthalmology,Casablanca,,301 bd Abdelmoumen Agl. Bd. Anoual Al Miaraj Centre 2°ét. appt. 18,,,,,,,,,,,Mikou Mohammed,e-rdv.ma
Dr Manal Ez-Zahraoui Chagou,ophthalmology,Casablanca,,bd de la Grande Ceinture (h.Mohammadi) - Casablanca bloc Koudia 106 N° 73 1° ét.,,,,,,,,,,,Ez-Zahraoui Chagou Manal,e-rdv.ma
Dr Lina Boutaqbout,ophthalmology,Casablanca,,9 rue El Bachir Laalej -ex F. Ponsard - Casablanca résid Oushman 1°ét. n°3,,,,,,,,,,,Boutaqbout Lina,e-rdv.ma
Dr Nadia Laouissi,ophthalmology,Casablanca,,76 bd Abdelmoumen résid. Koutoubia 1°ét.,,,,,,,,,,,Laouissi Nadia,e-rdv.ma
Dr Abdelhamid Smili,ophthalmology,Casablanca,,11 rue Ahmed Ghali -ex Berthelot 2°ét. bd Mohammed V Aïn Chok,,,,,,,,,,,Smili Abdelhamid,e-rdv.ma
Dr Chafiq Boutour,ophthalmology,Casablanca,,12 rue du Prince Moulay Abdallah 3°ét. Aïn Chok,,,,,,,,,,,Boutour Chafiq,e-rdv.ma
Dr Awatif Razzak,ophthalmology,Casablanca,,35 rue Zineb Ishak - Casablanca résd. Riad 1°ét. bd. Ibn TAchfine,,,,,,,,,,,Razzak Awatif,e-rdv.ma
Dr Mustapha Kilani,ophthalmology,Casablanca,,20 avenue du Nil - ex E/M cité Djemâa,,,,,,,,,,,Kilani Mustapha,e-rdv.ma
Dr Karim Djebli ElAydouni,ophthalmology,Casablanca,,7 rue BenDahan esc.A 3°ét. Aïn Chok,,,,,,,,,,,Djebli ElAydouni Karim,e-rdv.ma
Dr Ghizlane Oukacha,ophthalmology,Casablanca,,39 rue El Fourat-ex Roncevaux 1°ét. n°10,,,,,,,,,,,Oukacha Ghizlane,e-rdv.ma
Dr Mouhssine D'khissy,ophthalmology,Casablanca,,400 bd Brahim Roudani 2°ét.,,,,,,,,,,,D'khissy Mouhssine,e-rdv.ma
Dr Boualam Meziane ElOtmani,ophthalmology,Casablanca,,11 bd de la Corniche 2°ét.,,,,,,,,,,,Meziane ElOtmani Boualam,e-rdv.ma
Dr Reda Mikou,ophthalmology,Casablanca,,18 avenue Stendhal,,,,,,,,,,,Mikou Reda,e-rdv.ma
Dr Mouna Benhaddou,ophthalmology,Casablanca,,16 X bd Moulay Youssef ang. Hassan 1er résid. Sorour 1°ét. Branes,,,,,,,,,,,Benhaddou Mouna,e-rdv.ma
Dr Taskova Vita,ophthalmology,Casablanca,,15 rue du Parc Branes,,,,,,,,,,,Vita Taskova,e-rdv.ma
Dr Sabah M'bareche Lahlou,ophthalmology,Casablanca,,124 bd Rahal El Meskini 5°ét.,,,,,,,,,,,M'bareche Lahlou Sabah,e-rdv.ma
Dr Choaib Sadouni,ophthalmology,Casablanca,,5 bd El Qods - Casablanca Bd Mohammed VI,,,,,,,,,,,Sadouni Choaib,e-rdv.ma
Dr Nourelyakine Lahlou,ophthalmology,Casablanca,,124 bd Rahal El Meskini 5°ét.,,,,,,,,,,,Lahlou Nourelyakine,e-rdv.ma
Dr Nezha Errami Benjelloun,ophthalmology,Casablanca,,110 avenue Moulay Hassan 1er 2°ét. Branes,,,,,,,,,,,Errami Benjelloun Nezha,e-rdv.ma
Dr Zakaria Bounsif,ophthalmology,Casablanca,,15 av Mohamed Zefzaf -ex A - Casablanca résid. Ihssane 1°ét. appt. 103,,,,,,,,,,,Bounsif Zakaria,e-rdv.ma
Dr Sara El Aadraoui,ophthalmology,Casablanca,,6 allée des Troènes - Casablanca Ryad AlGhizlane 1 2°ét.,,,,,,,,,,,El Aadraoui Sara,e-rdv.ma
Dr Fouad Nciri,ophthalmology,Casablanca,,283 bd Mohamed Zerktouni 1°ét.,,,,,,,,,,,Nciri Fouad,e-rdv.ma
Dr Aicha Chbani ElMadi,ophthalmology,Casablanca,,boulevard Panoramique ang. rte Mediouna imm.6 appt.26,,,,,,,,,,,Chbani ElMadi Aicha,e-rdv.ma
Dr Driss Qarfa,ophthalmology,Casablanca,,295 avenue du Cdt Driss Lharti - ex A 1°ét.,,,,,,,,,,,Qarfa Driss,e-rdv.ma
Dr Hayat Louizy,ophthalmology,Casablanca,,avenue Mohamed Bouziane - Casablanca Rond point Khayria,,,,,,,,,,,Louizy Hayat,e-rdv.ma
Dr Fahd Essadki,ophthalmology,Casablanca,,bd Moulay Mohamed El Baamrani -ex M Chabab IIA imm.F7 El Gantour,,,,,,,,,,,Essadki Fahd,e-rdv.ma
Dr Bahija El Alaoui Ben Hachem,ophthalmology,Casablanca,Hay Hassani,105 bd d' Afghanistan (hay Hassani) 2°ét. Farah 1,,,,,,,,,,,El Alaoui Ben Hachem Bahija,e-rdv.ma
Dr Karima Essalime,ophthalmology,Casablanca,,146 avenue Joulan - ex D,,,,,,,,,,,Essalime Karima,e-rdv.ma
Dr Malika Bouksim,ophthalmology,Casablanca,Oulfa,lotiss. Al Firdaouss (Oulfa) imm. L30 2°ét.,,,,,,,,,,,Bouksim Malika,e-rdv.ma
Dr Loubna El Ouali,ophthalmology,Casablanca,,bd Abou Bakr El Kadiri - Casablanca rés. Ahfad imm. D 1°ét. appt. n°5,,,,,,,,,,,El Ouali Loubna,e-rdv.ma
Dr Hanane Mazzouz,ophthalmology,Casablanca,Californie,511 bd El Qods résid. Al Qods Californie 2°ét.,,,,,,,,,,,Mazzouz Hanane,e-rdv.ma
Dr Mariame Zenjouri,ophthalmology,Casablanca,,bd Mohamed Al Bakkali - Casablanca lotiss. Jawhara imm. D2 1°ét. appt. 4,,,,,,,,,,,Zenjouri Mariame,e-rdv.ma
Dr Naïma Ousaïd,ophthalmology,Casablanca,,52 avenue du Dix Mars 1982 (Sidi Othman) bloc 9 2°ét.,,,,,,,,,,,Ousaïd Naïma,e-rdv.ma
Dr Mehdi Berrada Med Ben,ophthalmology,Casablanca,,110 Rue El Wahda -ex Charmes 2°ét.,,,,,,,,,,,Berrada Med Ben Mehdi,e-rdv.ma
Dr Mohammed Hamdani,ophthalmology,Casablanca,,24 rue de l' Imam El Aloussi 3°ét.,,,,,,,,,,,Hamdani Mohammed,e-rdv.ma
Dr Mohamed Guessous,ophthalmology,Casablanca,,5 rue Ibn Nafiss - ex Faucilles résid. Ben Omar imm.B 3°ét.,,,,,,,,,,,Guessous Mohamed,e-rdv.ma
Dr Hanae Abdelaoui,pediatrics,Casablanca,,"☆ ☆ ☆ ☆ ☆ (0 avis) <div class=""result-sear",,,,,,,,,,,Abdelaoui Hanae,telecontact.ma
Dr Abderrahmane Abid,pediatrics,Casablanca,,"☆ ☆ ☆ ☆ ☆ (0 avis) <div class=""resul",,,,,,,,,,,Abid Abderrahmane,telecontact.ma
Dr Aicha Abid Atlassi,pediatrics,Casablanca,,"☆ ☆ ☆ ☆ ☆ (0 avis) <div class=""re",,,,,,,,,,,Abid Atlassi Aicha,telecontact.ma
Dr Eddine Aboussaad Nour,pediatrics,Casablanca,,☆ ☆ ☆ ☆ ☆ (0 avis) <div,,,,,,,,,,,Aboussaad Nour Eddine,telecontact.ma
Dr Assia Adjimouradova,pediatrics,Casablanca,,☆ ☆ ☆ ☆ ☆ (0 avis) <div class=,,,,,,,,,,,Adjimouradova Assia,telecontact.ma
Dr Saïd Afif My,pediatrics,Casablanca,,"☆ ☆ ☆ ☆ ☆ (0 avis) <div class=""result-search-item-n",,,,,,,,,,,Afif My Saïd,telecontact.ma
Dr Najib Aguenaou,pediatrics,Casablanca,,"☆ ☆ ☆ ☆ ☆ (0 avis) <div class=""result-search",,,,,,,,,,,Aguenaou Najib,telecontact.ma
Dr Imane Ain El Hayat,pediatrics,Casablanca,,☆ ☆ ☆ ☆ ☆ (0 avis) <div class,,,,,,,,,,,Ain El Hayat Imane,telecontact.ma
Dr Fatiha Ait Lahsine,pediatrics,Casablanca,,"☆ ☆ ☆ ☆ ☆ (0 avis) <div class=""re",,,,,,,,,,,Ait Lahsine Fatiha,telecontact.ma
Dr Mariame Alami Laaroussi,pediatrics,Casablanca,,☆ ☆ ☆ ☆ ☆ (0 avis),,,,,,,,,,,Alami Laaroussi Mariame,telecontact.ma
Dr Fouzia Alass,pediatrics,Casablanca,,"☆ ☆ ☆ ☆ ☆ (0 avis) <div class=""result-search-item-n",,,,,,,,,,,Alass Fouzia,telecontact.ma
Dr Nadia Alioua,pediatrics,Casablanca,,"☆ ☆ ☆ ☆ ☆ (0 avis) <div class=""result-search-item-n",,,,,,,,,,,Alioua Nadia,telecontact.ma
Dr Mohamed Amor,pediatrics,Casablanca,,"☆ ☆ ☆ ☆ ☆ (0 avis) <div class=""result-search-item-n",,,,,,,,,,,Amor Mohamed,telecontact.ma
Dr Dalila Ghazali,pediatrics,Dar Bouazza,Dar Bouazza,"☆ ☆ ☆ ☆ ☆ (0 avis) <div class=""result-searc",,,,,,,,,,,Ghazali Dalila,telecontact.ma
Dr Leïla Chraïbi,pediatrics,Bouskoura,Bouskoura,"★ ☆ ☆ ☆ ☆ (1 avis) <div class=""result-search-ite",,,,,,,,,,,Chraïbi Leïla,telecontact.ma
Dr Souad Hannioui,pediatrics,Bouskoura,Bouskoura,"☆ ☆ ☆ ☆ ☆ (0 avis) <div class=""result-search-it",,,,,,,,,,,Hannioui Souad,telecontact.ma
Dr Myriam Khayrat,pediatrics,Bouskoura,Bouskoura,"☆ ☆ ☆ ☆ ☆ (0 avis) <div class=""result-search-it",,,,,,,,,,,Khayrat Myriam,telecontact.ma
Dr Hayat Belhadfa,pediatrics,Mohammedia,Mohammedia,"☆ ☆ ☆ ☆ ☆ (0 avis) <div class=""result-search",,,,,,,,,,,Belhadfa Hayat,telecontact.ma
Dr Najib Bensemlali Med,pediatrics,Mohammedia,Mohammedia,☆ ☆ ☆ ☆ ☆ (0 avis) <div cla,,,,,,,,,,,Bensemlali Med Najib,telecontact.ma
Dr Fatima Bouzzite,pediatrics,Mohammedia,Mohammedia,"☆ ☆ ☆ ☆ ☆ (0 avis) <div class=""result-sear",,,,,,,,,,,Bouzzite Fatima,telecontact.ma
Dr Abdelfattah Chaqchaq,pediatrics,Mohammedia,Mohammedia,☆ ☆ ☆ ☆ ☆ (0 avis) <div cla,,,,,,,,,,,Chaqchaq Abdelfattah,telecontact.ma
Dr Yasmine El Ayoubi,pediatrics,Mohammedia,Mohammedia,"☆ ☆ ☆ ☆ ☆ (0 avis) <div class=""resul",,,,,,,,,,,El Ayoubi Yasmine,telecontact.ma
Dr Hassan Kemzi,pediatrics,Mohammedia,Mohammedia,"☆ ☆ ☆ ☆ ☆ (0 avis) <div class=""result-search-item-n",,,,,,,,,,,Kemzi Hassan,telecontact.ma
Dr Mariam Kourime,pediatrics,Mohammedia,Mohammedia,"☆ ☆ ☆ ☆ ☆ (0 avis) <div class=""result-search",,,,,,,,,,,Kourime Mariam,telecontact.ma
Dr Samir Lembarra,pediatrics,Mohammedia,Mohammedia,"☆ ☆ ☆ ☆ ☆ (0 avis) <div class=""result-search",,,,,,,,,,,Lembarra Samir,telecontact.ma
Dr Ahmed Mrika Bouknani,pediatrics,Mohammedia,Mohammedia,☆ ☆ ☆ ☆ ☆ (0 avis) <div cla,,,,,,,,,,,Mrika Bouknani Ahmed,telecontact.ma
Dr Khadija Sebaa,pediatrics,Mohammedia,Mohammedia,"☆ ☆ ☆ ☆ ☆ (0 avis) <div class=""result-search-ite",,,,,,,,,,,Sebaa Khadija,telecontact.ma
Dr Mohamed Sedira,pediatrics,Mohammedia,Mohammedia,"☆ ☆ ☆ ☆ ☆ (0 avis) <div class=""result-search",,,,,,,,,,,Sedira Mohamed,telecontact.ma
Dr Ghislane Touiti,pediatrics,Mohammedia,Mohammedia,"☆ ☆ ☆ ☆ ☆ (0 avis) <div class=""result-sear",,,,,,,,,,,Touiti Ghislane,telecontact.ma
Dr Sara Lotfi,pediatrics,Mediouna,Mediouna,"☆ ☆ ☆ ☆ ☆ (0 avis) <div class=""result-search-item-non-annonce",,,,,,,,,,,Lotfi Sara,telecontact.ma
Dr Souad Amsaguine Baroudi,pediatrics,Casablanca,,540 avenue Oued Daoura lotiss. Haj Fath,,,,,,,,,,,Amsaguine Baroudi Souad,e-rdv.ma
Dr Boubker Kaddouri,pediatrics,Casablanca,Hay Hassani,8 bd d' Afghanistan (hay Hassani) ang. rue Ibn El Khatib 1°ét. Farah 1,,,,,,,,,,,Kaddouri Boubker,e-rdv.ma
Dr Sanâa Benkirane,pediatrics,Casablanca,Anfa,235 bd Yacoub El Mansour (Beauséjour) résid. AlAnfal imm. A 3°ét. appt. n°7,,,,,,,,,,,Benkirane Sanâa,e-rdv.ma
Dr Siham Sefrioui,pediatrics,Casablanca,,534 bd Modibo Keita 1°ét.,,,,,,,,,,,Sefrioui Siham,e-rdv.ma
Dr Laila Aït M'hamed,pediatrics,Casablanca,,249 bd Yacoub El Mansour résid. El Mansour 2°ét. appt. n°3,,,,,,,,,,,Aït M'hamed Laila,e-rdv.ma
Dr Choumicha Berrechid Cherkaoui,pediatrics,Casablanca,,22 bd Yacoub El Mansour espace El Mansour 1°ét. bur. n°15,,,,,,,,,,,Berrechid Cherkaoui Choumicha,e-rdv.ma
Dr Salma Liemlahi,pediatrics,Casablanca,Sidi Maârouf,bd El Qods (Sidi Maârouf) ang. bd Abou Baker ElKaderi R.p. Almostaqbal imm. BC 3°ét.,,,,,,,,,,,Liemlahi Salma,e-rdv.ma
Dr Mohammed Itri,pediatrics,Casablanca,,9 rue El Bachir Laalej -ex F. Ponsard résid. Oushmane 3°ét. bur.n°13 cité Plateau,,,,,,,,,,,Itri Mohammed,e-rdv.ma
Dr Mohamed Belrhazi,pediatrics,Casablanca,,352 rue Mostapha El Maani 1°ét. Bettania,,,,,,,,,,,Belrhazi Mohamed,e-rdv.ma
Dr Loubna Soufi,pediatrics,Casablanca,,12 rue Abou Al Waqt Khalaf -ex Forest - Casablanca résid. Mehdi appt. 3 Hassan,,,,,,,,,,,Soufi Loubna,e-rdv.ma
Dr Sana Lamaddeb,pediatrics,Casablanca,,hay Mansour III bloc 59 n°49 bis bd Souhaib Roumi,,,,,,,,,,,Lamaddeb Sana,e-rdv.ma
Dr Mohamed Sqalli Houssaini,pediatrics,Casablanca,,21 place Souleimane El Farani résid. Pasteur 1°ét. n°3,,,,,,,,,,,Sqalli Houssaini Mohamed,e-rdv.ma
Dr Khalid Amar,pediatrics,Casablanca,Mers Sultan,72 bd Mohamed Zerktouni 4°ét. Quartier mers sultan 1,,,,,,,,,,,Amar Khalid,e-rdv.ma
Dr Rachid Bennouna,pediatrics,Casablanca,,30 rue du Marché imm. Bensaid 4°ét.,,,,,,,,,,,Bennouna Rachid,e-rdv.ma
Dr Amina Daissaoui,pediatrics,Casablanca,,406 bd El Qods,,,,,,,,,,,Daissaoui Amina,e-rdv.ma
Dr Latifa Sadouk,pediatrics,Casablanca,,avenue du Deux Mars ang. bd Qods 1°ét. n°4,,,,,,,,,,,Sadouk Latifa,e-rdv.ma
Dr Farah Zerhouni,pediatrics,Casablanca,,67 rue El Fourat-ex Roncevaux résid. Bernaben 2°ét. n°3,,,,,,,,,,,Zerhouni Farah,e-rdv.ma
Dr Amal Boughnama,pediatrics,Casablanca,,120 bd Moulay Idriss 1er,,,,,,,,,,,Boughnama Amal,e-rdv.ma
Dr Chadia Dhaibi,pediatrics,Casablanca,,18 avenue du Cdt Driss Lharti - ex A Jamila 3 2°ét.,,,,,,,,,,,Dhaibi Chadia,e-rdv.ma
Dr Messody Bitton,pediatrics,Casablanca,,26 rue Mohamed Sedki Hassan,,,,,,,,,,,Bitton Messody,e-rdv.ma
Dr Houda Ayad,pediatrics,Casablanca,,bd Attadamone GH 2 imm.18 1°ét. appt. n°11 Madinati lotiss. El Azhar,,,,,,,,,,,Ayad Houda,e-rdv.ma
Dr Khalid Boujena,pediatrics,Casablanca,,4 bd Abbas ElGhaddaoui -ex C bloc Farid 101 1°ét.,,,,,,,,,,,Boujena Khalid,e-rdv.ma
Dr Omar Jamai,pediatrics,Casablanca,Maârif,340 bd Brahim Roudani résid. Esapce Maârif 1°ét.n°3,,,,,,,,,,,Jamai Omar,e-rdv.ma
Dr Ouadie Bennani,pediatrics,Casablanca,Bourgogne,159 bd de Bourgogne résid. Shwan appt.26 Hassan,,,,,,,,,,,Bennani Ouadie,e-rdv.ma
Dr Rachida Atlas,pediatrics,Casablanca,,184 avenue du Deux Mars résid. la Perla 2°ét. appt. n°8,,,,,,,,,,,Atlas Rachida,e-rdv.ma
Dr Asmaa Zaidani,pediatrics,Casablanca,,lotiss. Moulay Thami bd HH 24 n°25 2°ét.,,,,,,,,,,,Zaidani Asmaa,e-rdv.ma
Dr Mohamed Bayari,pediatrics,Casablanca,Mers Sultan,72 rue de Rome résid. Amina 4°ét. Quartier mers sultan 1,,,,,,,,,,,Bayari Mohamed,e-rdv.ma
Dr Fatine Lasry,pediatrics,Casablanca,,6 bd Ain Taoujtate -ex Jouffroy - Casablanca 4 ét.,,,,,,,,,,,Lasry  Fatine,e-rdv.ma
Dr Faouzi Merini Mohamed,pediatrics,Casablanca,,21 place Souleimane El Farani résid. Pasteur 4°ét.,,,,,,,,,,,Merini Mohamed Faouzi,e-rdv.ma
Dr Assia Filali,pediatrics,Casablanca,Anfa,32 rue Mustapha Manfalouti -ex Malherbe 2°ét.,,,,,,,,,,,Filali Assia,e-rdv.ma
Dr Abdelali Zizi,pediatrics,Casablanca,,57 rue Omar Slaoui 1°ét. Bettania,,,,,,,,,,,Zizi Abdelali,e-rdv.ma
Dr Ahmed Boutaleb,pediatrics,Casablanca,,283 avenue du Cdt Driss Lharti - ex A 2°ét.,,,,,,,,,,,Boutaleb Ahmed,e-rdv.ma
Dr Nezha Benmansour Dkhissi,pediatrics,Casablanca,,563 bd El Qods résid. Al Hakim,,,,,,,,,,,Benmansour Dkhissi Nezha,e-rdv.ma
Dr Abdelhay Kettani,pediatrics,Casablanca,,162 rue Abou Ali Kali derb Moulay Cherif,,,,,,,,,,,Kettani Abdelhay,e-rdv.ma
Dr Younes Taoufik,pediatrics,Casablanca,,bd Abou Bakr El Kadiri - Casablanca résid. Naim Imm.3 2°ét.N°8,,,,,,,,,,,Taoufik Younes,e-rdv.ma
Dr Zahra Berrada,pediatrics,Casablanca,Hay Hassani,71 bd d' Afghanistan (hay Hassani) Farah 1,,,,,,,,,,,Berrada Zahra,e-rdv.ma
Dr Jalal Eloudghiri,pediatrics,Casablanca,Mers Sultan,35 avenue du Deux Mars résid. Lalla Habiba 1°ét. Quartier mers sultan 1,,,,,,,,,,,Eloudghiri Jalal,e-rdv.ma
Dr Amina Farhat,pediatrics,Casablanca,Mers Sultan,99 avenue du Deux Mars résid. Diana 1°ét. Quartier mers sultan 1,,,,,,,,,,,Farhat Amina,e-rdv.ma
Dr Boujemaa Yssef,pediatrics,Casablanca,Mers Sultan,190 rue Mostapha El Maani 2°ét. Quartier mers sultan 1,,,,,,,,,,,Yssef Boujemaa,e-rdv.ma
Dr Jawad Haddou,pediatrics,Casablanca,,avenue Mohamed Bouziane Farhatine 3 3°ét. appt. 9,,,,,,,,,,,Haddou Jawad,e-rdv.ma
Dr Jamila Challot,pediatrics,Casablanca,,lot Al Baraka Gh 12 imm. 144 rdc. n°1 Farah 1,,,,,,,,,,,Challot Jamila,e-rdv.ma
Dr Abdeslam Khairouni,pediatrics,Casablanca,,34 rue Charam Achaykh - ex Hassan Ziati 3°ét.,,,,,,,,,,,Khairouni Abdeslam,e-rdv.ma
Dr Abdelhak Zakir,pediatrics,Casablanca,,13 bd Ain Taoujtate -ex Jouffroy résid. Ilias 1°ét. appt 1,,,,,,,,,,,Zakir Abdelhak,e-rdv.ma
Dr Abdellah Belgas,pediatrics,Casablanca,,11 rue Abou Hassan Askari-ex Lavoisier résid. Kenzi 1°ét.,,,,,,,,,,,Belgas Abdellah,e-rdv.ma
Dr Abdellatif Berrada,pediatrics,Casablanca,Anfa,47 bd d' Anfa résid.Roia 1°ét..,,,,,,,,,,,Berrada Abdellatif,e-rdv.ma
Dr Jamal Zaghloul,pediatrics,Casablanca,,19 bd de Bordeaux résid.Elhouda 1°ét. Hassan,,,,,,,,,,,Zaghloul Jamal,e-rdv.ma
Dr Abdelfettah Rouissi,pediatrics,Casablanca,,bd Oued Oum Errabia résid. Firdaous imm. T016 appt. 2,,,,,,,,,,,Rouissi Abdelfettah,e-rdv.ma
Dr Khalid Tazi,pediatrics,Casablanca,,45 rue Abou Abdellah Nafii -ex Bourbon résid. Benomar porte A 4°ét.,,,,,,,,,,,Tazi Khalid,e-rdv.ma
Dr Nada Bougrine,pediatrics,Casablanca,,6 bd Taza (Aïn Chok) hay Mly Abdellah 1°ét.,,,,,,,,,,,Bougrine Nada,e-rdv.ma
Dr Fayssal Lazrak,pediatrics,Casablanca,,route d' El Jadida c.com. Nadia imm.4 1°ét.,,,,,,,,,,,Lazrak Fayssal,e-rdv.ma
Dr Mohamed Fehri,pediatrics,Casablanca,,250 bd Abdelmoumen,,,,,,,,,,,Fehri Mohamed,e-rdv.ma
Dr Taoufik Kabbaj Mohamed,pediatrics,Casablanca,,avenue Souhaib Erroumi -ex H,,,,,,,,,,,Kabbaj Mohamed Taoufik,e-rdv.ma
Dr Abdelhak Mejjati Alami,pediatrics,Casablanca,,132 avenue Hassan II 1°ét. Ville Nouvelle,,,,,,,,,,,Mejjati Alami Abdelhak,e-rdv.ma
Dr Farida Jennane,pediatrics,Casablanca,,19 bd Abdelmoumen - Casablanca ang. rue Bachir Laalej résid. Tetris centre 1°ét. bur. n°4,,,,,,,,,,,Jennane Farida,e-rdv.ma
Dr Abla Jouida,pediatrics,Casablanca,Madinat Arrahma,. hay Madinat Arrahma bd. Moulay Thami resid. Mifta Immb. D 1er etg. appt 1,,,,,,,,,,,Jouida Abla,e-rdv.ma
Dr Khalid Essafir,pediatrics,Casablanca,,22 bloc Koudia av. Al Houcien Ben Ali,,,,,,,,,,,Essafir Khalid,e-rdv.ma
Dr Ahmed Lahlou,pediatrics,Casablanca,,903 avenue du Deux Mars 1°ét.,,,,,,,,,,,Lahlou Ahmed,e-rdv.ma
Dr Taïb Kadiri Hassani,pediatrics,Casablanca,,219 avenue du Cdt Driss Lharti - ex A,,,,,,,,,,,Kadiri Hassani Taïb,e-rdv.ma
Dr Mohammed Bennis,pediatrics,Casablanca,,28 Route Oasis,,,,,,,,,,,Bennis Mohammed,e-rdv.ma
Dr Bouchra Laraki ElHoussaini,pediatrics,Casablanca,,131 bd Abdelmoumen résid. Jawharat Abdelmoumen 5°ét. n°18,,,,,,,,,,,Laraki ElHoussaini Bouchra,e-rdv.ma
Dr Hassan Souhayl,pediatrics,Casablanca,,212 bd Abdelmoumen ang. bd Anoual résid. AlMawlid IV 1°ét. B13,,,,,,,,,,,Souhayl Hassan,e-rdv.ma
Dr Zineb Fellahi,pediatrics,Casablanca,,167 avenue Mehdi Ben Berka -ex Cimetière - Casablanca résid. Mirage 1°ét. Hassan,,,,,,,,,,,Fellahi Zineb,e-rdv.ma
Dr Hassan ElMachtani Idrissi,pediatrics,Casablanca,,287 avenue Oued Dahab (cité Jemâa) Jamila 5,,,,,,,,,,,ElMachtani Idrissi Hassan,e-rdv.ma
Dr Salwa Chafai,pediatrics,Casablanca,,56 bd Abderrahim Bouabid -ex Jerrada ang. rue des Ibis,,,,,,,,,,,Chafai Salwa,e-rdv.ma
Dr Ratiba Bachouchi,pediatrics,Casablanca,,92 bd Moulay Idriss 1er 1° ét,,,,,,,,,,,Bachouchi Ratiba,e-rdv.ma
Dr Hakima N'jima,pediatrics,Casablanca,,55 lotiss. Zoubeir 3°ét.,,,,,,,,,,,N'jima Hakima,e-rdv.ma
Dr Keltoum Gaad,pediatrics,Casablanca,,1 bd Mohamed Al Bakkali lotiss. Jawhara D 1°ét. appt.3,,,,,,,,,,,Gaad Keltoum,e-rdv.ma
Dr Jamel Kada-Zair,pediatrics,Casablanca,Maarif,8 bd Yacoub El Mansour (Maarif) 1°ét. appt. n°11,,,,,,,,,,,Kada-Zair Jamel,e-rdv.ma
Dr Amina Bouchemmama,pediatrics,Casablanca,,46 bd de Fès (Aïn Chok) 1°ét. Haddaouia 3,,,,,,,,,,,Bouchemmama Amina,e-rdv.ma
Dr Ouafae Benmerzouk,pediatrics,Casablanca,,36 avenue Reda Guédira -ex Nil,,,,,,,,,,,Benmerzouk Ouafae,e-rdv.ma
Dr Mohammed Yaakoubi,pediatrics,Casablanca,,314 bd Abdelmoumen résid. Beni Znassen II n°2,,,,,,,,,,,Yaakoubi Mohammed,e-rdv.ma
Dr Atimad Chemaou,pediatrics,Casablanca,,47 avenue Stendhal - Casablanca 1er ét,,,,,,,,,,,Chemaou Atimad,e-rdv.ma
Dr Bouchra Saadi,pediatrics,Casablanca,,bd Oued Oum Errabia ang. bd du Cplxe Administratif 2°ét. appt. n°10 GH 1A,,,,,,,,,,,Saadi Bouchra,e-rdv.ma
Dr ElMostafa Arsalane,pediatrics,Casablanca,,9 rue Cadi Iass - ex Mont Cénis,,,,,,,,,,,Arsalane ElMostafa,e-rdv.ma
Dr Fatiha Morchid,pediatrics,Casablanca,,25 rue Ibn Batouta (derb Omar) Massira 1B,,,,,,,,,,,Morchid Fatiha,e-rdv.ma
Dr Leila Tazi,pediatrics,Casablanca,,45 bd Ghandi résid. Yasmine imm. H rdc,,,,,,,,,,,Tazi Leila,e-rdv.ma
Dr Mohamed ElHouari,pediatrics,Casablanca,,75 bd Massira El Khadra -ex Camille 2°ét.,,,,,,,,,,,ElHouari Mohamed,e-rdv.ma
Dr Asmaa Elomrani,pediatrics,Casablanca,,. av Mohamed Zefzaf -ex A - Casablanca resid. Haytam n°4 hay Walaa,,,,,,,,,,,Elomrani Asmaa,e-rdv.ma
Dr Zineb Bellamlih Lahlou,pediatrics,Casablanca,,36 rue du Titien résid. Les Pléiades,,,,,,,,,,,Bellamlih Lahlou Zineb,e-rdv.ma
Dr Fouzia Belmokhtar,pediatrics,Casablanca,Sidi Maârouf,lotiss. Al Moustakbal Gh 1B 1°ét. imm. 83 appt. 1 Sidi Maârouf,,,,,,,,,,,Belmokhtar Fouzia,e-rdv.ma
Dr Halim Kaicer,pediatrics,Casablanca,,19 rue El Hafid Abou Naim - ex Pau 1°ét.,,,,,,,,,,,Kaicer Halim,e-rdv.ma
Dr Ghali Mechiche Alami,pediatrics,Casablanca,,route d' El Jadida c.com. Nadia imm.1 1°ét.,,,,,,,,,,,Mechiche Alami Ghali,e-rdv.ma
Dr Naïma Serraj Andaloussi,pediatrics,Casablanca,,122 avenue du Deux Mars résid. Nasr Allah 2°ét. appt.6,,,,,,,,,,,Serraj Andaloussi Naïma,e-rdv.ma
Dr ElHassan ElBenna,pediatrics,Casablanca,,54 rue Socrate résid. Sabah 1°ét.,,,,,,,,,,,ElBenna ElHassan,e-rdv.ma
Dr Abdelhamid Khelfa,pediatrics,Casablanca,,304 avenue du Deux Mars 2°ét. n°4,,,,,,,,,,,Khelfa Abdelhamid,e-rdv.ma
Dr Asma Essouiba,pediatrics,Casablanca,,58 rue Oued Laou imm. City Office 3°ét. n°C7 Farah 1,,,,,,,,,,,Essouiba Asma,e-rdv.ma
Dr Adil FathAllah,pediatrics,Casablanca,Oulfa,lotiss. Al Firdaouss (Oulfa) GH7 imm. 65,,,,,,,,,,,FathAllah Adil,e-rdv.ma
Dr Kawtar Kettani,pediatrics,Casablanca,,bd Abou Bakr El Kadiri - Casablanca résid. Ahfad imm. E n°13,,,,,,,,,,,Kettani Kawtar,e-rdv.ma
Dr Asmaa Maltof,pediatrics,Casablanca,,bd Chefchaouni ang. rue Abdelhamid Bnou Badis résid. Chefchaouni El Gantour,,,,,,,,,,,Maltof Asmaa,e-rdv.ma
Dr Abderrahim Moustakim,pediatrics,Casablanca,,116 bd Abou Dar Ghafari-ex E Bernousi Amal 3,,,,,,,,,,,Moustakim Abderrahim,e-rdv.ma
Dr Abdelkhalek Zahouani,pediatrics,Casablanca,Errahma,bd Sidi Abderrahman ang. rte Azemmour imm. Communal Entrée A 1°ét. Farah 1,,,,,,,,,,,Zahouani Abdelkhalek,e-rdv.ma
Dr Meryem Laraki,pediatrics,Casablanca,,67 bd Mohammed V Aïn Chok,,,,,,,,,,,Laraki Meryem,e-rdv.ma
Dr Lahcen Naha,pediatrics,Casablanca,,111 rue de Sebta résid. Bandar 2°ét.,,,,,,,,,,,Naha Lahcen,e-rdv.ma
Dr Leila Lekhyar,pediatrics,Casablanca,,60 bd Moulay Mohamed El Baamrani -ex M - Casablanca 2°ét. hay Tariq - Bernoussi,,,,,,,,,,,Lekhyar Leila,e-rdv.ma
Dr Bouchra Mouwafaq,pediatrics,Casablanca,,76 bd de la Grande Ceinture (h.Mohammadi) résid. Elkhair 1°ét. n°110,,,,,,,,,,,Mouwafaq Bouchra,e-rdv.ma
Dr Abdellatif Elalami Trebki,pediatrics,Casablanca,,87 bd du Onze Janvier,,,,,,,,,,,Elalami Trebki Abdellatif,e-rdv.ma
Dr Khalil Msayif,pediatrics,Casablanca,,bd Ibn Tachfine résid. Essalam imm. G104 n°3,,,,,,,,,,,Msayif Khalil,e-rdv.ma
Dr Maria Zidani Fathallah,pediatrics,Casablanca,Oulfa,hay El Oulfa lotiss. Essalam GH 75 n°140 appt. n°3,,,,,,,,,,,Zidani Fathallah Maria,e-rdv.ma
Dr Hicham Kadmiri,pediatrics,Casablanca,,53 Le Littoral 1 El Ansari.,,,,,,,,,,,Kadmiri Hicham,e-rdv.ma
Dr Khadija Ben Darqawi,pediatrics,Casablanca,,100 lotiss. Al Moustakbal GH 3B 1°ét. n°1,,,,,,,,,,,Ben Darqawi Khadija,e-rdv.ma
Dr Soumia Herraf,pediatrics,Casablanca,,2 rue Yasmine - ex Myosotis résid.du palais imm.E 1°ét.,,,,,,,,,,,Herraf Soumia,e-rdv.ma
Dr Siham Benslimane Mghabbar,pediatrics,Casablanca,,bd Moulay Mohamed El Baamrani -ex M Chabab C2A imm F4 appt.2,,,,,,,,,,,Benslimane Mghabbar Siham,e-rdv.ma
Dr Abdelkrim Bennis,pediatrics,Casablanca,,53 bd Bir Anzarane - ex Danton,,,,,,,,,,,Bennis Abdelkrim,e-rdv.ma
Dr Rochd Benmerzouk,pediatrics,Casablanca,,bd El Qods résid. Almajd imm. A 1°ét. appt. 4,,,,,,,,,,,Benmerzouk Rochd,e-rdv.ma
Dr Zineb Manaf,pediatrics,Casablanca,,191 bd du Fouarat,,,,,,,,,,,Manaf Zineb,e-rdv.ma
Dr Abdelaziz Hachadi,pediatrics,Casablanca,,16 rue Charam Achaykh - ex Hassan Ziati,,,,,,,,,,,Hachadi Abdelaziz,e-rdv.ma
Dr Hakim Gofti,pediatrics,Casablanca,,600 bd Moulay Youssef 1°ét. Hassan,,,,,,,,,,,Gofti Hakim,e-rdv.ma
Dr Noureddine Ettabouti,pediatrics,Casablanca,,avenue Oued Beht - ex B Grp B n°5 rue 91,,,,,,,,,,,Ettabouti Noureddine,e-rdv.ma
Dr Kawtar Erbib,pediatrics,Casablanca,Oulfa,bd Oued Drâa (El Oulfa) rue 52 n°55 2°ét.,,,,,,,,,,,Erbib Kawtar,e-rdv.ma
Dr Najlae El Boulifi,pediatrics,Casablanca,,75 bd Mohamed Taieb Naciri - Casablanca 3°ét. n°6 Bir Rami Est,,,,,,,,,,,El Boulifi Najlae,e-rdv.ma
Dr Salma Bichri,pediatrics,Casablanca,,bd Ibn Tachfine rue Azdam Driss résid. les jardins de bélvèdere,,,,,,,,,,,Bichri Salma,e-rdv.ma
Dr Youssef Tazi,pediatrics,Casablanca,,188 avenue du Nil - ex E/M,,,,,,,,,,,Tazi Youssef,e-rdv.ma
Dr Nezha El Hattab El Ibrahimi,pediatrics,Casablanca,,bd Moulay Youssef ang. Gustave Nadaud 3°ét. n°6 Hassan,,,,,,,,,,,El Hattab El Ibrahimi Nezha,e-rdv.ma
Dr Mustapha Tazi,pediatrics,Casablanca,,av. Omar El Khayam - ex Mermoz ang. bd Abderrahim Bouabid résid. Caf-Office 2°ét.,,,,,,,,,,,Tazi Mustapha,e-rdv.ma
Dr Ferdaous ElMoukhlis,pediatrics,Casablanca,,264 av. Mokhtar Ben Ahmed Guernaoui,,,,,,,,,,,ElMoukhlis Ferdaous,e-rdv.ma
Dr Chakib Khattabi,pediatrics,Casablanca,,625 bd Mohammed V 2°ét.,,,,,,,,,,,Khattabi Chakib,e-rdv.ma
Dr Myriam Bensemlali,pediatrics,Casablanca,,2 rue Mohamed Taha - ex Préjean - Casablanca ang. rue Lahcen Omar,,,,,,,,,,,Bensemlali Myriam,e-rdv.ma
Dr Amal Bouslikhane Sefrioui,pediatrics,Casablanca,,665 bd de Goulmima résid. AlAKhaouine A Hassan,,,,,,,,,,,Bouslikhane Sefrioui Amal,e-rdv.ma
Dr Mohamed Khoungui,pediatrics,Casablanca,,75 bd Moulay Youssef 2°ét. Hassan,,,,,,,,,,,Khoungui Mohamed,e-rdv.ma
Dr Ahmed Sefiani,pediatrics,Casablanca,,89 avenue Stendahl 2° ét appt. n° 6,,,,,,,,,,,Sefiani Ahmed,e-rdv.ma
Dr Mohammed Kouate,pediatrics,Casablanca,,place Pasteur -ex Charles Nicolle Building Pasteur 2°ét. appt. n°9,,,,,,,,,,,Kouate Mohammed,e-rdv.ma
Dr Latifa Ryane,pediatrics,Casablanca,,305 avenue Reda Guédira -ex Nil 1°ét.,,,,,,,,,,,Ryane Latifa,e-rdv.ma
Dr Jaouad Chouaïb,pediatrics,Casablanca,Anfa,235 bd Yacoub El Mansour résid. Al Anfale entrée B3 3°étg. appt.9,,,,,,,,,,,Chouaïb Jaouad,e-rdv.ma
Dr Karima Zrikem,pediatrics,Casablanca,,68 rue Zarhoun - ex Reims Bettania,,,,,,,,,,,Zrikem Karima,e-rdv.ma
Dr Saïd Lahbabi Mohamed,pediatrics,Casablanca,,295 bd Abdelmoumen n°A4,,,,,,,,,,,Lahbabi Mohamed Saïd,e-rdv.ma
Dr Meryem Chabah,pediatrics,Casablanca,,97 bd Lalla Asmaa - ex G Grp 8 1°ét.,,,,,,,,,,,Chabah Meryem,e-rdv.ma
Dr Azzedine Khalil,pediatrics,Casablanca,,174 rue de Saint Laurent résid. Rizk 3°ét. appt.304,,,,,,,,,,,Khalil Azzedine,e-rdv.ma
Dr Rachida Chami,pediatrics,Casablanca,Maârif,340 bd Brahim Roudani résid. Maârif 4°ét.,,,,,,,,,,,Chami Rachida,e-rdv.ma
Dr Mohamed Ouasfi,pediatrics,Casablanca,,121 bd Smara (Aïn Chok) hay Mly Abdellah 1°ét.,,,,,,,,,,,Ouasfi Mohamed,e-rdv.ma
Dr Itto Afaf Ben,pediatrics,Casablanca,,50 rue des Hôpitaux - Casablanca 4° ét. Appt.12,,,,,,,,,,,Afaf Ben Itto,e-rdv.ma
Dr Moncef Ghattas,pediatrics,Casablanca,Sidi Bernoussi,hay Amal IV (Sidi Bernoussi) rue 56 n°7 1°ét.,,,,,,,,,,,Ghattas Moncef,e-rdv.ma
Dr Hafsa Abouelfaraj,psychiatry,Casablanca,,"☆ ☆ ☆ ☆ ☆ (0 avis) <div class=""resul",,,,,,,,,,,Abouelfaraj Hafsa,telecontact.ma
Dr Saghrani Afaf,psychiatry,Casablanca,,"☆ ☆ ☆ ☆ ☆ (0 avis) <div class=""result-search-ite",,,,,,,,,,,Afaf Saghrani,telecontact.ma
Dr Naoual Ajoub,psychiatry,Casablanca,,"★ ★ ★ ★ ★ (1 avis) <div class=""result-sea",,,,,,,,,,,Ajoub Naoual,telecontact.ma
Dr Hasnaa Ajrouj,psychiatry,Casablanca,,"☆ ☆ ☆ ☆ ☆ (0 avis) <div class=""result-search-ite",,,,,,,,,,,Ajrouj Hasnaa,telecontact.ma
Dr David Amsellem,psychiatry,Casablanca,,"☆ ☆ ☆ ☆ ☆ (0 avis) <div class=""result-search",,,,,,,,,,,Amsellem David,telecontact.ma
Dr Yassine Anwar M'hamed,psychiatry,Casablanca,,☆ ☆ ☆ ☆ ☆ (0 avis) <div,,,,,,,,,,,Anwar M'hamed Yassine,telecontact.ma
Dr Malika Arhzane,psychiatry,Casablanca,,"☆ ☆ ☆ ☆ ☆ (0 avis) <div class=""result-search",,,,,,,,,,,Arhzane Malika,telecontact.ma
Dr Fatima Asouab,psychiatry,Casablanca,,"☆ ☆ ☆ ☆ ☆ (0 avis) <div class=""result-search-ite",,,,,,,,,,,Asouab Fatima,telecontact.ma
Dr ) Association Marocaine Des Psychiatres D'exercice Privé ( Ampep,psychiatry,Casablanca,,☆ ☆ ☆ ☆ ☆,,,,,,,,,,,Association Marocaine Des Psychiatres D'exercice Privé ( Ampep ),telecontact.ma
Dr Aziz Badr,psychiatry,Casablanca,,"☆ ☆ ☆ ☆ ☆ (0 avis) <div class=""result-search-item-non-annonc",,,,,,,,,,,Badr Aziz,telecontact.ma
Dr Dounia Belghazi,psychiatry,Casablanca,,"☆ ☆ ☆ ☆ ☆ (0 avis) <div class=""result-sear",,,,,,,,,,,Belghazi Dounia,telecontact.ma
Dr Najib Benabdeljalil Mohamed,psychiatry,Casablanca,,☆ ☆ ☆ ☆ ☆ (0 avis),,,,,,,,,,,Benabdeljalil Mohamed Najib,telecontact.ma
Dr Soumia Benabderrazik,psychiatry,Casablanca,,☆ ☆ ☆ ☆ ☆ (0 avis) <div cla,,,,,,,,,,,Benabderrazik Soumia,telecontact.ma
Dr Mehdi Benbrahim,psychiatry,Casablanca,,"☆ ☆ ☆ ☆ ☆ (0 avis) <div class=""result-sear",,,,,,,,,,,Benbrahim Mehdi,telecontact.ma
Dr Salima Benmouama,psychiatry,Casablanca,,"☆ ☆ ☆ ☆ ☆ (0 avis) <div class=""result-s",,,,,,,,,,,Benmouama Salima,telecontact.ma
Dr Nisrine Abdelhay,psychiatry,Bouskoura,Bouskoura,"☆ ☆ ☆ ☆ ☆ (0 avis) <div class=""result-sea",,,,,,,,,,,Abdelhay Nisrine,telecontact.ma
Dr Said Arsalane,psychiatry,Mohammedia,Mohammedia,"☆ ☆ ☆ ☆ ☆ (0 avis) <div class=""result-search-ite",,,,,,,,,,,Arsalane Said,telecontact.ma
Dr Elhassane Hamdani,psychiatry,Mohammedia,Mohammedia,"☆ ☆ ☆ ☆ ☆ (0 avis) <div class=""resul",,,,,,,,,,,Hamdani Elhassane,telecontact.ma
Dr Safae Khilaji,psychiatry,Mohammedia,Mohammedia,"☆ ☆ ☆ ☆ ☆ (0 avis) <div class=""result-search-i",,,,,,,,,,,Khilaji Safae,telecontact.ma
Dr Nadia Mouchtaq,psychiatry,Mohammedia,Mohammedia,"☆ ☆ ☆ ☆ ☆ (0 avis) <div class=""result-search",,,,,,,,,,,Mouchtaq Nadia,telecontact.ma
Dr Youssef El Hamaoui,psychiatry,Casablanca,,227 bd Ghandi 2°ét. n°3,,,,,,,,,,,El Hamaoui Youssef,e-rdv.ma
Dr Hachem Tyal Mohamed,psychiatry,Casablanca,Anfa,rue Anfa Clubs rue des plateformes 1 projet Casa anfa,,,,,,,,,,,Tyal Mohamed Hachem,e-rdv.ma
Dr Louafi Rguibi,psychiatry,Casablanca,,452 bd Abdelmoumen ang. bd. Anoual Abdelmoumen Center 2°ét. n°205,,,,,,,,,,,Rguibi Louafi,e-rdv.ma
Dr Imane Oukheir,psychiatry,Casablanca,,34 bd du 9 Avril -ex Cl. Perrault ang. rue Abou Bakr Al Makhzoumi,,,,,,,,,,,Oukheir Imane,e-rdv.ma
Dr Ali Rimani,psychiatry,Casablanca,,avenue de Nice - Casablanca résid. Normandie 2 5°ét. n°9 Hay El Qods,,,,,,,,,,,Rimani Ali,e-rdv.ma
Dr Selma Rachidi,psychiatry,Casablanca,,223 bd. Abdelmoumen agl. place du docteur charles nicole 4°ét. n°26,,,,,,,,,,,Rachidi Selma,e-rdv.ma
Dr Hajar Mehdi,psychiatry,Casablanca,,511 bd El Qods résid. les Jardins AlQods imm GH8 4°ét. n°31,,,,,,,,,,,Mehdi Hajar,e-rdv.ma
Dr Najoua Ghazal,psychiatry,Casablanca,,17 rue Najib Mahfoud -ex Ollier,,,,,,,,,,,Ghazal Najoua,e-rdv.ma
Dr Khalid Elalj,psychiatry,Casablanca,Mers Sultan,70 bd Mohamed Zerktouni 3°ét. appt.8 Quartier mers sultan 1,,,,,,,,,,,Elalj Khalid,e-rdv.ma
Dr Hasnaa Sakhi,psychiatry,Casablanca,,209 bd Amgala - ex A 1°ét. appt. n°2,,,,,,,,,,,Sakhi Hasnaa,e-rdv.ma
Dr Jamila Ezzaki,psychiatry,Casablanca,,113 bd Yacoub El Mansour 3°ét.,,,,,,,,,,,Ezzaki Jamila,e-rdv.ma
Dr Houria Rhoulam,psychiatry,Casablanca,,173 bd Yacoub El Mansour espace Al Andalous 1°ét. n°4,,,,,,,,,,,Rhoulam Houria,e-rdv.ma
Dr Elbachir Herradi,psychiatry,Casablanca,,16 rue Abdelkader Mouftakar ex Clémence 3°ét. Aïn Chok,,,,,,,,,,,Herradi Elbachir,e-rdv.ma
Dr Loubna Bouhaouli,psychiatry,Casablanca,,30 bd Ain Taoujtate -ex Jouffroy 3°ét. Hassan,,,,,,,,,,,Bouhaouli Loubna,e-rdv.ma
Dr Houda Hjiej,psychiatry,Casablanca,,70 bd Mohamed Zerktouni - Casablanca 3°ét. appt. 8,,,,,,,,,,,Hjiej Houda,e-rdv.ma
Dr Bouchaïb Karoumi,psychiatry,Casablanca,,44 rue des Hôpitaux -ex Banaflous 2°ét.,,,,,,,,,,,Karoumi Bouchaïb,e-rdv.ma
Dr Mariame Louahabi,psychiatry,Casablanca,,111 rue de Sebta,,,,,,,,,,,Louahabi Mariame,e-rdv.ma
Dr Sara Waliaallah,psychiatry,Casablanca,,bd Abdelmoumen ang. Anoual Al Miaraj Center 2°ét. appt. 25,,,,,,,,,,,Waliaallah Sara,e-rdv.ma
Dr Driss ElAmraoui,psychiatry,Casablanca,,39 bd Rahal El Meskini 4°ét. Apt. 8,,,,,,,,,,,ElAmraoui Driss,e-rdv.ma
Dr Malika Khomais,psychiatry,Casablanca,,59 bd Rahal El Meskini 2°ét.,,,,,,,,,,,Khomais Malika,e-rdv.ma
Dr Chafika Sekkat,psychiatry,Casablanca,Mers Sultan,8 rue Oued Kabir -ex Remiremont Quartier mers sultan 1,,,,,,,,,,,Sekkat Chafika,e-rdv.ma
Dr Abdelhafid Boukili My,psychiatry,Casablanca,,17 rue Mahmoud Timour -ex Rabelais résid. Rawafid 2 rdc,,,,,,,,,,,Boukili My Abdelhafid,e-rdv.ma
Dr Anouar Reda,psychiatry,Casablanca,,75 rue Abou Al Alaa Zahar -ex Vésale,,,,,,,,,,,Reda Anouar,e-rdv.ma
Dr Abdellah Ziou Ziou,psychiatry,Casablanca,,rue du Lieutenant Mahroud Mohamed résid. Valrose imm. E 1°ét. appt. n°5,,,,,,,,,,,Ziou Ziou Abdellah,e-rdv.ma
Dr Soumia Berrada,psychiatry,Casablanca,,93 av. Omar El Khayam - ex Mermoz résid. Espace Mermoz 4°ét. bur.14 Hay Essaada,,,,,,,,,,,Berrada Soumia,e-rdv.ma
Dr Warda Moufti Aboutika,psychiatry,Casablanca,,route d' El Jadida c.com. Nadia imm.3 3°ét.,,,,,,,,,,,Moufti Aboutika Warda,e-rdv.ma
Dr Ghita Elkhayat,psychiatry,Casablanca,Anfa,131 bd d' Anfa 2°ét.,,,,,,,,,,,Elkhayat Ghita,e-rdv.ma
Dr Mohamed El Kardi,psychiatry,Casablanca,,5 rue Galien,,,,,,,,,,,El Kardi Mohamed,e-rdv.ma
Dr Bachir Bentounsi El,psychiatry,Casablanca,,744 rue Oulad Saïd -ex Cdt Drogou résid. Hanane Jassim 1 1°ét. Hassan,,,,,,,,,,,Bentounsi El Bachir,e-rdv.ma
Dr Fatima Berraoui,psychiatry,Casablanca,,219 route d' El Jadida résid. Nour 2°ét. appt. 7,,,,,,,,,,,Berraoui Fatima,e-rdv.ma
Dr Nassim Mabrouk,psychiatry,Casablanca,,264 bd Ghandi - Casablanca résid. Jawharat Ghandi,,,,,,,,,,,Mabrouk Nassim,e-rdv.ma
Dr Mouhcine Benyachou,psychiatry,Casablanca,,23 rue du Prince Moulay Abdallah 2°ét. appt. 5 Aïn Chok,,,,,,,,,,,Benyachou Mouhcine,e-rdv.ma
Dr Sarra Waliaallah,psychiatry,Casablanca,,1 bd Abdelmoumen - Casablanca résid. Almaraj Center,,,,,,,,,,,Waliaallah Sarra,e-rdv.ma
Dr Mohammed Kahlaoui,psychiatry,Casablanca,,293 bd Abdelmoumen - Casablanca Imm morjana 3° ét. N°1,,,,,,,,,,,Kahlaoui Mohammed,e-rdv.ma
Dr Loubna Bricha,psychiatry,Casablanca,,165 bd Abdelmoumen résid. les Champs Center,,,,,,,,,,,Bricha Loubna,e-rdv.ma
Dr Othman Lorabi,psychiatry,Casablanca,,33 rue Najib Mahfoud -ex Ollier,,,,,,,,,,,Lorabi Othman,e-rdv.ma
Dr Déménagement Bruno Orlando,otolaryngology,Casablanca,,☆ ☆ ☆ ☆ ☆ (0 avis) <,,,,,,,,,,,Bruno Orlando Déménagement,telecontact.ma
Dr Orlando Casa,otolaryngology,Casablanca,,"☆ ☆ ☆ ☆ ☆ (0 avis) <div class=""result-search-item-n",,,,,,,,,,,Casa Orlando,telecontact.ma
Centre Bir Anzarane D'o.r.l,otolaryngology,Casablanca,,☆ ☆ ☆ ☆ ☆ (0 avis),,,,,,,,,,,Centre Bir Anzarane D'o.r.l.,telecontact.ma
Clinique Orl Beauséjour,otolaryngology,Casablanca,,☆ ☆ ☆ ☆ ☆ (0 avis),,,,,,,,,,,Clinique Orl Beauséjour,telecontact.ma
Dr Car Orlando,otolaryngology,Casablanca,,"☆ ☆ ☆ ☆ ☆ (0 avis) <div class=""result-search-item-non",,,,,,,,,,,Orlando Car,telecontact.ma
Dr Export Orlent Import,otolaryngology,Casablanca,,☆ ☆ ☆ ☆ ☆ (0 avis) <div cla,,,,,,,,,,,Orlent Import Export,telecontact.ma
Dr Orlimedis,otolaryngology,Casablanca,,"☆ ☆ ☆ ☆ ☆ (0 avis) <div class=""result-search-item-non-annonc",,,,,,,,,,,Orlimedis,telecontact.ma
Dr Orlimedis.negoce,otolaryngology,Casablanca,,"☆ ☆ ☆ ☆ ☆ (0 avis) <div class=""result-s",,,,,,,,,,,Orlimedis.negoce,telecontact.ma
Dr Orlende Ste,otolaryngology,Casablanca,,"☆ ☆ ☆ ☆ ☆ (0 avis) <div class=""result-search-item-non",,,,,,,,,,,Ste Orlende,telecontact.ma
Centre Orl Elalia,otolaryngology,Mohammedia,Mohammedia,"☆ ☆ ☆ ☆ ☆ (0 avis) <div class=""resul",,,,,,,,,,,Centre Orl Elalia,telecontact.ma
Dr Orlen Complexe,otolaryngology,Mohammedia,Mohammedia,"☆ ☆ ☆ ☆ ☆ (0 avis) <div class=""result-searc",,,,,,,,,,,Complexe Orlen,telecontact.ma
Dr Adil Mekouar,otolaryngology,Casablanca,,avenue du Dix Mars place de la prefecture 3°ét. centre médical,,,,,,,,,,,Mekouar Adil,e-rdv.ma
Dr Mhamed Chraibi,otolaryngology,Casablanca,Anfa,47 bd d' Anfa résid.Roia 2°ét.,,,,,,,,,,,Chraibi Mhamed,e-rdv.ma
Dr Nawal Nadef,otolaryngology,Casablanca,,58 Lot. Missimi 4°ét. appt. 44 & 45 City office Farah 1,,,,,,,,,,,Nadef Nawal,e-rdv.ma
Dr ElAbidine Laraqui Nourallah Zine,otolaryngology,Casablanca,,119 bd Bir Anzarane - ex Danton résid. Ramzi B 2°ét.,,,,,,,,,,,Laraqui Nourallah Zine ElAbidine,e-rdv.ma
Dr Abdelhamid Benghalem,otolaryngology,Casablanca,,58 bd Rachidi Branes,,,,,,,,,,,Benghalem Abdelhamid,e-rdv.ma
Dr Zhor Seffar Andaloussi,otolaryngology,Casablanca,,404 bd El Qods résid. Assakane Al Anik 1°ét. appt. n°6 hay Chrifa,,,,,,,,,,,Seffar Andaloussi Zhor,e-rdv.ma
Dr Mostapha Detsouli,otolaryngology,Casablanca,,161 bd de la Mecque ghanem,,,,,,,,,,,Detsouli Mostapha,e-rdv.ma
Dr Mhamed Ait Ouhani,otolaryngology,Casablanca,,737 bd Moulay Youssef - Casablanca ang. rue Boukraa résid. Miramar bur. n°6,,,,,,,,,,,Ait Ouhani Mhamed,e-rdv.ma
Dr Aïcha Agouzzal Youssoufi,otolaryngology,Casablanca,,203 bd Mohamed Zerktouni résid. BenHam 5°ét.,,,,,,,,,,,Agouzzal Youssoufi Aïcha,e-rdv.ma
Dr Hassan Dachi,otolaryngology,Casablanca,,avenue Mohamed Bouziane résid. Farhatine 3 1°ét. n°1,,,,,,,,,,,Dachi Hassan,e-rdv.ma
Dr Afaf Refass,otolaryngology,Casablanca,,301 bd Abdelmoumen,,,,,,,,,,,Refass Afaf,e-rdv.ma
Dr Reda Mouffak Mohamed,otolaryngology,Casablanca,,7 rue Jean Jaurès Clinique Alfarabi,,,,,,,,,,,Mouffak Mohamed Reda,e-rdv.ma
Dr Noureddine Lahlou,otolaryngology,Casablanca,,47 bd Mohammed V 2°ét. Aïn Chok,,,,,,,,,,,Lahlou Noureddine,e-rdv.ma
Dr Khalid Kriem,otolaryngology,Casablanca,Anfa,131 bd d' Anfa 2°ét. appt. n°2,,,,,,,,,,,Kriem Khalid,e-rdv.ma
Dr Amine Saïdi,otolaryngology,Casablanca,,bd Oued Oum Rabie résid. AlFirdaous GH25/A imm.30 rdc n°1,,,,,,,,,,,Saïdi Amine,e-rdv.ma
Dr Laïla Riahi Idrissi,otolaryngology,Casablanca,,avenue du Cdt Driss Lharti - ex A hay Jamila III rue 16 n°5,,,,,,,,,,,Riahi Idrissi Laïla,e-rdv.ma
Dr Brahim Benali,otolaryngology,Casablanca,,24 rue de l' Imam El Aloussi 4°ét.,,,,,,,,,,,Benali Brahim,e-rdv.ma
Dr Abdelkrim Bouachra,otolaryngology,Casablanca,,29 avenue Akid Allam 1°ét.,,,,,,,,,,,Bouachra Abdelkrim,e-rdv.ma
Dr Chakib Chraibi Mohamed,otolaryngology,Casablanca,,82 rue Soumaya - ex Pierre Puget 3°ét.,,,,,,,,,,,Chraibi Mohamed Chakib,e-rdv.ma
Dr Saâd Tazi,otolaryngology,Casablanca,,653 bd de Goulmima résid. le Louvre Hassan,,,,,,,,,,,Tazi Saâd,e-rdv.ma
Dr Najib Baghdadi,otolaryngology,Casablanca,,bd El Qods résid. Eddamane GH1 appt. n°6,,,,,,,,,,,Baghdadi Najib,e-rdv.ma
Dr Kamal Guessous,otolaryngology,Casablanca,,11 bd Mohamed Zerktouni résid. Tarfaya 3°ét. appt. n°7,,,,,,,,,,,Guessous Kamal,e-rdv.ma
Dr Mustapha Maghfour,otolaryngology,Casablanca,,173 avenue du Nil - ex E/M bloc23 n°13,,,,,,,,,,,Maghfour Mustapha,e-rdv.ma
Dr Salah Berrada Boussairy,otolaryngology,Casablanca,,hay Amal I rue 38 n°55,,,,,,,,,,,Berrada Boussairy Salah,e-rdv.ma
Dr Mustapha Touhami,otolaryngology,Casablanca,,76 bd Abdelmoumen résid. Koutoubia 4°ét.,,,,,,,,,,,Touhami Mustapha,e-rdv.ma
Dr Mohamed Ait Taleb,otolaryngology,Casablanca,,8 av Mohamed Zefzaf -ex A résid. Rym 1 appt. 9 1°ét. Salam 1,,,,,,,,,,,Ait Taleb Mohamed,e-rdv.ma
Dr Imane El Mansouri,otolaryngology,Casablanca,,633 bd de Goulmima 1°ét. appt. n°1 Hassan,,,,,,,,,,,El Mansouri Imane,e-rdv.ma
Dr Younes Chekkoury Idrissi,otolaryngology,Casablanca,,14 bd Mohamed Zerktouni,,,,,,,,,,,Chekkoury Idrissi Younes,e-rdv.ma
Dr Zoubir Mekouar,otolaryngology,Casablanca,,400 bd Brahim Roudani 5°ét.,,,,,,,,,,,Mekouar Zoubir,e-rdv.ma
Dr Omar Wydadi,otolaryngology,Casablanca,,35 bd Abou Bakr El Kadiri Panorama imm. 1 3°ét. n°13,,,,,,,,,,,Wydadi Omar,e-rdv.ma
Dr Mariem Bourjilat,otolaryngology,Casablanca,,104 avenue Joulan - ex D - Casablanca 3°ét.,,,,,,,,,,,Bourjilat Mariem,e-rdv.ma
Dr Abdelilah Mhadi,otolaryngology,Casablanca,,111 rue de Ceuta (Sebta),,,,,,,,,,,Mhadi Abdelilah,e-rdv.ma
Dr Brahim Elwafi,otolaryngology,Casablanca,Mers Sultan,52 bd Mohamed Zerktouni espace Erreda 1°ét. Quartier mers sultan 1,,,,,,,,,,,Elwafi Brahim,e-rdv.ma
Dr Amine Allouane Med.,otolaryngology,Casablanca,,bd El Qods - Casablanca ang. bd Haifa rédid. Ryad Al Qods,,,,,,,,,,,Allouane Med. Amine,e-rdv.ma
Dr Rachid El Ansari,otolaryngology,Casablanca,,319 bd Lalla Asmaa - ex G - Casablanca 2°ét.,,,,,,,,,,,El Ansari Rachid,e-rdv.ma
Dr Redouane Khbaz,otolaryngology,Casablanca,,282 bd Mohammed VI -ex Strasbourg résid. Casa I 4°ét.,,,,,,,,,,,Khbaz Redouane,e-rdv.ma
Dr Chakib Alami Idrissi,otolaryngology,Casablanca,,bd El Qods c/o polycl. C.n.s.s. Inara II,,,,,,,,,,,Alami Idrissi Chakib,e-rdv.ma
Dr Faissal Daoui,otolaryngology,Casablanca,,80 bd de la Grande Ceinture (h.Mohammadi) résid. Aziza 1°ét.,,,,,,,,,,,Daoui Faissal,e-rdv.ma
Dr Fatima Bellamy,otolaryngology,Casablanca,,123 bd Moulay Idriss 1er résid. Les Iris Centre 4°ét. n°39,,,,,,,,,,,Bellamy Fatima,e-rdv.ma
Dr Hamid Lounis,otolaryngology,Casablanca,,19 avenue Hassan II 5°ét. Aïn Chok,,,,,,,,,,,Lounis Hamid,e-rdv.ma
Dr Houda Zine ElAbidine,otolaryngology,Casablanca,,100 bd Oued Oum Errabia résid. Al Ofoq,,,,,,,,,,,Zine ElAbidine Houda,e-rdv.ma
Dr Mohamed Berrada Sounni,otolaryngology,Casablanca,,198 bd Ghandi (Clinique Beauséjour),,,,,,,,,,,Berrada Sounni Mohamed,e-rdv.ma
Dr Fouzia Alami,otolaryngology,Casablanca,,rue de la Sécurité sociale -ex Jules Grévy polycl.cnss,,,,,,,,,,,Alami Fouzia,e-rdv.ma
Dr Mustapha Essaâdi,otolaryngology,Casablanca,,261 bd Abdelmoumen résid. Al Amal imm. B 3°ét. appt. n°16,,,,,,,,,,,Essaâdi Mustapha,e-rdv.ma
Dr Zineb Mouline,otolaryngology,Casablanca,,26 bd Haj Fateh - Casablanca Bir Rami Est,,,,,,,,,,,Mouline Zineb,e-rdv.ma
Dr Hicham ElAlj,otolaryngology,Casablanca,,203 boulevard Panoramique résid. Panoramique 1° ét appt. 17,,,,,,,,,,,ElAlj Hicham,e-rdv.ma
Dr Abdelhaq Laraki,otolaryngology,Casablanca,Oulfa,hay El Oulfa Wifak 2 rue 65 n°68,,,,,,,,,,,Laraki Abdelhaq,e-rdv.ma
Dr Abdelhamid Idrissi,otolaryngology,Casablanca,,103 rue Chaouia -ex Colbert Massira 1B,,,,,,,,,,,Idrissi Abdelhamid,e-rdv.ma
Dr Jaafar Benjelloun,otolaryngology,Casablanca,,39 avenue Lalla Yacout 1°ét. Massira 1B,,,,,,,,,,,Benjelloun Jaafar,e-rdv.ma
Dr Zakia Soubhi,otolaryngology,Casablanca,,269 bd Ziraoui 1°ét. Hay El Qods,,,,,,,,,,,Soubhi Zakia,e-rdv.ma
Dr Amina Benzaouia,otolaryngology,Casablanca,Sidi Maarouf,157 Lotiss. Dandoune Sidi Maarouf,,,,,,,,,,,Benzaouia Amina,e-rdv.ma
Dr Madani Zizi,otolaryngology,Casablanca,,105 bd d' Afghanistan Farah 1,,,,,,,,,,,Zizi Madani,e-rdv.ma
Dr Najib Hrichi,otolaryngology,Casablanca,Mers Sultan,102 bd Mohamed Zerktouni 2°ét. Quartier mers sultan 1,,,,,,,,,,,Hrichi Najib,e-rdv.ma
Dr Abdechafik Rahmani,otolaryngology,Casablanca,,24 bd Abou Dar Ghafari-ex E Bernousi,,,,,,,,,,,Rahmani Abdechafik,e-rdv.ma
Dr Abdelkarim Chraïbi,otolaryngology,Casablanca,,319 rue Mostapha El Maani 1°ét. Bettania,,,,,,,,,,,Chraïbi Abdelkarim,e-rdv.ma
Dr Najib Benjelloun,otolaryngology,Casablanca,Anfa,235 bd Yacoub El Mansour (Beauséjour) résid. AlAnfal imm. B1 2°ét. appt. 5,,,,,,,,,,,Benjelloun Najib,e-rdv.ma
Dr Adil Benlyazid El Hassani,otolaryngology,Casablanca,,119 bd Abdelmoumen 3°ét. n°26,,,,,,,,,,,Benlyazid El Hassani Adil,e-rdv.ma
Dr Hassan Chelly,otolaryngology,Casablanca,,7 rue Jean Jaurès clinique AlFarabi,,,,,,,,,,,Chelly Hassan,e-rdv.ma
Dr Youssef Alaoui Fdili,otolaryngology,Casablanca,Mers Sultan,34 bd Mohamed Zerktouni 2°ét. Quartier mers sultan 1,,,,,,,,,,,Alaoui Fdili Youssef,e-rdv.ma
Dr Ahmed Jabri,otolaryngology,Casablanca,Errahma,76 bd Sidi Abderrahman derb Houria 1°ét. Farah 1,,,,,,,,,,,Jabri Ahmed,e-rdv.ma
Dr Nabil Tazi Mohamed,otolaryngology,Casablanca,,132 avenue du Cdt Driss Lharti - ex A 1°ét. Jamila 3,,,,,,,,,,,Tazi Mohamed Nabil,e-rdv.ma
Dr Mohamed Tahiri,otolaryngology,Casablanca,,21 bd Lahcen ou Ider 1°ét.,,,,,,,,,,,Tahiri Mohamed,e-rdv.ma
Dr Tayeb Baghdadi,otolaryngology,Casablanca,,lotiss. Moulay Thami 25 Bd HH 24 1er 2ét. Rond Point George,,,,,,,,,,,Baghdadi Tayeb,e-rdv.ma
Dr Faouzi Belqadi,otolaryngology,Casablanca,,119 bd Bir Anzarane - ex Danton résid. Ramzi porte B 2°ét.,,,,,,,,,,,Belqadi Faouzi,e-rdv.ma
Dr Isaac Cohen,otolaryngology,Casablanca,,24 rue de l' Imam El Aloussi,,,,,,,,,,,Cohen Isaac,e-rdv.ma
Dr Abdelaziz Janah,otolaryngology,Casablanca,,104 bd Abdelmoumen 3°ét. n°8,,,,,,,,,,,Janah Abdelaziz,e-rdv.ma
Dr Ryad Abouchammala,orthopedics,Casablanca,,"☆ ☆ ☆ ☆ ☆ (0 avis) <div class=""resul",,,,,,,,,,,Abouchammala Ryad,telecontact.ma
Dr Merouane Abouchane,orthopedics,Casablanca,,"☆ ☆ ☆ ☆ ☆ (0 avis) <div class=""re",,,,,,,,,,,Abouchane Merouane,telecontact.ma
Dr Abdelghani Aboutika,orthopedics,Casablanca,,☆ ☆ ☆ ☆ ☆ (0 avis) <div class=,,,,,,,,,,,Aboutika Abdelghani,telecontact.ma
Dr Anis Achargui,orthopedics,Casablanca,,"☆ ☆ ☆ ☆ ☆ (0 avis) <div class=""result-search-ite",,,,,,,,,,,Achargui Anis,telecontact.ma
Dr Mustapha Akhmisse,orthopedics,Casablanca,,"☆ ☆ ☆ ☆ ☆ (0 avis) <div class=""resul",,,,,,,,,,,Akhmisse Mustapha,telecontact.ma
Dr Mohammed Alaoui Aziz,orthopedics,Casablanca,,☆ ☆ ☆ ☆ ☆ (0 avis) <div cla,,,,,,,,,,,Alaoui Aziz Mohammed,telecontact.ma
Dr Youness Allali,orthopedics,Casablanca,,"☆ ☆ ☆ ☆ ☆ (0 avis) <div class=""result-search",,,,,,,,,,,Allali Youness,telecontact.ma
Dr Noureddine Amri,orthopedics,Casablanca,,"☆ ☆ ☆ ☆ ☆ (0 avis) <div class=""result-sear",,,,,,,,,,,Amri Noureddine,telecontact.ma
Dr Fouad Arbaoui,orthopedics,Casablanca,,"☆ ☆ ☆ ☆ ☆ (0 avis) <div class=""result-search-ite",,,,,,,,,,,Arbaoui Fouad,telecontact.ma
Dr Mohamed Arssi,orthopedics,Casablanca,,"☆ ☆ ☆ ☆ ☆ (0 avis) <div class=""result-search-ite",,,,,,,,,,,Arssi Mohamed,telecontact.ma
Dr Jacques Azoulai Jean,orthopedics,Casablanca,,☆ ☆ ☆ ☆ ☆ (0 avis) <div cla,,,,,,,,,,,Azoulai Jean Jacques,telecontact.ma
Dr Sahel Beldjelti,orthopedics,Casablanca,,"☆ ☆ ☆ ☆ ☆ (0 avis) <div class=""result-sear",,,,,,,,,,,Beldjelti Sahel,telecontact.ma
Dr Elmostafa Belhaj,orthopedics,Casablanca,,"☆ ☆ ☆ ☆ ☆ (0 avis) <div class=""result-s",,,,,,,,,,,Belhaj Elmostafa,telecontact.ma
Dr Jad Bellaouchi,orthopedics,Casablanca,,"★ ★ ★ ★ ★ (1 avis) <div class=""result",,,,,,,,,,,Bellaouchi Jad,telecontact.ma
Dr Mohamed Ben El Ayfar,orthopedics,Casablanca,,☆ ☆ ☆ ☆ ☆ (0 avis) <div cla,,,,,,,,,,,Ben El Ayfar Mohamed,telecontact.ma
Dr Chakir Ben Reddad,orthopedics,Casablanca,,"☆ ☆ ☆ ☆ ☆ (0 avis) <div class=""resul",,,,,,,,,,,Ben Reddad Chakir,telecontact.ma
Dr Abderrafi Benabdennbi,orthopedics,Casablanca,,☆ ☆ ☆ ☆ ☆ (0 avis) <div,,,,,,,,,,,Benabdennbi Abderrafi,telecontact.ma
Dr Assia Benchaaboun,orthopedics,Casablanca,,"☆ ☆ ☆ ☆ ☆ (0 avis) <div class=""resul",,,,,,,,,,,Benchaaboun Assia,telecontact.ma
Dr Réda Bennani Lahmam,orthopedics,Casablanca,,☆ ☆ ☆ ☆ ☆ (0 avis) <div class=,,,,,,,,,,,Bennani Lahmam Réda,telecontact.ma
Dr Nacer Adnane,orthopedics,Bouskoura,Bouskoura,"☆ ☆ ☆ ☆ ☆ (0 avis) <div class=""result-search-item-non",,,,,,,,,,,Adnane Nacer,telecontact.ma
Dr Ahmed Arjoun,orthopedics,Mohammedia,Mohammedia,"☆ ☆ ☆ ☆ ☆ (0 avis) <div class=""result-search-item-n",,,,,,,,,,,Arjoun Ahmed,telecontact.ma
Dr Hassan Ben El Hafi,orthopedics,Mohammedia,Mohammedia,"☆ ☆ ☆ ☆ ☆ (0 avis) <div class=""re",,,,,,,,,,,Ben El Hafi Hassan,telecontact.ma
Dr Abdelhaq Chafil,orthopedics,Mohammedia,Mohammedia,"☆ ☆ ☆ ☆ ☆ (0 avis) <div class=""result-sear",,,,,,,,,,,Chafil Abdelhaq,telecontact.ma
Dr Reda Ghabri Mohammed,orthopedics,Mohammedia,Mohammedia,☆ ☆ ☆ ☆ ☆ (0 avis) <div cla,,,,,,,,,,,Ghabri Mohammed Reda,telecontact.ma
Dr Mostafa Lahkim,orthopedics,Mohammedia,Mohammedia,"☆ ☆ ☆ ☆ ☆ (0 avis) <div class=""result-search",,,,,,,,,,,Lahkim Mostafa,telecontact.ma
Dr Hassan Mansour,orthopedics,Mohammedia,Mohammedia,"☆ ☆ ☆ ☆ ☆ (0 avis) <div class=""result-search",,,,,,,,,,,Mansour Hassan,telecontact.ma
Dr Mourad Riahi,orthopedics,Mohammedia,Mohammedia,"☆ ☆ ☆ ☆ ☆ (0 avis) <div class=""result-search-item-n",,,,,,,,,,,Riahi Mourad,telecontact.ma
Dr Thami Tazi,orthopedics,Mohammedia,Mohammedia,"☆ ☆ ☆ ☆ ☆ (0 avis) <div class=""result-search-item-non-ann",,,,,,,,,,,Tazi Thami,telecontact.ma
Dr Amine Ouzif Mohamed,orthopedics,Casablanca,,bd El Qods ang. bd Haifa résid. Ryad Al Qods GH2 1°ét. n°6,,,,,,,,,,,Ouzif Mohamed Amine,e-rdv.ma
Dr Abdeljalil Benhallam,orthopedics,Casablanca,,73 rue Ibn Jaljal -ex Général Ferrié clinique AlAmine,,,,,,,,,,,Benhallam Abdeljalil,e-rdv.ma
Dr Abderrazak Merini,orthopedics,Casablanca,,21 place Louis Pasteur -ex Charles Nicolle résid. Pasteur,,,,,,,,,,,Merini Abderrazak,e-rdv.ma
Dr Salaheddine Ghrib,orthopedics,Casablanca,,bd El Qods - Casablanca résid. les Rosiers Imm. 1 1° ét. n°112,,,,,,,,,,,Ghrib Salaheddine,e-rdv.ma
Dr Abderrazak Hefti,orthopedics,Casablanca,,bd du 9 Avril-ex Cl. Perrault ang. bd. Med Abdou clinique Zerktouni,,,,,,,,,,,Hefti Abderrazak,e-rdv.ma
Dr Saifou-En-nasr Yacoubi,orthopedics,Casablanca,,63 rue washington,,,,,,,,,,,Yacoubi Saifou-En-nasr,e-rdv.ma
Dr Abderrahmane Lamine,orthopedics,Casablanca,,avenue Akid Allam résid. Annakhla porte 2 1°ét.,,,,,,,,,,,Lamine Abderrahmane,e-rdv.ma
Dr Abdelilah ElMansouri,orthopedics,Casablanca,Anfa,105 bd d' Anfa,,,,,,,,,,,ElMansouri Abdelilah,e-rdv.ma
Dr Houssam Bouyarmane,orthopedics,Casablanca,Anfa,71 bd d' Anfa 2°ét.,,,,,,,,,,,Bouyarmane Houssam,e-rdv.ma
Dr Abdelhakim Hafid,orthopedics,Casablanca,El Fida,104 bd El Fida appt.1,,,,,,,,,,,Hafid Abdelhakim,e-rdv.ma
Dr Boumadian Zaidi,orthopedics,Casablanca,Errahma,255 bd Sidi Abderrahman c/o clinique Sara,,,,,,,,,,,Zaidi Boumadian,e-rdv.ma
Dr Reda Kabbaj,orthopedics,Casablanca,,22 bd Yacoub El Mansour - Casablanca espace El Mansour 2°ét.,,,,,,,,,,,Kabbaj Reda,e-rdv.ma
Dr Hamid Elhraichi,orthopedics,Casablanca,Mers Sultan,87 bd Moulay Idriss 1er Quartier mers sultan 1,,,,,,,,,,,Elhraichi Hamid,e-rdv.ma
Dr Abdelaziz Laqbaqbi,orthopedics,Casablanca,,6 rue Abou Kacem Chabi -ex Courteline,,,,,,,,,,,Laqbaqbi Abdelaziz,e-rdv.ma
Dr Moussa Rouaji,orthopedics,Casablanca,,164 bd de Croix derb Kabir,,,,,,,,,,,Rouaji Moussa,e-rdv.ma
Dr Ezaïdi Karim,orthopedics,Casablanca,,1 bd Oued Oum Errabia lotiss. Mly Thami lot n°141 rond-point George 1°ét.,,,,,,,,,,,Karim Ezaïdi,e-rdv.ma
Dr Ali El Kohen,orthopedics,Casablanca,,378 bd Mohamed Zerktouni 1°ét. Hassan,,,,,,,,,,,El Kohen Ali,e-rdv.ma
Dr Faissal Maghfour,orthopedics,Casablanca,Sidi Bernoussi,hay Tarik (Sidi Bernoussi I) rue 40 n°5,,,,,,,,,,,Maghfour Faissal,e-rdv.ma
Dr Abdelmajid Samlal,orthopedics,Casablanca,,95 rue d' Azilal 3°ét. Aïn Sebaâ,,,,,,,,,,,Samlal Abdelmajid,e-rdv.ma
Dr Bouchaib Zryouil,orthopedics,Casablanca,,181 bd Abdelmoumen résid. Yamama n°1 Rdc,,,,,,,,,,,Zryouil Bouchaib,e-rdv.ma
Dr Mohammed Safraoui,orthopedics,Casablanca,,rue Caïd El Achtar - ex Girondins ang. bd Bir Anzarane résid. Ribh imm. A 3°ét. n°10,,,,,,,,,,,Safraoui Mohammed,e-rdv.ma
Dr Nabil Hattoma,orthopedics,Casablanca,Californie,bd El Qods résid. Qods Californie rdc n°8,,,,,,,,,,,Hattoma Nabil,e-rdv.ma
Dr Abdellah Habla,orthopedics,Casablanca,,rue de la Sécurité sociale -ex Jules Grévy polyclinique C.n.s.s,,,,,,,,,,,Habla Abdellah,e-rdv.ma
Dr Jalal Hassoun,orthopedics,Casablanca,,42 rue des Hôpitaux - Casablanca résid. les pleiade rdc B2,,,,,,,,,,,Hassoun Jalal,e-rdv.ma
Dr Karim Menjra,orthopedics,Casablanca,,avenue du Dix Mars (Sidi Othman) clinique Sidi Othmane pl. de la Préfecture,,,,,,,,,,,Menjra Karim,e-rdv.ma
Dr Mohamed Lahlou Amine,orthopedics,Casablanca,,76 bd de la Grande Ceinture (h.Mohammadi) rdc. Alkheir 1°ét.,,,,,,,,,,,Lahlou Amine Mohamed,e-rdv.ma
Dr Mustapha Trafeh,orthopedics,Casablanca,Mers Sultan,18 rue de Bruxelles Quartier mers sultan 1,,,,,,,,,,,Trafeh Mustapha,e-rdv.ma
Dr Mohamed Raghi,orthopedics,Casablanca,,bd Abou Bakr El Kadiri résid. Panorama Imm.1 bur. n°3,,,,,,,,,,,Raghi Mohamed,e-rdv.ma
Dr Abderrahim Serrhini,orthopedics,Casablanca,,110 rue Abou Abdellah Nafii -ex Bourbon. 1°ét.,,,,,,,,,,,Serrhini Abderrahim,e-rdv.ma
Dr Abdelouahad Meziane,orthopedics,Casablanca,,16 rue BenDahan 1°ét. Aïn Chok,,,,,,,,,,,Meziane Abdelouahad,e-rdv.ma
Dr Mohamed Wadif,orthopedics,Casablanca,,398 avenue du Nil - ex E/M 1°ét.,,,,,,,,,,,Wadif Mohamed,e-rdv.ma
Dr Abdennaceur Harfaoui,orthopedics,Casablanca,,22 rue Jalal Eddine Essayouti place des Iris,,,,,,,,,,,Harfaoui Abdennaceur,e-rdv.ma
Dr Jalil Bennouna,orthopedics,Casablanca,,3 rue Abou Marouan Abdelmalek résid. Hicham 1°ét,,,,,,,,,,,Bennouna Jalil,e-rdv.ma
Dr Amine Taoufik,orthopedics,Casablanca,,452 bd Abdelmoumen ang. bd Anoual résid. Abdelmoumen Centre 1°ét. appt 108,,,,,,,,,,,Taoufik Amine,e-rdv.ma
Dr Mokhtar Eddlimi,orthopedics,Casablanca,,bd El Qods résid. Addamane n°34 appt. n°2,,,,,,,,,,,Eddlimi Mokhtar,e-rdv.ma
Dr Mohamed Dkhissi,orthopedics,Casablanca,,bd Abdelmoumen ang. bd Anoual centre Al Mirage 1°ét. n°14,,,,,,,,,,,Dkhissi Mohamed,e-rdv.ma
Dr Danial Fassi Fihri,orthopedics,Casablanca,,202 bd Abdelmoumen galerie Abdelmoumen,,,,,,,,,,,Fassi Fihri Danial,e-rdv.ma
Dr Abdelkrim Largab,orthopedics,Casablanca,Mers Sultan,258 rue Mostapha El Maani bur. B Quartier mers sultan 1,,,,,,,,,,,Largab Abdelkrim,e-rdv.ma
Dr Abderrahim Sinnate,orthopedics,Casablanca,Hay Mohammadi,hay Mohammadi résid. Al Mouahidine rue 4 n°310,,,,,,,,,,,Sinnate Abderrahim,e-rdv.ma
Dr Jallal Hassoun,orthopedics,Casablanca,Errahma,bd Sidi Abderrahman Hay El Hana Farah 1,,,,,,,,,,,Hassoun Jallal,e-rdv.ma
Dr Doraid Benzakour Knidel,orthopedics,Casablanca,,7 rue Mohamed Diouri 1°ét. Aïn Sebaâ,,,,,,,,,,,Benzakour Knidel Doraid,e-rdv.ma
Dr Azzedine Cheikh Lahlou,orthopedics,Casablanca,,54 rue du Yémen ex Jouvencel 3°ét. appt. 11,,,,,,,,,,,Cheikh Lahlou Azzedine,e-rdv.ma
Dr Thami Benzakour,orthopedics,Casablanca,Anfa,158 bd d' Anfa,,,,,,,,,,,Benzakour Thami,e-rdv.ma
Dr Nabil Omari,orthopedics,Casablanca,,20 rue Abou Maachar -ex Casimir Perrier - Casablanca rés. Centre Abou Maachar 1°ét. appt.2 bd Anoual,,,,,,,,,,,Omari Nabil,e-rdv.ma
Dr Abdelaziz Bougrine,orthopedics,Casablanca,,81 rue Abou Al Aala Zahar -ex Vésale résid. Maria,,,,,,,,,,,Bougrine Abdelaziz,e-rdv.ma
Dr Hassan Mechatte,orthopedics,Casablanca,,6 rue Saria Ben Zounaim-ex Louis David clinique du Palmier,,,,,,,,,,,Mechatte Hassan,e-rdv.ma
Dr Aziz Diouri Abdelkader,orthopedics,Casablanca,Mers Sultan,64 rue Omar El Idrissi clinique Mers Sultan Quartier mers sultan 1,,,,,,,,,,,Diouri Abdelkader Aziz,e-rdv.ma
Dr Ali Ouboukhlil,orthopedics,Casablanca,,14 rue Lalande 2°ét.,,,,,,,,,,,Ouboukhlil Ali,e-rdv.ma
Dr Fayçal Bennani Rtel,orthopedics,Casablanca,Mers Sultan,105 avenue du Deux Mars résid. Ayman Quartier mers sultan 1,,,,,,,,,,,Bennani Rtel Fayçal,e-rdv.ma
Dr Noureddine Idrissi Latif,orthopedics,Casablanca,,75 bd Massira El Khadra -ex Camille 1°ét.,,,,,,,,,,,Idrissi Latif Noureddine,e-rdv.ma
Dr Abdelilah Farid,orthopedics,Casablanca,,17 rue Taïr El Firdaous -ex Mouettes Ferme Bretonne,,,,,,,,,,,Farid Abdelilah,e-rdv.ma
